typeCode,freqCode,refPeriodId,refYear,refMonth,period,reporterCode,reporterISO,reporterDesc,flowCode,flowDesc,partnerCode,partnerISO,partnerDesc,partner2Code,partner2ISO,partner2Desc,classificationCode,classificationSearchCode,isOriginalClassification,cmdCode,cmdDesc,aggrLevel,isLeaf,customsCode,customsDesc,mosCode,motCode,motDesc,qtyUnitCode,qtyUnitAbbr,qty,isQtyEstimated,altQtyUnitCode,altQtyUnitAbbr,altQty,isAltQtyEstimated,netWgt,isNetWgtEstimated,grossWgt,isGrossWgtEstimated,cifvalue,fobvalue,primaryValue,legacyEstimationFlag,isReported,isAggregate
"C","A","20180101","2018","52","2018","380","ITA","Italy","X","Export","0","W00","World","0","W00","World","H5","HS","true","2204","Wine of fresh grapes, including fortified wines; grape must other than that of heading no. 2009","4","false","C00","TOTAL CPC","0","0","TOTAL MOT","7","l","1960426284.83","true","-1","N/A","0","false","1970982974.178","true","0","false",,"7364672572.867","7364672572.867","6","false","true",
"C","A","20180101","2018","52","2018","380","ITA","Italy","X","Export","4","AFG","Afghanistan","0","W00","World","H5","HS","true","2204","Wine of fresh grapes, including fortified wines; grape must other than that of heading no. 2009","4","false","C00","TOTAL CPC","0","0","TOTAL MOT","7","l","643","false","7","l","643","false","643","false","0","false",,"5385.15","5385.15","0","false","true",
"C","A","20180101","2018","52","2018","380","ITA","Italy","X","Export","8","ALB","Albania","0","W00","World","H5","HS","true","2204","Wine of fresh grapes, including fortified wines; grape must other than that of heading no. 2009","4","false","C00","TOTAL CPC","0","0","TOTAL MOT","7","l","2536006","true","-1","N/A","0","false","2535507","false","0","false",,"10228394.937","10228394.937","2","false","true",
"C","A","20180101","2018","52","2018","380","ITA","Italy","X","Export","12","DZA","Algeria","0","W00","World","H5","HS","true","2204","Wine of fresh grapes, including fortified wines; grape must other than that of heading no. 2009","4","false","C00","TOTAL CPC","0","0","TOTAL MOT","7","l","238","false","7","l","238","false","238","false","0","false",,"2992.537","2992.537","0","false","true",
"C","A","20180101","2018","52","2018","380","ITA","Italy","X","Export","20","AND","Andorra","0","W00","World","H5","HS","true","2204","Wine of fresh grapes, including fortified wines; grape must other than that of heading no. 2009","4","false","C00","TOTAL CPC","0","0","TOTAL MOT","7","l","1221","false","7","l","1221","false","1221","false","0","false",,"41901.429","41901.429","0","false","true",
"C","A","20180101","2018","52","2018","380","ITA","Italy","X","Export","24","AGO","Angola","0","W00","World","H5","HS","true","2204","Wine of fresh grapes, including fortified wines; grape must other than that of heading no. 2009","4","false","C00","TOTAL CPC","0","0","TOTAL MOT","7","l","613554","true","-1","N/A","0","false","613863","false","0","false",,"1927169.309","1927169.309","2","false","true",
"C","A","20180101","2018","52","2018","380","ITA","Italy","X","Export","28","ATG","Antigua and Barbuda","0","W00","World","H5","HS","true","2204","Wine of fresh grapes, including fortified wines; grape must other than that of heading no. 2009","4","false","C00","TOTAL CPC","0","0","TOTAL MOT","7","l","81752","false","7","l","81752","false","81752","false","0","false",,"475194.632","475194.632","0","false","true",
"C","A","20180101","2018","52","2018","380","ITA","Italy","X","Export","31","AZE","Azerbaijan","0","W00","World","H5","HS","true","2204","Wine of fresh grapes, including fortified wines; grape must other than that of heading no. 2009","4","false","C00","TOTAL CPC","0","0","TOTAL MOT","7","l","31130","false","7","l","31130","false","31142","false","0","false",,"347170.952","347170.952","0","false","true",
"C","A","20180101","2018","52","2018","380","ITA","Italy","X","Export","32","ARG","Argentina","0","W00","World","H5","HS","true","2204","Wine of fresh grapes, including fortified wines; grape must other than that of heading no. 2009","4","false","C00","TOTAL CPC","0","0","TOTAL MOT","7","l","182479","true","-1","N/A","0","false","182953","false","0","false",,"797236.064","797236.064","2","false","true",
"C","A","20180101","2018","52","2018","380","ITA","Italy","X","Export","36","AUS","Australia","0","W00","World","H5","HS","true","2204","Wine of fresh grapes, including fortified wines; grape must other than that of heading no. 2009","4","false","C00","TOTAL CPC","0","0","TOTAL MOT","7","l","13853923","true","-1","N/A","0","false","13871435","false","0","false",,"72923075.746","72923075.746","2","false","true",
"C","A","20180101","2018","52","2018","380","ITA","Italy","X","Export","40","AUT","Austria","0","W00","World","H5","HS","true","2204","Wine of fresh grapes, including fortified wines; grape must other than that of heading no. 2009","4","false","C00","TOTAL CPC","0","0","TOTAL MOT","7","l","39438686.839","true","-1","N/A","0","false","39571290","false","0","false",,"125646595.838","125646595.838","2","false","true",
"C","A","20180101","2018","52","2018","380","ITA","Italy","X","Export","44","BHS","Bahamas","0","W00","World","H5","HS","true","2204","Wine of fresh grapes, including fortified wines; grape must other than that of heading no. 2009","4","false","C00","TOTAL CPC","0","0","TOTAL MOT","7","l","323433","true","-1","N/A","0","false","323441","false","0","false",,"1954794.185","1954794.185","2","false","true",
"C","A","20180101","2018","52","2018","380","ITA","Italy","X","Export","48","BHR","Bahrain","0","W00","World","H5","HS","true","2204","Wine of fresh grapes, including fortified wines; grape must other than that of heading no. 2009","4","false","C00","TOTAL CPC","0","0","TOTAL MOT","7","l","68373","true","-1","N/A","0","false","68381","false","0","false",,"339572.694","339572.694","2","false","true",
"C","A","20180101","2018","52","2018","380","ITA","Italy","X","Export","50","BGD","Bangladesh","0","W00","World","H5","HS","true","2204","Wine of fresh grapes, including fortified wines; grape must other than that of heading no. 2009","4","false","C00","TOTAL CPC","0","0","TOTAL MOT","7","l","18653","false","7","l","18653","false","18653","false","0","false",,"78170.888","78170.888","0","false","true",
"C","A","20180101","2018","52","2018","380","ITA","Italy","X","Export","51","ARM","Armenia","0","W00","World","H5","HS","true","2204","Wine of fresh grapes, including fortified wines; grape must other than that of heading no. 2009","4","false","C00","TOTAL CPC","0","0","TOTAL MOT","7","l","54636","true","-1","N/A","0","false","54653","false","0","false",,"273089.708","273089.708","2","false","true",
"C","A","20180101","2018","52","2018","380","ITA","Italy","X","Export","52","BRB","Barbados","0","W00","World","H5","HS","true","2204","Wine of fresh grapes, including fortified wines; grape must other than that of heading no. 2009","4","false","C00","TOTAL CPC","0","0","TOTAL MOT","7","l","158615","true","-1","N/A","0","false","158615","false","0","false",,"925314.069","925314.069","2","false","true",
"C","A","20180101","2018","52","2018","380","ITA","Italy","X","Export","56","BEL","Belgium","0","W00","World","H5","HS","true","2204","Wine of fresh grapes, including fortified wines; grape must other than that of heading no. 2009","4","false","C00","TOTAL CPC","0","0","TOTAL MOT","7","l","36904728","true","-1","N/A","0","false","38161852","false","0","false",,"157831235.581","157831235.581","2","false","true",
"C","A","20180101","2018","52","2018","380","ITA","Italy","X","Export","60","BMU","Bermuda","0","W00","World","H5","HS","true","2204","Wine of fresh grapes, including fortified wines; grape must other than that of heading no. 2009","4","false","C00","TOTAL CPC","0","0","TOTAL MOT","7","l","268696","true","-1","N/A","0","false","268724","false","0","false",,"2027936.571","2027936.571","2","false","true",
"C","A","20180101","2018","52","2018","380","ITA","Italy","X","Export","64","BTN","Bhutan","0","W00","World","H5","HS","true","2204","Wine of fresh grapes, including fortified wines; grape must other than that of heading no. 2009","4","false","C00","TOTAL CPC","0","0","TOTAL MOT","7","l","7695","false","7","l","7695","false","7695","false","0","false",,"30284.384","30284.384","0","false","true",
"C","A","20180101","2018","52","2018","380","ITA","Italy","X","Export","68","BOL","Bolivia (Plurinational State of)","0","W00","World","H5","HS","true","2204","Wine of fresh grapes, including fortified wines; grape must other than that of heading no. 2009","4","false","C00","TOTAL CPC","0","0","TOTAL MOT","7","l","4887","false","7","l","4887","false","4887","false","0","false",,"25737.711","25737.711","0","false","true",
"C","A","20180101","2018","52","2018","380","ITA","Italy","X","Export","70","BIH","Bosnia Herzegovina","0","W00","World","H5","HS","true","2204","Wine of fresh grapes, including fortified wines; grape must other than that of heading no. 2009","4","false","C00","TOTAL CPC","0","0","TOTAL MOT","7","l","92985","false","7","l","92985","false","92971","false","0","false",,"181158.344","181158.344","0","false","true",
"C","A","20180101","2018","52","2018","380","ITA","Italy","X","Export","72","BWA","Botswana","0","W00","World","H5","HS","true","2204","Wine of fresh grapes, including fortified wines; grape must other than that of heading no. 2009","4","false","C00","TOTAL CPC","0","0","TOTAL MOT","7","l","7786","true","-1","N/A","0","false","7790","false","0","false",,"49636.678","49636.678","2","false","true",
"C","A","20180101","2018","52","2018","380","ITA","Italy","X","Export","76","BRA","Brazil","0","W00","World","H5","HS","true","2204","Wine of fresh grapes, including fortified wines; grape must other than that of heading no. 2009","4","false","C00","TOTAL CPC","0","0","TOTAL MOT","7","l","11659725","true","-1","N/A","0","false","11661114","false","0","false",,"41677700.682","41677700.682","2","false","true",
"C","A","20180101","2018","52","2018","380","ITA","Italy","X","Export","84","BLZ","Belize","0","W00","World","H5","HS","true","2204","Wine of fresh grapes, including fortified wines; grape must other than that of heading no. 2009","4","false","C00","TOTAL CPC","0","0","TOTAL MOT","7","l","25459","true","-1","N/A","0","false","25471","false","0","false",,"177652.091","177652.091","2","false","true",
"C","A","20180101","2018","52","2018","380","ITA","Italy","X","Export","92","VGB","Br. Virgin Isds","0","W00","World","H5","HS","true","2204","Wine of fresh grapes, including fortified wines; grape must other than that of heading no. 2009","4","false","C00","TOTAL CPC","0","0","TOTAL MOT","7","l","46653","false","7","l","46653","false","46653","false","0","false",,"753226.633","753226.633","0","false","true",
"C","A","20180101","2018","52","2018","380","ITA","Italy","X","Export","100","BGR","Bulgaria","0","W00","World","H5","HS","true","2204","Wine of fresh grapes, including fortified wines; grape must other than that of heading no. 2009","4","false","C00","TOTAL CPC","0","0","TOTAL MOT","7","l","2792807","true","-1","N/A","0","false","2805818","false","0","false",,"8275261.174","8275261.174","2","false","true",
"C","A","20180101","2018","52","2018","380","ITA","Italy","X","Export","104","MMR","Myanmar","0","W00","World","H5","HS","true","2204","Wine of fresh grapes, including fortified wines; grape must other than that of heading no. 2009","4","false","C00","TOTAL CPC","0","0","TOTAL MOT","7","l","69781","false","7","l","69781","false","69799","false","0","false",,"248700.646","248700.646","0","false","true",
"C","A","20180101","2018","52","2018","380","ITA","Italy","X","Export","108","BDI","Burundi","0","W00","World","H5","HS","true","2204","Wine of fresh grapes, including fortified wines; grape must other than that of heading no. 2009","4","false","C00","TOTAL CPC","0","0","TOTAL MOT","7","l","9382","false","7","l","9382","false","9382","false","0","false",,"17341.129","17341.129","0","false","true",
"C","A","20180101","2018","52","2018","380","ITA","Italy","X","Export","112","BLR","Belarus","0","W00","World","H5","HS","true","2204","Wine of fresh grapes, including fortified wines; grape must other than that of heading no. 2009","4","false","C00","TOTAL CPC","0","0","TOTAL MOT","7","l","1226227","true","-1","N/A","0","false","1225972","false","0","false",,"3226278.937","3226278.937","2","false","true",
"C","A","20180101","2018","52","2018","380","ITA","Italy","X","Export","116","KHM","Cambodia","0","W00","World","H5","HS","true","2204","Wine of fresh grapes, including fortified wines; grape must other than that of heading no. 2009","4","false","C00","TOTAL CPC","0","0","TOTAL MOT","7","l","203239","true","-1","N/A","0","false","203246","false","0","false",,"938702.544","938702.544","2","false","true",
"C","A","20180101","2018","52","2018","380","ITA","Italy","X","Export","120","CMR","Cameroon","0","W00","World","H5","HS","true","2204","Wine of fresh grapes, including fortified wines; grape must other than that of heading no. 2009","4","false","C00","TOTAL CPC","0","0","TOTAL MOT","7","l","19169","true","-1","N/A","0","false","19177","false","0","false",,"110004.684","110004.684","2","false","true",
"C","A","20180101","2018","52","2018","380","ITA","Italy","X","Export","124","CAN","Canada","0","W00","World","H5","HS","true","2204","Wine of fresh grapes, including fortified wines; grape must other than that of heading no. 2009","4","false","C00","TOTAL CPC","0","0","TOTAL MOT","7","l","76934857","true","-1","N/A","0","false","76940575","false","0","false",,"393704986.042","393704986.042","2","false","true",
"C","A","20180101","2018","52","2018","380","ITA","Italy","X","Export","132","CPV","Cabo Verde","0","W00","World","H5","HS","true","2204","Wine of fresh grapes, including fortified wines; grape must other than that of heading no. 2009","4","false","C00","TOTAL CPC","0","0","TOTAL MOT","7","l","35985","true","-1","N/A","0","false","35981","false","0","false",,"95389.197","95389.197","2","false","true",
"C","A","20180101","2018","52","2018","380","ITA","Italy","X","Export","136","CYM","Cayman Isds","0","W00","World","H5","HS","true","2204","Wine of fresh grapes, including fortified wines; grape must other than that of heading no. 2009","4","false","C00","TOTAL CPC","0","0","TOTAL MOT","7","l","211418","true","-1","N/A","0","false","211345","false","0","false",,"2059958.138","2059958.138","2","false","true",
"C","A","20180101","2018","52","2018","380","ITA","Italy","X","Export","140","CAF","Central African Rep.","0","W00","World","H5","HS","true","2204","Wine of fresh grapes, including fortified wines; grape must other than that of heading no. 2009","4","false","C00","TOTAL CPC","0","0","TOTAL MOT","7","l","420","false","7","l","420","false","433","false","0","false",,"1404.154","1404.154","0","false","true",
"C","A","20180101","2018","52","2018","380","ITA","Italy","X","Export","144","LKA","Sri Lanka","0","W00","World","H5","HS","true","2204","Wine of fresh grapes, including fortified wines; grape must other than that of heading no. 2009","4","false","C00","TOTAL CPC","0","0","TOTAL MOT","7","l","170860","true","-1","N/A","0","false","171006","false","0","false",,"824053.168","824053.168","2","false","true",
"C","A","20180101","2018","52","2018","380","ITA","Italy","X","Export","152","CHL","Chile","0","W00","World","H5","HS","true","2204","Wine of fresh grapes, including fortified wines; grape must other than that of heading no. 2009","4","false","C00","TOTAL CPC","0","0","TOTAL MOT","7","l","567875","true","-1","N/A","0","false","574825","false","0","false",,"2365832.31","2365832.31","2","false","true",
"C","A","20180101","2018","52","2018","380","ITA","Italy","X","Export","156","CHN","China","0","W00","World","H5","HS","true","2204","Wine of fresh grapes, including fortified wines; grape must other than that of heading no. 2009","4","false","C00","TOTAL CPC","0","0","TOTAL MOT","7","l","33186305.284","true","-1","N/A","0","false","33184592","false","0","false",,"149852945.367","149852945.367","2","false","true",
"C","A","20180101","2018","52","2018","380","ITA","Italy","X","Export","170","COL","Colombia","0","W00","World","H5","HS","true","2204","Wine of fresh grapes, including fortified wines; grape must other than that of heading no. 2009","4","false","C00","TOTAL CPC","0","0","TOTAL MOT","7","l","910867","true","-1","N/A","0","false","911334","false","0","false",,"3236202.494","3236202.494","2","false","true",
"C","A","20180101","2018","52","2018","380","ITA","Italy","X","Export","178","COG","Congo","0","W00","World","H5","HS","true","2204","Wine of fresh grapes, including fortified wines; grape must other than that of heading no. 2009","4","false","C00","TOTAL CPC","0","0","TOTAL MOT","7","l","27104","false","7","l","27104","false","27079","false","0","false",,"116114.94","116114.94","0","false","true",
"C","A","20180101","2018","52","2018","380","ITA","Italy","X","Export","180","COD","Dem. Rep. of the Congo","0","W00","World","H5","HS","true","2204","Wine of fresh grapes, including fortified wines; grape must other than that of heading no. 2009","4","false","C00","TOTAL CPC","0","0","TOTAL MOT","7","l","7749","false","7","l","7749","false","7893","false","0","false",,"46918.121","46918.121","0","false","true",
"C","A","20180101","2018","52","2018","380","ITA","Italy","X","Export","188","CRI","Costa Rica","0","W00","World","H5","HS","true","2204","Wine of fresh grapes, including fortified wines; grape must other than that of heading no. 2009","4","false","C00","TOTAL CPC","0","0","TOTAL MOT","7","l","778553","true","-1","N/A","0","false","778681","false","0","false",,"2762485.235","2762485.235","2","false","true",
"C","A","20180101","2018","52","2018","380","ITA","Italy","X","Export","191","HRV","Croatia","0","W00","World","H5","HS","true","2204","Wine of fresh grapes, including fortified wines; grape must other than that of heading no. 2009","4","false","C00","TOTAL CPC","0","0","TOTAL MOT","7","l","1789114","true","-1","N/A","0","false","1809888","false","0","false",,"5292131.217","5292131.217","2","false","true",
"C","A","20180101","2018","52","2018","380","ITA","Italy","X","Export","192","CUB","Cuba","0","W00","World","H5","HS","true","2204","Wine of fresh grapes, including fortified wines; grape must other than that of heading no. 2009","4","false","C00","TOTAL CPC","0","0","TOTAL MOT","7","l","284949","true","-1","N/A","0","false","284949","false","0","false",,"1015197.658","1015197.658","2","false","true",
"C","A","20180101","2018","52","2018","380","ITA","Italy","X","Export","196","CYP","Cyprus","0","W00","World","H5","HS","true","2204","Wine of fresh grapes, including fortified wines; grape must other than that of heading no. 2009","4","false","C00","TOTAL CPC","0","0","TOTAL MOT","7","l","2407717","true","-1","N/A","0","false","2416778","false","0","false",,"7445194.588","7445194.588","2","false","true",
"C","A","20180101","2018","52","2018","380","ITA","Italy","X","Export","203","CZE","Czechia","0","W00","World","H5","HS","true","2204","Wine of fresh grapes, including fortified wines; grape must other than that of heading no. 2009","4","false","C00","TOTAL CPC","0","0","TOTAL MOT","7","l","22874121.935","true","-1","N/A","0","false","22932411","false","0","false",,"57354485.945","57354485.945","2","false","true",
"C","A","20180101","2018","52","2018","380","ITA","Italy","X","Export","204","BEN","Benin","0","W00","World","H5","HS","true","2204","Wine of fresh grapes, including fortified wines; grape must other than that of heading no. 2009","4","false","C00","TOTAL CPC","0","0","TOTAL MOT","7","l","48359","false","7","l","48359","false","48359","false","0","false",,"96008.017","96008.017","0","false","true",
"C","A","20180101","2018","52","2018","380","ITA","Italy","X","Export","208","DNK","Denmark","0","W00","World","H5","HS","true","2204","Wine of fresh grapes, including fortified wines; grape must other than that of heading no. 2009","4","false","C00","TOTAL CPC","0","0","TOTAL MOT","7","l","37521770.984","true","-1","N/A","0","false","38020582.178","true","0","false",,"171548296.177","171548296.177","6","false","true",
"C","A","20180101","2018","52","2018","380","ITA","Italy","X","Export","214","DOM","Dominican Rep.","0","W00","World","H5","HS","true","2204","Wine of fresh grapes, including fortified wines; grape must other than that of heading no. 2009","4","false","C00","TOTAL CPC","0","0","TOTAL MOT","7","l","631746","true","-1","N/A","0","false","631759","false","0","false",,"3477927.244","3477927.244","2","false","true",
"C","A","20180101","2018","52","2018","380","ITA","Italy","X","Export","218","ECU","Ecuador","0","W00","World","H5","HS","true","2204","Wine of fresh grapes, including fortified wines; grape must other than that of heading no. 2009","4","false","C00","TOTAL CPC","0","0","TOTAL MOT","7","l","374056","true","-1","N/A","0","false","374169","false","0","false",,"1154074.306","1154074.306","2","false","true",
"C","A","20180101","2018","52","2018","380","ITA","Italy","X","Export","222","SLV","El Salvador","0","W00","World","H5","HS","true","2204","Wine of fresh grapes, including fortified wines; grape must other than that of heading no. 2009","4","false","C00","TOTAL CPC","0","0","TOTAL MOT","7","l","97229.713","true","-1","N/A","0","false","99099","false","0","false",,"477529.378","477529.378","2","false","true",
"C","A","20180101","2018","52","2018","380","ITA","Italy","X","Export","231","ETH","Ethiopia","0","W00","World","H5","HS","true","2204","Wine of fresh grapes, including fortified wines; grape must other than that of heading no. 2009","4","false","C00","TOTAL CPC","0","0","TOTAL MOT","7","l","24352","true","-1","N/A","0","false","24352","false","0","false",,"190561.099","190561.099","2","false","true",
"C","A","20180101","2018","52","2018","380","ITA","Italy","X","Export","232","ERI","Eritrea","0","W00","World","H5","HS","true","2204","Wine of fresh grapes, including fortified wines; grape must other than that of heading no. 2009","4","false","C00","TOTAL CPC","0","0","TOTAL MOT","7","l","347","false","7","l","347","false","347","false","0","false",,"2843.737","2843.737","0","false","true",
"C","A","20180101","2018","52","2018","380","ITA","Italy","X","Export","233","EST","Estonia","0","W00","World","H5","HS","true","2204","Wine of fresh grapes, including fortified wines; grape must other than that of heading no. 2009","4","false","C00","TOTAL CPC","0","0","TOTAL MOT","7","l","3474783","true","-1","N/A","0","false","3483254","false","0","false",,"17485174.219","17485174.219","2","false","true",
"C","A","20180101","2018","52","2018","380","ITA","Italy","X","Export","242","FJI","Fiji","0","W00","World","H5","HS","true","2204","Wine of fresh grapes, including fortified wines; grape must other than that of heading no. 2009","4","false","C00","TOTAL CPC","0","0","TOTAL MOT","7","l","22542","false","7","l","22542","false","22542","false","0","false",,"117952.505","117952.505","0","false","true",
"C","A","20180101","2018","52","2018","380","ITA","Italy","X","Export","246","FIN","Finland","0","W00","World","H5","HS","true","2204","Wine of fresh grapes, including fortified wines; grape must other than that of heading no. 2009","4","false","C00","TOTAL CPC","0","0","TOTAL MOT","7","l","9535281","true","-1","N/A","0","false","9629584","false","0","false",,"45919463.068","45919463.068","2","false","true",
"C","A","20180101","2018","52","2018","380","ITA","Italy","X","Export","251","FRA","France","0","W00","World","H5","HS","true","2204","Wine of fresh grapes, including fortified wines; grape must other than that of heading no. 2009","4","false","C00","TOTAL CPC","0","0","TOTAL MOT","7","l","83124235.893","true","-1","N/A","0","false","84554938","false","0","false",,"224913669.492","224913669.492","2","false","true",
"C","A","20180101","2018","52","2018","380","ITA","Italy","X","Export","258","PYF","French Polynesia","0","W00","World","H5","HS","true","2204","Wine of fresh grapes, including fortified wines; grape must other than that of heading no. 2009","4","false","C00","TOTAL CPC","0","0","TOTAL MOT","7","l","6603","false","7","l","6603","false","6603","false","0","false",,"49180.829","49180.829","0","false","true",
"C","A","20180101","2018","52","2018","380","ITA","Italy","X","Export","262","DJI","Djibouti","0","W00","World","H5","HS","true","2204","Wine of fresh grapes, including fortified wines; grape must other than that of heading no. 2009","4","false","C00","TOTAL CPC","0","0","TOTAL MOT","7","l","4677","true","-1","N/A","0","false","4677","false","0","false",,"36015.554","36015.554","2","false","true",
"C","A","20180101","2018","52","2018","380","ITA","Italy","X","Export","266","GAB","Gabon","0","W00","World","H5","HS","true","2204","Wine of fresh grapes, including fortified wines; grape must other than that of heading no. 2009","4","false","C00","TOTAL CPC","0","0","TOTAL MOT","7","l","14574","false","7","l","14574","false","14556","false","0","false",,"57310.517","57310.517","0","false","true",
"C","A","20180101","2018","52","2018","380","ITA","Italy","X","Export","268","GEO","Georgia","0","W00","World","H5","HS","true","2204","Wine of fresh grapes, including fortified wines; grape must other than that of heading no. 2009","4","false","C00","TOTAL CPC","0","0","TOTAL MOT","7","l","89858","true","-1","N/A","0","false","91125","false","0","false",,"749667.237","749667.237","2","false","true",
"C","A","20180101","2018","52","2018","380","ITA","Italy","X","Export","270","GMB","Gambia","0","W00","World","H5","HS","true","2204","Wine of fresh grapes, including fortified wines; grape must other than that of heading no. 2009","4","false","C00","TOTAL CPC","0","0","TOTAL MOT","7","l","431","false","7","l","431","false","431","false","0","false",,"2565.032","2565.032","0","false","true",
"C","A","20180101","2018","52","2018","380","ITA","Italy","X","Export","276","DEU","Germany","0","W00","World","H5","HS","true","2204","Wine of fresh grapes, including fortified wines; grape must other than that of heading no. 2009","4","false","C00","TOTAL CPC","0","0","TOTAL MOT","7","l","502057655.501","true","-1","N/A","0","false","504785885","false","0","false",,"1226593760.018","1226593760.018","2","false","true",
"C","A","20180101","2018","52","2018","380","ITA","Italy","X","Export","288","GHA","Ghana","0","W00","World","H5","HS","true","2204","Wine of fresh grapes, including fortified wines; grape must other than that of heading no. 2009","4","false","C00","TOTAL CPC","0","0","TOTAL MOT","7","l","243877","true","-1","N/A","0","false","243893","false","0","false",,"834472.725","834472.725","2","false","true",
"C","A","20180101","2018","52","2018","380","ITA","Italy","X","Export","292","GIB","Gibraltar","0","W00","World","H5","HS","true","2204","Wine of fresh grapes, including fortified wines; grape must other than that of heading no. 2009","4","false","C00","TOTAL CPC","0","0","TOTAL MOT","7","l","28379","false","7","l","28379","false","28379","false","0","false",,"187946.467","187946.467","0","false","true",
"C","A","20180101","2018","52","2018","380","ITA","Italy","X","Export","300","GRC","Greece","0","W00","World","H5","HS","true","2204","Wine of fresh grapes, including fortified wines; grape must other than that of heading no. 2009","4","false","C00","TOTAL CPC","0","0","TOTAL MOT","7","l","12157267.692","true","-1","N/A","0","false","12556040","false","0","false",,"22349423.364","22349423.364","2","false","true",
"C","A","20180101","2018","52","2018","380","ITA","Italy","X","Export","308","GRD","Grenada","0","W00","World","H5","HS","true","2204","Wine of fresh grapes, including fortified wines; grape must other than that of heading no. 2009","4","false","C00","TOTAL CPC","0","0","TOTAL MOT","7","l","40850","true","-1","N/A","0","false","40850","false","0","false",,"161614.736","161614.736","2","false","true",
"C","A","20180101","2018","52","2018","380","ITA","Italy","X","Export","316","GUM","Guam","0","W00","World","H5","HS","true","2204","Wine of fresh grapes, including fortified wines; grape must other than that of heading no. 2009","4","false","C00","TOTAL CPC","0","0","TOTAL MOT","7","l","37158","true","-1","N/A","0","false","37158","false","0","false",,"218443.423","218443.423","2","false","true",
"C","A","20180101","2018","52","2018","380","ITA","Italy","X","Export","320","GTM","Guatemala","0","W00","World","H5","HS","true","2204","Wine of fresh grapes, including fortified wines; grape must other than that of heading no. 2009","4","false","C00","TOTAL CPC","0","0","TOTAL MOT","7","l","189746","true","-1","N/A","0","false","189758","false","0","false",,"1025240.491","1025240.491","2","false","true",
"C","A","20180101","2018","52","2018","380","ITA","Italy","X","Export","324","GIN","Guinea","0","W00","World","H5","HS","true","2204","Wine of fresh grapes, including fortified wines; grape must other than that of heading no. 2009","4","false","C00","TOTAL CPC","0","0","TOTAL MOT","7","l","489","false","7","l","489","false","487","false","0","false",,"3677.491","3677.491","0","false","true",
"C","A","20180101","2018","52","2018","380","ITA","Italy","X","Export","328","GUY","Guyana","0","W00","World","H5","HS","true","2204","Wine of fresh grapes, including fortified wines; grape must other than that of heading no. 2009","4","false","C00","TOTAL CPC","0","0","TOTAL MOT","7","l","12546","true","-1","N/A","0","false","12546","false","0","false",,"67495.064","67495.064","2","false","true",
"C","A","20180101","2018","52","2018","380","ITA","Italy","X","Export","332","HTI","Haiti","0","W00","World","H5","HS","true","2204","Wine of fresh grapes, including fortified wines; grape must other than that of heading no. 2009","4","false","C00","TOTAL CPC","0","0","TOTAL MOT","7","l","16878","false","7","l","16878","false","16878","false","0","false",,"72103.146","72103.146","0","false","true",
"C","A","20180101","2018","52","2018","380","ITA","Italy","X","Export","336","VAT","Holy See (Vatican City State)","0","W00","World","H5","HS","true","2204","Wine of fresh grapes, including fortified wines; grape must other than that of heading no. 2009","4","false","C00","TOTAL CPC","0","0","TOTAL MOT","7","l","71731","true","-1","N/A","0","false","72882","false","0","false",,"372074.91","372074.91","2","false","true",
"C","A","20180101","2018","52","2018","380","ITA","Italy","X","Export","340","HND","Honduras","0","W00","World","H5","HS","true","2204","Wine of fresh grapes, including fortified wines; grape must other than that of heading no. 2009","4","false","C00","TOTAL CPC","0","0","TOTAL MOT","7","l","168668","true","-1","N/A","0","false","168570","false","0","false",,"701484.314","701484.314","2","false","true",
"C","A","20180101","2018","52","2018","380","ITA","Italy","X","Export","344","HKG","China, Hong Kong SAR","0","W00","World","H5","HS","true","2204","Wine of fresh grapes, including fortified wines; grape must other than that of heading no. 2009","4","false","C00","TOTAL CPC","0","0","TOTAL MOT","7","l","2921835.181","true","-1","N/A","0","false","2918821","false","0","false",,"34109624.287","34109624.287","2","false","true",
"C","A","20180101","2018","52","2018","380","ITA","Italy","X","Export","348","HUN","Hungary","0","W00","World","H5","HS","true","2204","Wine of fresh grapes, including fortified wines; grape must other than that of heading no. 2009","4","false","C00","TOTAL CPC","0","0","TOTAL MOT","7","l","2386411","true","-1","N/A","0","false","2410576","false","0","false",,"8957397.918","8957397.918","2","false","true",
"C","A","20180101","2018","52","2018","380","ITA","Italy","X","Export","352","ISL","Iceland","0","W00","World","H5","HS","true","2204","Wine of fresh grapes, including fortified wines; grape must other than that of heading no. 2009","4","false","C00","TOTAL CPC","0","0","TOTAL MOT","7","l","1123853","true","-1","N/A","0","false","1124187","false","0","false",,"5447577.83","5447577.83","2","false","true",
"C","A","20180101","2018","52","2018","380","ITA","Italy","X","Export","360","IDN","Indonesia","0","W00","World","H5","HS","true","2204","Wine of fresh grapes, including fortified wines; grape must other than that of heading no. 2009","4","false","C00","TOTAL CPC","0","0","TOTAL MOT","7","l","513569","true","-1","N/A","0","false","513634","false","0","false",,"3920541.718","3920541.718","2","false","true",
"C","A","20180101","2018","52","2018","380","ITA","Italy","X","Export","368","IRQ","Iraq","0","W00","World","H5","HS","true","2204","Wine of fresh grapes, including fortified wines; grape must other than that of heading no. 2009","4","false","C00","TOTAL CPC","0","0","TOTAL MOT","7","l","103778","false","7","l","103778","false","103739","false","0","false",,"268208.825","268208.825","0","false","true",
"C","A","20180101","2018","52","2018","380","ITA","Italy","X","Export","372","IRL","Ireland","0","W00","World","H5","HS","true","2204","Wine of fresh grapes, including fortified wines; grape must other than that of heading no. 2009","4","false","C00","TOTAL CPC","0","0","TOTAL MOT","7","l","11174985","true","-1","N/A","0","false","11180479","false","0","false",,"41163192.09","41163192.09","2","false","true",
"C","A","20180101","2018","52","2018","380","ITA","Italy","X","Export","376","ISR","Israel","0","W00","World","H5","HS","true","2204","Wine of fresh grapes, including fortified wines; grape must other than that of heading no. 2009","4","false","C00","TOTAL CPC","0","0","TOTAL MOT","7","l","3923632","true","-1","N/A","0","false","3964507","false","0","false",,"9186687.223","9186687.223","2","false","true",
"C","A","20180101","2018","52","2018","380","ITA","Italy","X","Export","384","CIV","Côte d'Ivoire","0","W00","World","H5","HS","true","2204","Wine of fresh grapes, including fortified wines; grape must other than that of heading no. 2009","4","false","C00","TOTAL CPC","0","0","TOTAL MOT","7","l","624142","false","7","l","624142","false","624256","false","0","false",,"622319.063","622319.063","0","false","true",
"C","A","20180101","2018","52","2018","380","ITA","Italy","X","Export","388","JAM","Jamaica","0","W00","World","H5","HS","true","2204","Wine of fresh grapes, including fortified wines; grape must other than that of heading no. 2009","4","false","C00","TOTAL CPC","0","0","TOTAL MOT","7","l","246700","true","-1","N/A","0","false","247901","false","0","false",,"1173825.762","1173825.762","2","false","true",
"C","A","20180101","2018","52","2018","380","ITA","Italy","X","Export","392","JPN","Japan","0","W00","World","H5","HS","true","2204","Wine of fresh grapes, including fortified wines; grape must other than that of heading no. 2009","4","false","C00","TOTAL CPC","0","0","TOTAL MOT","7","l","40711616.503","true","-1","N/A","0","false","40724291","false","0","false",,"190617398.968","190617398.968","2","false","true",
"C","A","20180101","2018","52","2018","380","ITA","Italy","X","Export","398","KAZ","Kazakhstan","0","W00","World","H5","HS","true","2204","Wine of fresh grapes, including fortified wines; grape must other than that of heading no. 2009","4","false","C00","TOTAL CPC","0","0","TOTAL MOT","7","l","777809","true","-1","N/A","0","false","787244","false","0","false",,"3229617.494","3229617.494","2","false","true",
"C","A","20180101","2018","52","2018","380","ITA","Italy","X","Export","400","JOR","Jordan","0","W00","World","H5","HS","true","2204","Wine of fresh grapes, including fortified wines; grape must other than that of heading no. 2009","4","false","C00","TOTAL CPC","0","0","TOTAL MOT","7","l","121818","true","-1","N/A","0","false","121828","false","0","false",,"801545.366","801545.366","2","false","true",
"C","A","20180101","2018","52","2018","380","ITA","Italy","X","Export","404","KEN","Kenya","0","W00","World","H5","HS","true","2204","Wine of fresh grapes, including fortified wines; grape must other than that of heading no. 2009","4","false","C00","TOTAL CPC","0","0","TOTAL MOT","7","l","336422","true","-1","N/A","0","false","336454","false","0","false",,"1104501.4","1104501.4","2","false","true",
"C","A","20180101","2018","52","2018","380","ITA","Italy","X","Export","410","KOR","Rep. of Korea","0","W00","World","H5","HS","true","2204","Wine of fresh grapes, including fortified wines; grape must other than that of heading no. 2009","4","false","C00","TOTAL CPC","0","0","TOTAL MOT","7","l","5696069","true","-1","N/A","0","false","5704112","false","0","false",,"34236808.309","34236808.309","2","false","true",
"C","A","20180101","2018","52","2018","380","ITA","Italy","X","Export","417","KGZ","Kyrgyzstan","0","W00","World","H5","HS","true","2204","Wine of fresh grapes, including fortified wines; grape must other than that of heading no. 2009","4","false","C00","TOTAL CPC","0","0","TOTAL MOT","7","l","21843","true","-1","N/A","0","false","21843","false","0","false",,"66846.72","66846.72","2","false","true",
"C","A","20180101","2018","52","2018","380","ITA","Italy","X","Export","418","LAO","Lao People's Dem. Rep.","0","W00","World","H5","HS","true","2204","Wine of fresh grapes, including fortified wines; grape must other than that of heading no. 2009","4","false","C00","TOTAL CPC","0","0","TOTAL MOT","7","l","55798","false","7","l","55798","false","55798","false","0","false",,"244605.097","244605.097","0","false","true",
"C","A","20180101","2018","52","2018","380","ITA","Italy","X","Export","422","LBN","Lebanon","0","W00","World","H5","HS","true","2204","Wine of fresh grapes, including fortified wines; grape must other than that of heading no. 2009","4","false","C00","TOTAL CPC","0","0","TOTAL MOT","7","l","344735","true","-1","N/A","0","false","344875","false","0","false",,"2570558.953","2570558.953","2","false","true",
"C","A","20180101","2018","52","2018","380","ITA","Italy","X","Export","428","LVA","Latvia","0","W00","World","H5","HS","true","2204","Wine of fresh grapes, including fortified wines; grape must other than that of heading no. 2009","4","false","C00","TOTAL CPC","0","0","TOTAL MOT","7","l","10623932","true","-1","N/A","0","false","10691276","false","0","false",,"40791739.543","40791739.543","2","false","true",
"C","A","20180101","2018","52","2018","380","ITA","Italy","X","Export","434","LBY","Libya","0","W00","World","H5","HS","true","2204","Wine of fresh grapes, including fortified wines; grape must other than that of heading no. 2009","4","false","C00","TOTAL CPC","0","0","TOTAL MOT","7","l","630","false","7","l","630","false","630","false","0","false",,"8206.449","8206.449","0","false","true",
"C","A","20180101","2018","52","2018","380","ITA","Italy","X","Export","440","LTU","Lithuania","0","W00","World","H5","HS","true","2204","Wine of fresh grapes, including fortified wines; grape must other than that of heading no. 2009","4","false","C00","TOTAL CPC","0","0","TOTAL MOT","7","l","12618515","true","-1","N/A","0","false","12698692","false","0","false",,"25938829.123","25938829.123","2","false","true",
"C","A","20180101","2018","52","2018","380","ITA","Italy","X","Export","442","LUX","Luxembourg","0","W00","World","H5","HS","true","2204","Wine of fresh grapes, including fortified wines; grape must other than that of heading no. 2009","4","false","C00","TOTAL CPC","0","0","TOTAL MOT","7","l","3208552","true","-1","N/A","0","false","3283815","false","0","false",,"14566266.903","14566266.903","2","false","true",
"C","A","20180101","2018","52","2018","380","ITA","Italy","X","Export","446","MAC","China, Macao SAR","0","W00","World","H5","HS","true","2204","Wine of fresh grapes, including fortified wines; grape must other than that of heading no. 2009","4","false","C00","TOTAL CPC","0","0","TOTAL MOT","7","l","12030","true","-1","N/A","0","false","12030","false","0","false",,"108600.53","108600.53","2","false","true",
"C","A","20180101","2018","52","2018","380","ITA","Italy","X","Export","450","MDG","Madagascar","0","W00","World","H5","HS","true","2204","Wine of fresh grapes, including fortified wines; grape must other than that of heading no. 2009","4","false","C00","TOTAL CPC","0","0","TOTAL MOT","7","l","7338","true","-1","N/A","0","false","7338","false","0","false",,"36226.945","36226.945","2","false","true",
"C","A","20180101","2018","52","2018","380","ITA","Italy","X","Export","458","MYS","Malaysia","0","W00","World","H5","HS","true","2204","Wine of fresh grapes, including fortified wines; grape must other than that of heading no. 2009","4","false","C00","TOTAL CPC","0","0","TOTAL MOT","7","l","523120","true","-1","N/A","0","false","523361","false","0","false",,"4150655.329","4150655.329","2","false","true",
"C","A","20180101","2018","52","2018","380","ITA","Italy","X","Export","462","MDV","Maldives","0","W00","World","H5","HS","true","2204","Wine of fresh grapes, including fortified wines; grape must other than that of heading no. 2009","4","false","C00","TOTAL CPC","0","0","TOTAL MOT","7","l","310759","true","-1","N/A","0","false","310759","false","0","false",,"1581633.978","1581633.978","2","false","true",
"C","A","20180101","2018","52","2018","380","ITA","Italy","X","Export","470","MLT","Malta","0","W00","World","H5","HS","true","2204","Wine of fresh grapes, including fortified wines; grape must other than that of heading no. 2009","4","false","C00","TOTAL CPC","0","0","TOTAL MOT","7","l","4474740","true","-1","N/A","0","false","4529401","false","0","false",,"15558395.806","15558395.806","2","false","true",
"C","A","20180101","2018","52","2018","380","ITA","Italy","X","Export","480","MUS","Mauritius","0","W00","World","H5","HS","true","2204","Wine of fresh grapes, including fortified wines; grape must other than that of heading no. 2009","4","false","C00","TOTAL CPC","0","0","TOTAL MOT","7","l","84887","true","-1","N/A","0","false","84889","false","0","false",,"650558.035","650558.035","2","false","true",
"C","A","20180101","2018","52","2018","380","ITA","Italy","X","Export","484","MEX","Mexico","0","W00","World","H5","HS","true","2204","Wine of fresh grapes, including fortified wines; grape must other than that of heading no. 2009","4","false","C00","TOTAL CPC","0","0","TOTAL MOT","7","l","13790100","true","-1","N/A","0","false","13802450","false","0","false",,"42272560.202","42272560.202","2","false","true",
"C","A","20180101","2018","52","2018","380","ITA","Italy","X","Export","490","S19","Other Asia, nes","0","W00","World","H5","HS","true","2204","Wine of fresh grapes, including fortified wines; grape must other than that of heading no. 2009","4","false","C00","TOTAL CPC","0","0","TOTAL MOT","7","l","1907881","true","-1","N/A","0","false","1907905","false","0","false",,"14810527.162","14810527.162","2","false","true",
"C","A","20180101","2018","52","2018","380","ITA","Italy","X","Export","496","MNG","Mongolia","0","W00","World","H5","HS","true","2204","Wine of fresh grapes, including fortified wines; grape must other than that of heading no. 2009","4","false","C00","TOTAL CPC","0","0","TOTAL MOT","7","l","172868","true","-1","N/A","0","false","172869","false","0","false",,"641654.823","641654.823","2","false","true",
"C","A","20180101","2018","52","2018","380","ITA","Italy","X","Export","498","MDA","Rep. of Moldova","0","W00","World","H5","HS","true","2204","Wine of fresh grapes, including fortified wines; grape must other than that of heading no. 2009","4","false","C00","TOTAL CPC","0","0","TOTAL MOT","7","l","71974","true","-1","N/A","0","false","72494","false","0","false",,"355117.592","355117.592","2","false","true",
"C","A","20180101","2018","52","2018","380","ITA","Italy","X","Export","499","MNE","Montenegro","0","W00","World","H5","HS","true","2204","Wine of fresh grapes, including fortified wines; grape must other than that of heading no. 2009","4","false","C00","TOTAL CPC","0","0","TOTAL MOT","7","l","129013","true","-1","N/A","0","false","128962","false","0","false",,"1129981.663","1129981.663","2","false","true",
"C","A","20180101","2018","52","2018","380","ITA","Italy","X","Export","504","MAR","Morocco","0","W00","World","H5","HS","true","2204","Wine of fresh grapes, including fortified wines; grape must other than that of heading no. 2009","4","false","C00","TOTAL CPC","0","0","TOTAL MOT","7","l","59707","false","7","l","59707","false","59652","false","0","false",,"361082.59","361082.59","0","false","true",
"C","A","20180101","2018","52","2018","380","ITA","Italy","X","Export","508","MOZ","Mozambique","0","W00","World","H5","HS","true","2204","Wine of fresh grapes, including fortified wines; grape must other than that of heading no. 2009","4","false","C00","TOTAL CPC","0","0","TOTAL MOT","7","l","55623","false","7","l","55623","false","55623","false","0","false",,"177604.853","177604.853","0","false","true",
"C","A","20180101","2018","52","2018","380","ITA","Italy","X","Export","512","OMN","Oman","0","W00","World","H5","HS","true","2204","Wine of fresh grapes, including fortified wines; grape must other than that of heading no. 2009","4","false","C00","TOTAL CPC","0","0","TOTAL MOT","7","l","26994","true","-1","N/A","0","false","26994","false","0","false",,"35266.829","35266.829","2","false","true",
"C","A","20180101","2018","52","2018","380","ITA","Italy","X","Export","524","NPL","Nepal","0","W00","World","H5","HS","true","2204","Wine of fresh grapes, including fortified wines; grape must other than that of heading no. 2009","4","false","C00","TOTAL CPC","0","0","TOTAL MOT","7","l","31758","false","7","l","31758","false","31759","false","0","false",,"159887","159887","0","false","true",
"C","A","20180101","2018","52","2018","380","ITA","Italy","X","Export","528","NLD","Netherlands","0","W00","World","H5","HS","true","2204","Wine of fresh grapes, including fortified wines; grape must other than that of heading no. 2009","4","false","C00","TOTAL CPC","0","0","TOTAL MOT","7","l","43717151.841","true","-1","N/A","0","false","44082216","false","0","false",,"181311818.02","181311818.02","2","false","true",
"C","A","20180101","2018","52","2018","380","ITA","Italy","X","Export","531","CUW","Curaçao","0","W00","World","H5","HS","true","2204","Wine of fresh grapes, including fortified wines; grape must other than that of heading no. 2009","4","false","C00","TOTAL CPC","0","0","TOTAL MOT","7","l","152257","true","-1","N/A","0","false","152257","false","0","false",,"1392569.147","1392569.147","2","false","true",
"C","A","20180101","2018","52","2018","380","ITA","Italy","X","Export","533","ABW","Aruba","0","W00","World","H5","HS","true","2204","Wine of fresh grapes, including fortified wines; grape must other than that of heading no. 2009","4","false","C00","TOTAL CPC","0","0","TOTAL MOT","7","l","202449","true","-1","N/A","0","false","202461","false","0","false",,"1277205.294","1277205.294","2","false","true",
"C","A","20180101","2018","52","2018","380","ITA","Italy","X","Export","534","SXM","Sint Maarten","0","W00","World","H5","HS","true","2204","Wine of fresh grapes, including fortified wines; grape must other than that of heading no. 2009","4","false","C00","TOTAL CPC","0","0","TOTAL MOT","7","l","111054","true","-1","N/A","0","false","111038","false","0","false",,"862736.497","862736.497","2","false","true",
"C","A","20180101","2018","52","2018","380","ITA","Italy","X","Export","535","BES","Bonaire","0","W00","World","H5","HS","true","2204","Wine of fresh grapes, including fortified wines; grape must other than that of heading no. 2009","4","false","C00","TOTAL CPC","0","0","TOTAL MOT","7","l","59483","false","7","l","59483","false","59445","false","0","false",,"272972.793","272972.793","0","false","true",
"C","A","20180101","2018","52","2018","380","ITA","Italy","X","Export","540","NCL","New Caledonia","0","W00","World","H5","HS","true","2204","Wine of fresh grapes, including fortified wines; grape must other than that of heading no. 2009","4","false","C00","TOTAL CPC","0","0","TOTAL MOT","7","l","20149","true","-1","N/A","0","false","20149","false","0","false",,"149685.92","149685.92","2","false","true",
"C","A","20180101","2018","52","2018","380","ITA","Italy","X","Export","548","VUT","Vanuatu","0","W00","World","H5","HS","true","2204","Wine of fresh grapes, including fortified wines; grape must other than that of heading no. 2009","4","false","C00","TOTAL CPC","0","0","TOTAL MOT","7","l","756","false","7","l","756","false","756","false","0","false",,"5968.542","5968.542","0","false","true",
"C","A","20180101","2018","52","2018","380","ITA","Italy","X","Export","554","NZL","New Zealand","0","W00","World","H5","HS","true","2204","Wine of fresh grapes, including fortified wines; grape must other than that of heading no. 2009","4","false","C00","TOTAL CPC","0","0","TOTAL MOT","7","l","1628664","true","-1","N/A","0","false","1631206","false","0","false",,"7770210.843","7770210.843","2","false","true",
"C","A","20180101","2018","52","2018","380","ITA","Italy","X","Export","558","NIC","Nicaragua","0","W00","World","H5","HS","true","2204","Wine of fresh grapes, including fortified wines; grape must other than that of heading no. 2009","4","false","C00","TOTAL CPC","0","0","TOTAL MOT","7","l","75051","true","-1","N/A","0","false","75048","false","0","false",,"220419.159","220419.159","2","false","true",
"C","A","20180101","2018","52","2018","380","ITA","Italy","X","Export","566","NGA","Nigeria","0","W00","World","H5","HS","true","2204","Wine of fresh grapes, including fortified wines; grape must other than that of heading no. 2009","4","false","C00","TOTAL CPC","0","0","TOTAL MOT","7","l","1491414","true","-1","N/A","0","false","1491438","false","0","false",,"3646519.056","3646519.056","2","false","true",
"C","A","20180101","2018","52","2018","380","ITA","Italy","X","Export","568","E19","Other Europe, nes","0","W00","World","H5","HS","true","2204","Wine of fresh grapes, including fortified wines; grape must other than that of heading no. 2009","4","false","C00","TOTAL CPC","0","0","TOTAL MOT","7","l","34504","true","-1","N/A","0","false","24986","false","0","false",,"197762.557","197762.557","2","false","true",
"C","A","20180101","2018","52","2018","380","ITA","Italy","X","Export","579","NOR","Norway","0","W00","World","H5","HS","true","2204","Wine of fresh grapes, including fortified wines; grape must other than that of heading no. 2009","4","false","C00","TOTAL CPC","0","0","TOTAL MOT","7","l","22750284","true","-1","N/A","0","false","22752228","false","0","false",,"110746934.992","110746934.992","2","false","true",
"C","A","20180101","2018","52","2018","380","ITA","Italy","X","Export","585","PLW","Palau","0","W00","World","H5","HS","true","2204","Wine of fresh grapes, including fortified wines; grape must other than that of heading no. 2009","4","false","C00","TOTAL CPC","0","0","TOTAL MOT","7","l","23","false","7","l","23","false","23","false","0","false",,"3911.32","3911.32","0","false","true",
"C","A","20180101","2018","52","2018","380","ITA","Italy","X","Export","586","PAK","Pakistan","0","W00","World","H5","HS","true","2204","Wine of fresh grapes, including fortified wines; grape must other than that of heading no. 2009","4","false","C00","TOTAL CPC","0","0","TOTAL MOT","7","l","17775","false","7","l","17775","false","17775","false","0","false",,"306716.192","306716.192","0","false","true",
"C","A","20180101","2018","52","2018","380","ITA","Italy","X","Export","591","PAN","Panama","0","W00","World","H5","HS","true","2204","Wine of fresh grapes, including fortified wines; grape must other than that of heading no. 2009","4","false","C00","TOTAL CPC","0","0","TOTAL MOT","7","l","531186","true","-1","N/A","0","false","531336","false","0","false",,"2304101.483","2304101.483","2","false","true",
"C","A","20180101","2018","52","2018","380","ITA","Italy","X","Export","598","PNG","Papua New Guinea","0","W00","World","H5","HS","true","2204","Wine of fresh grapes, including fortified wines; grape must other than that of heading no. 2009","4","false","C00","TOTAL CPC","0","0","TOTAL MOT","7","l","180","false","7","l","180","false","180","false","0","false",,"2338.289","2338.289","0","false","true",
"C","A","20180101","2018","52","2018","380","ITA","Italy","X","Export","600","PRY","Paraguay","0","W00","World","H5","HS","true","2204","Wine of fresh grapes, including fortified wines; grape must other than that of heading no. 2009","4","false","C00","TOTAL CPC","0","0","TOTAL MOT","7","l","407769","true","-1","N/A","0","false","408266","false","0","false",,"2655292.402","2655292.402","2","false","true",
"C","A","20180101","2018","52","2018","380","ITA","Italy","X","Export","604","PER","Peru","0","W00","World","H5","HS","true","2204","Wine of fresh grapes, including fortified wines; grape must other than that of heading no. 2009","4","false","C00","TOTAL CPC","0","0","TOTAL MOT","7","l","824594.643","true","-1","N/A","0","false","837145","false","0","false",,"4398361.611","4398361.611","2","false","true",
"C","A","20180101","2018","52","2018","380","ITA","Italy","X","Export","608","PHL","Philippines","0","W00","World","H5","HS","true","2204","Wine of fresh grapes, including fortified wines; grape must other than that of heading no. 2009","4","false","C00","TOTAL CPC","0","0","TOTAL MOT","7","l","751810","true","-1","N/A","0","false","752191","false","0","false",,"2950289.988","2950289.988","2","false","true",
"C","A","20180101","2018","52","2018","380","ITA","Italy","X","Export","616","POL","Poland","0","W00","World","H5","HS","true","2204","Wine of fresh grapes, including fortified wines; grape must other than that of heading no. 2009","4","false","C00","TOTAL CPC","0","0","TOTAL MOT","7","l","21571172","true","-1","N/A","0","false","21980975","false","0","false",,"76263544.669","76263544.669","2","false","true",
"C","A","20180101","2018","52","2018","380","ITA","Italy","X","Export","620","PRT","Portugal","0","W00","World","H5","HS","true","2204","Wine of fresh grapes, including fortified wines; grape must other than that of heading no. 2009","4","false","C00","TOTAL CPC","0","0","TOTAL MOT","7","l","6199277","true","-1","N/A","0","false","6226108","false","0","false",,"14561840.688","14561840.688","2","false","true",
"C","A","20180101","2018","52","2018","380","ITA","Italy","X","Export","634","QAT","Qatar","0","W00","World","H5","HS","true","2204","Wine of fresh grapes, including fortified wines; grape must other than that of heading no. 2009","4","false","C00","TOTAL CPC","0","0","TOTAL MOT","7","l","199040","false","7","l","199040","false","199086","false","0","false",,"671754.978","671754.978","0","false","true",
"C","A","20180101","2018","52","2018","380","ITA","Italy","X","Export","642","ROU","Romania","0","W00","World","H5","HS","true","2204","Wine of fresh grapes, including fortified wines; grape must other than that of heading no. 2009","4","false","C00","TOTAL CPC","0","0","TOTAL MOT","7","l","4490489","true","-1","N/A","0","false","4550132","false","0","false",,"17281976.912","17281976.912","2","false","true",
"C","A","20180101","2018","52","2018","380","ITA","Italy","X","Export","643","RUS","Russian Federation","0","W00","World","H5","HS","true","2204","Wine of fresh grapes, including fortified wines; grape must other than that of heading no. 2009","4","false","C00","TOTAL CPC","0","0","TOTAL MOT","7","l","41779684","true","-1","N/A","0","false","41857347","false","0","false",,"127631122.902","127631122.902","2","false","true",
"C","A","20180101","2018","52","2018","380","ITA","Italy","X","Export","646","RWA","Rwanda","0","W00","World","H5","HS","true","2204","Wine of fresh grapes, including fortified wines; grape must other than that of heading no. 2009","4","false","C00","TOTAL CPC","0","0","TOTAL MOT","7","l","15924","true","-1","N/A","0","false","15924","false","0","false",,"39968.207","39968.207","2","false","true",
"C","A","20180101","2018","52","2018","380","ITA","Italy","X","Export","652","BLM","Saint Barthélemy","0","W00","World","H5","HS","true","2204","Wine of fresh grapes, including fortified wines; grape must other than that of heading no. 2009","4","false","C00","TOTAL CPC","0","0","TOTAL MOT","7","l","1007","false","7","l","1007","false","1007","false","0","false",,"25195.654","25195.654","0","false","true",
"C","A","20180101","2018","52","2018","380","ITA","Italy","X","Export","659","KNA","Saint Kitts and Nevis","0","W00","World","H5","HS","true","2204","Wine of fresh grapes, including fortified wines; grape must other than that of heading no. 2009","4","false","C00","TOTAL CPC","0","0","TOTAL MOT","7","l","8699","true","-1","N/A","0","false","8699","false","0","false",,"58293.07","58293.07","2","false","true",
"C","A","20180101","2018","52","2018","380","ITA","Italy","X","Export","660","AIA","Anguilla","0","W00","World","H5","HS","true","2204","Wine of fresh grapes, including fortified wines; grape must other than that of heading no. 2009","4","false","C00","TOTAL CPC","0","0","TOTAL MOT","7","l","2251","false","7","l","2251","false","2251","false","0","false",,"31433.453","31433.453","0","false","true",
"C","A","20180101","2018","52","2018","380","ITA","Italy","X","Export","662","LCA","Saint Lucia","0","W00","World","H5","HS","true","2204","Wine of fresh grapes, including fortified wines; grape must other than that of heading no. 2009","4","false","C00","TOTAL CPC","0","0","TOTAL MOT","7","l","54972","true","-1","N/A","0","false","54952","false","0","false",,"388967.276","388967.276","2","false","true",
"C","A","20180101","2018","52","2018","380","ITA","Italy","X","Export","670","VCT","Saint Vincent and the Grenadines","0","W00","World","H5","HS","true","2204","Wine of fresh grapes, including fortified wines; grape must other than that of heading no. 2009","4","false","C00","TOTAL CPC","0","0","TOTAL MOT","7","l","10097","true","-1","N/A","0","false","10097","false","0","false",,"90404.391","90404.391","2","false","true",
"C","A","20180101","2018","52","2018","380","ITA","Italy","X","Export","678","STP","Sao Tome and Principe","0","W00","World","H5","HS","true","2204","Wine of fresh grapes, including fortified wines; grape must other than that of heading no. 2009","4","false","C00","TOTAL CPC","0","0","TOTAL MOT","7","l","7200","false","7","l","7200","false","7200","false","0","false",,"32622.673","32622.673","0","false","true",
"C","A","20180101","2018","52","2018","380","ITA","Italy","X","Export","682","SAU","Saudi Arabia","0","W00","World","H5","HS","true","2204","Wine of fresh grapes, including fortified wines; grape must other than that of heading no. 2009","4","false","C00","TOTAL CPC","0","0","TOTAL MOT","7","l","1782","false","7","l","1782","false","1750","false","0","false",,"16179.07","16179.07","0","false","true",
"C","A","20180101","2018","52","2018","380","ITA","Italy","X","Export","686","SEN","Senegal","0","W00","World","H5","HS","true","2204","Wine of fresh grapes, including fortified wines; grape must other than that of heading no. 2009","4","false","C00","TOTAL CPC","0","0","TOTAL MOT","7","l","23600","true","-1","N/A","0","false","23622","false","0","false",,"80172.605","80172.605","2","false","true",
"C","A","20180101","2018","52","2018","380","ITA","Italy","X","Export","688","SRB","Serbia","0","W00","World","H5","HS","true","2204","Wine of fresh grapes, including fortified wines; grape must other than that of heading no. 2009","4","false","C00","TOTAL CPC","0","0","TOTAL MOT","7","l","801029","true","-1","N/A","0","false","800974","false","0","false",,"3834393.485","3834393.485","2","false","true",
"C","A","20180101","2018","52","2018","380","ITA","Italy","X","Export","690","SYC","Seychelles","0","W00","World","H5","HS","true","2204","Wine of fresh grapes, including fortified wines; grape must other than that of heading no. 2009","4","false","C00","TOTAL CPC","0","0","TOTAL MOT","7","l","95772","false","7","l","95772","false","95899","false","0","false",,"497189.901","497189.901","0","false","true",
"C","A","20180101","2018","52","2018","380","ITA","Italy","X","Export","694","SLE","Sierra Leone","0","W00","World","H5","HS","true","2204","Wine of fresh grapes, including fortified wines; grape must other than that of heading no. 2009","4","false","C00","TOTAL CPC","0","0","TOTAL MOT","7","l","8498","true","-1","N/A","0","false","8584","false","0","false",,"39004.549","39004.549","2","false","true",
"C","A","20180101","2018","52","2018","380","ITA","Italy","X","Export","699","IND","India","0","W00","World","H5","HS","true","2204","Wine of fresh grapes, including fortified wines; grape must other than that of heading no. 2009","4","false","C00","TOTAL CPC","0","0","TOTAL MOT","7","l","511094","true","-1","N/A","0","false","511255","false","0","false",,"2754258.709","2754258.709","2","false","true",
"C","A","20180101","2018","52","2018","380","ITA","Italy","X","Export","702","SGP","Singapore","0","W00","World","H5","HS","true","2204","Wine of fresh grapes, including fortified wines; grape must other than that of heading no. 2009","4","false","C00","TOTAL CPC","0","0","TOTAL MOT","7","l","2083537","true","-1","N/A","0","false","2086179","false","0","false",,"19433492.052","19433492.052","2","false","true",
"C","A","20180101","2018","52","2018","380","ITA","Italy","X","Export","703","SVK","Slovakia","0","W00","World","H5","HS","true","2204","Wine of fresh grapes, including fortified wines; grape must other than that of heading no. 2009","4","false","C00","TOTAL CPC","0","0","TOTAL MOT","7","l","5995843","true","-1","N/A","0","false","5990404","false","0","false",,"16592199.395","16592199.395","2","false","true",
"C","A","20180101","2018","52","2018","380","ITA","Italy","X","Export","704","VNM","Viet Nam","0","W00","World","H5","HS","true","2204","Wine of fresh grapes, including fortified wines; grape must other than that of heading no. 2009","4","false","C00","TOTAL CPC","0","0","TOTAL MOT","7","l","2399944","true","-1","N/A","0","false","2398179","false","0","false",,"13557710.93","13557710.93","2","false","true",
"C","A","20180101","2018","52","2018","380","ITA","Italy","X","Export","705","SVN","Slovenia","0","W00","World","H5","HS","true","2204","Wine of fresh grapes, including fortified wines; grape must other than that of heading no. 2009","4","false","C00","TOTAL CPC","0","0","TOTAL MOT","7","l","2309390","true","-1","N/A","0","false","2305278","false","0","false",,"5395011.206","5395011.206","2","false","true",
"C","A","20180101","2018","52","2018","380","ITA","Italy","X","Export","706","SOM","Somalia","0","W00","World","H5","HS","true","2204","Wine of fresh grapes, including fortified wines; grape must other than that of heading no. 2009","4","false","C00","TOTAL CPC","0","0","TOTAL MOT","7","l","446","true","-1","N/A","0","false","446","false","0","false",,"2368.994","2368.994","2","false","true",
"C","A","20180101","2018","52","2018","380","ITA","Italy","X","Export","710","ZAF","South Africa","0","W00","World","H5","HS","true","2204","Wine of fresh grapes, including fortified wines; grape must other than that of heading no. 2009","4","false","C00","TOTAL CPC","0","0","TOTAL MOT","7","l","809170","true","-1","N/A","0","false","809161","false","0","false",,"4302278.013","4302278.013","2","false","true",
"C","A","20180101","2018","52","2018","380","ITA","Italy","X","Export","716","ZWE","Zimbabwe","0","W00","World","H5","HS","true","2204","Wine of fresh grapes, including fortified wines; grape must other than that of heading no. 2009","4","false","C00","TOTAL CPC","0","0","TOTAL MOT","7","l","13865","false","7","l","13865","false","13865","false","0","false",,"51437.632","51437.632","0","false","true",
"C","A","20180101","2018","52","2018","380","ITA","Italy","X","Export","724","ESP","Spain","0","W00","World","H5","HS","true","2204","Wine of fresh grapes, including fortified wines; grape must other than that of heading no. 2009","4","false","C00","TOTAL CPC","0","0","TOTAL MOT","7","l","21318993","true","-1","N/A","0","false","21377990","false","0","false",,"55618842.575","55618842.575","2","false","true",
"C","A","20180101","2018","52","2018","380","ITA","Italy","X","Export","729","SDN","Sudan","0","W00","World","H5","HS","true","2204","Wine of fresh grapes, including fortified wines; grape must other than that of heading no. 2009","4","false","C00","TOTAL CPC","0","0","TOTAL MOT","7","l","250","true","-1","N/A","0","false","250","false","0","false",,"15236.669","15236.669","2","false","true",
"C","A","20180101","2018","52","2018","380","ITA","Italy","X","Export","740","SUR","Suriname","0","W00","World","H5","HS","true","2204","Wine of fresh grapes, including fortified wines; grape must other than that of heading no. 2009","4","false","C00","TOTAL CPC","0","0","TOTAL MOT","7","l","20087","false","7","l","20087","false","20542","false","0","false",,"99093.85","99093.85","0","false","true",
"C","A","20180101","2018","52","2018","380","ITA","Italy","X","Export","752","SWE","Sweden","0","W00","World","H5","HS","true","2204","Wine of fresh grapes, including fortified wines; grape must other than that of heading no. 2009","4","false","C00","TOTAL CPC","0","0","TOTAL MOT","7","l","52283141","true","-1","N/A","0","false","52808829","false","0","false",,"208561364.369","208561364.369","2","false","true",
"C","A","20180101","2018","52","2018","380","ITA","Italy","X","Export","757","CHE","Switzerland","0","W00","World","H5","HS","true","2204","Wine of fresh grapes, including fortified wines; grape must other than that of heading no. 2009","4","false","C00","TOTAL CPC","0","0","TOTAL MOT","7","l","70690762.165","true","-1","N/A","0","false","70631591","false","0","false",,"443833385.699","443833385.699","2","false","true",
"C","A","20180101","2018","52","2018","380","ITA","Italy","X","Export","762","TJK","Tajikistan","0","W00","World","H5","HS","true","2204","Wine of fresh grapes, including fortified wines; grape must other than that of heading no. 2009","4","false","C00","TOTAL CPC","0","0","TOTAL MOT","7","l","149","false","7","l","149","false","149","false","0","false",,"4767.511","4767.511","0","false","true",
"C","A","20180101","2018","52","2018","380","ITA","Italy","X","Export","764","THA","Thailand","0","W00","World","H5","HS","true","2204","Wine of fresh grapes, including fortified wines; grape must other than that of heading no. 2009","4","false","C00","TOTAL CPC","0","0","TOTAL MOT","7","l","1632085","true","-1","N/A","0","false","1633108","false","0","false",,"11929500.126","11929500.126","2","false","true",
"C","A","20180101","2018","52","2018","380","ITA","Italy","X","Export","768","TGO","Togo","0","W00","World","H5","HS","true","2204","Wine of fresh grapes, including fortified wines; grape must other than that of heading no. 2009","4","false","C00","TOTAL CPC","0","0","TOTAL MOT","7","l","54874","true","-1","N/A","0","false","54875","false","0","false",,"83950.477","83950.477","2","false","true",
"C","A","20180101","2018","52","2018","380","ITA","Italy","X","Export","776","TON","Tonga","0","W00","World","H5","HS","true","2204","Wine of fresh grapes, including fortified wines; grape must other than that of heading no. 2009","4","false","C00","TOTAL CPC","0","0","TOTAL MOT","7","l","888","true","-1","N/A","0","false","888","false","0","false",,"1818.669","1818.669","2","false","true",
"C","A","20180101","2018","52","2018","380","ITA","Italy","X","Export","780","TTO","Trinidad and Tobago","0","W00","World","H5","HS","true","2204","Wine of fresh grapes, including fortified wines; grape must other than that of heading no. 2009","4","false","C00","TOTAL CPC","0","0","TOTAL MOT","7","l","153762","true","-1","N/A","0","false","154552","false","0","false",,"829889.443","829889.443","2","false","true",
"C","A","20180101","2018","52","2018","380","ITA","Italy","X","Export","784","ARE","United Arab Emirates","0","W00","World","H5","HS","true","2204","Wine of fresh grapes, including fortified wines; grape must other than that of heading no. 2009","4","false","C00","TOTAL CPC","0","0","TOTAL MOT","7","l","2155722","true","-1","N/A","0","false","2156820","false","0","false",,"14082350.925","14082350.925","2","false","true",
"C","A","20180101","2018","52","2018","380","ITA","Italy","X","Export","788","TUN","Tunisia","0","W00","World","H5","HS","true","2204","Wine of fresh grapes, including fortified wines; grape must other than that of heading no. 2009","4","false","C00","TOTAL CPC","0","0","TOTAL MOT","7","l","140","false","7","l","140","false","140","false","0","false",,"1843.469","1843.469","0","false","true",
"C","A","20180101","2018","52","2018","380","ITA","Italy","X","Export","792","TUR","Türkiye","0","W00","World","H5","HS","true","2204","Wine of fresh grapes, including fortified wines; grape must other than that of heading no. 2009","4","false","C00","TOTAL CPC","0","0","TOTAL MOT","7","l","1177878","true","-1","N/A","0","false","1178321","false","0","false",,"3846849.007","3846849.007","2","false","true",
"C","A","20180101","2018","52","2018","380","ITA","Italy","X","Export","796","TCA","Turks and Caicos Isds","0","W00","World","H5","HS","true","2204","Wine of fresh grapes, including fortified wines; grape must other than that of heading no. 2009","4","false","C00","TOTAL CPC","0","0","TOTAL MOT","7","l","75246","true","-1","N/A","0","false","75247","false","0","false",,"589702.294","589702.294","2","false","true",
"C","A","20180101","2018","52","2018","380","ITA","Italy","X","Export","800","UGA","Uganda","0","W00","World","H5","HS","true","2204","Wine of fresh grapes, including fortified wines; grape must other than that of heading no. 2009","4","false","C00","TOTAL CPC","0","0","TOTAL MOT","7","l","89000","true","-1","N/A","0","false","88998","false","0","false",,"257490.486","257490.486","2","false","true",
"C","A","20180101","2018","52","2018","380","ITA","Italy","X","Export","804","UKR","Ukraine","0","W00","World","H5","HS","true","2204","Wine of fresh grapes, including fortified wines; grape must other than that of heading no. 2009","4","false","C00","TOTAL CPC","0","0","TOTAL MOT","7","l","7782727","true","-1","N/A","0","false","7802128","false","0","false",,"27868721.712","27868721.712","2","false","true",
"C","A","20180101","2018","52","2018","380","ITA","Italy","X","Export","807","MKD","North Macedonia","0","W00","World","H5","HS","true","2204","Wine of fresh grapes, including fortified wines; grape must other than that of heading no. 2009","4","false","C00","TOTAL CPC","0","0","TOTAL MOT","7","l","38819","true","-1","N/A","0","false","38789","false","0","false",,"189649.403","189649.403","2","false","true",
"C","A","20180101","2018","52","2018","380","ITA","Italy","X","Export","818","EGY","Egypt","0","W00","World","H5","HS","true","2204","Wine of fresh grapes, including fortified wines; grape must other than that of heading no. 2009","4","false","C00","TOTAL CPC","0","0","TOTAL MOT","7","l","31267","true","-1","N/A","0","false","31294","false","0","false",,"189146.316","189146.316","2","false","true",
"C","A","20180101","2018","52","2018","380","ITA","Italy","X","Export","826","GBR","United Kingdom","0","W00","World","H5","HS","true","2204","Wine of fresh grapes, including fortified wines; grape must other than that of heading no. 2009","4","false","C00","TOTAL CPC","0","0","TOTAL MOT","7","l","281577130.38","true","-1","N/A","0","false","282572677","false","0","false",,"958384833.608","958384833.608","2","false","true",
"C","A","20180101","2018","52","2018","380","ITA","Italy","X","Export","834","TZA","United Rep. of Tanzania","0","W00","World","H5","HS","true","2204","Wine of fresh grapes, including fortified wines; grape must other than that of heading no. 2009","4","false","C00","TOTAL CPC","0","0","TOTAL MOT","7","l","48792","false","7","l","48792","false","49154","false","0","false",,"127398.956","127398.956","0","false","true",
"C","A","20180101","2018","52","2018","380","ITA","Italy","X","Export","837","X1 ","Bunkers","0","W00","World","H5","HS","true","2204","Wine of fresh grapes, including fortified wines; grape must other than that of heading no. 2009","4","false","C00","TOTAL CPC","0","0","TOTAL MOT","7","l","276065","true","-1","N/A","0","false","274976","false","0","false",,"3333322.97","3333322.97","2","false","true",
"C","A","20180101","2018","52","2018","380","ITA","Italy","X","Export","839","XX ","Special Categories","0","W00","World","H5","HS","true","2204","Wine of fresh grapes, including fortified wines; grape must other than that of heading no. 2009","4","false","C00","TOTAL CPC","0","0","TOTAL MOT","7","l","1483","false","7","l","1483","false","1448","false","0","false",,"13697.885","13697.885","0","false","true",
"C","A","20180101","2018","52","2018","380","ITA","Italy","X","Export","842","USA","USA","0","W00","World","H5","HS","true","2204","Wine of fresh grapes, including fortified wines; grape must other than that of heading no. 2009","4","false","C00","TOTAL CPC","0","0","TOTAL MOT","7","l","338289870.277","true","-1","N/A","0","false","339288172","false","0","false",,"1727172943.171","1727172943.171","2","false","true",
"C","A","20180101","2018","52","2018","380","ITA","Italy","X","Export","854","BFA","Burkina Faso","0","W00","World","H5","HS","true","2204","Wine of fresh grapes, including fortified wines; grape must other than that of heading no. 2009","4","false","C00","TOTAL CPC","0","0","TOTAL MOT","7","l","16689","true","-1","N/A","0","false","16689","false","0","false",,"64096.278","64096.278","2","false","true",
"C","A","20180101","2018","52","2018","380","ITA","Italy","X","Export","858","URY","Uruguay","0","W00","World","H5","HS","true","2204","Wine of fresh grapes, including fortified wines; grape must other than that of heading no. 2009","4","false","C00","TOTAL CPC","0","0","TOTAL MOT","7","l","75239","true","-1","N/A","0","false","75457","false","0","false",,"532544.121","532544.121","2","false","true",
"C","A","20180101","2018","52","2018","380","ITA","Italy","X","Export","860","UZB","Uzbekistan","0","W00","World","H5","HS","true","2204","Wine of fresh grapes, including fortified wines; grape must other than that of heading no. 2009","4","false","C00","TOTAL CPC","0","0","TOTAL MOT","7","l","11725","true","-1","N/A","0","false","11802","false","0","false",,"1166774.285","1166774.285","2","false","true",
"C","A","20180101","2018","52","2018","380","ITA","Italy","X","Export","862","VEN","Venezuela","0","W00","World","H5","HS","true","2204","Wine of fresh grapes, including fortified wines; grape must other than that of heading no. 2009","4","false","C00","TOTAL CPC","0","0","TOTAL MOT","7","l","98389","true","-1","N/A","0","false","98389","false","0","false",,"407272.063","407272.063","2","false","true",
"C","A","20180101","2018","52","2018","380","ITA","Italy","X","Export","882","WSM","Samoa","0","W00","World","H5","HS","true","2204","Wine of fresh grapes, including fortified wines; grape must other than that of heading no. 2009","4","false","C00","TOTAL CPC","0","0","TOTAL MOT","7","l","23","false","7","l","23","false","23","false","0","false",,"1360.459","1360.459","0","false","true",
"C","A","20180101","2018","52","2018","380","ITA","Italy","X","Export","894","ZMB","Zambia","0","W00","World","H5","HS","true","2204","Wine of fresh grapes, including fortified wines; grape must other than that of heading no. 2009","4","false","C00","TOTAL CPC","0","0","TOTAL MOT","7","l","22130","false","7","l","22130","false","22180","false","0","false",,"85537.679","85537.679","0","false","true",
"C","A","20180101","2018","52","2018","380","ITA","Italy","X","Export","899","_X ","Areas, nes","0","W00","World","H5","HS","true","2204","Wine of fresh grapes, including fortified wines; grape must other than that of heading no. 2009","4","false","C00","TOTAL CPC","0","0","TOTAL MOT","7","l","250638","false","7","l","250638","false","250723","false","0","false",,"3638311.426","3638311.426","0","false","true",
"C","A","20190101","2019","52","2019","380","ITA","Italy","X","Export","0","W00","World","0","W00","World","H5","HS","true","2204","Wine of fresh grapes, including fortified wines; grape must other than that of heading no. 2009","4","false","C00","TOTAL CPC","0","0","TOTAL MOT","7","l","2136175391.588","true","-1","N/A","0","false","2145943344.662","true","0","false",,"7200336026.339","7200336026.339","6","false","true",
"C","A","20190101","2019","52","2019","380","ITA","Italy","X","Export","4","AFG","Afghanistan","0","W00","World","H5","HS","true","2204","Wine of fresh grapes, including fortified wines; grape must other than that of heading no. 2009","4","false","C00","TOTAL CPC","0","0","TOTAL MOT","7","l","618","false","7","l","618","false","618","false","0","false",,"4919.176","4919.176","0","false","true",
"C","A","20190101","2019","52","2019","380","ITA","Italy","X","Export","8","ALB","Albania","0","W00","World","H5","HS","true","2204","Wine of fresh grapes, including fortified wines; grape must other than that of heading no. 2009","4","false","C00","TOTAL CPC","0","0","TOTAL MOT","7","l","2767130","true","-1","N/A","0","false","2767529","false","0","false",,"9849167.032","9849167.032","2","false","true",
"C","A","20190101","2019","52","2019","380","ITA","Italy","X","Export","20","AND","Andorra","0","W00","World","H5","HS","true","2204","Wine of fresh grapes, including fortified wines; grape must other than that of heading no. 2009","4","false","C00","TOTAL CPC","0","0","TOTAL MOT","7","l","1986","false","7","l","1986","false","1986","false","0","false",,"41384.217","41384.217","0","false","true",
"C","A","20190101","2019","52","2019","380","ITA","Italy","X","Export","24","AGO","Angola","0","W00","World","H5","HS","true","2204","Wine of fresh grapes, including fortified wines; grape must other than that of heading no. 2009","4","false","C00","TOTAL CPC","0","0","TOTAL MOT","7","l","351712","true","-1","N/A","0","false","351716","false","0","false",,"1070538.684","1070538.684","2","false","true",
"C","A","20190101","2019","52","2019","380","ITA","Italy","X","Export","28","ATG","Antigua and Barbuda","0","W00","World","H5","HS","true","2204","Wine of fresh grapes, including fortified wines; grape must other than that of heading no. 2009","4","false","C00","TOTAL CPC","0","0","TOTAL MOT","7","l","77754","true","-1","N/A","0","false","77754","false","0","false",,"416029.71","416029.71","2","false","true",
"C","A","20190101","2019","52","2019","380","ITA","Italy","X","Export","31","AZE","Azerbaijan","0","W00","World","H5","HS","true","2204","Wine of fresh grapes, including fortified wines; grape must other than that of heading no. 2009","4","false","C00","TOTAL CPC","0","0","TOTAL MOT","7","l","70784","true","-1","N/A","0","false","70784","false","0","false",,"554651.051","554651.051","2","false","true",
"C","A","20190101","2019","52","2019","380","ITA","Italy","X","Export","32","ARG","Argentina","0","W00","World","H5","HS","true","2204","Wine of fresh grapes, including fortified wines; grape must other than that of heading no. 2009","4","false","C00","TOTAL CPC","0","0","TOTAL MOT","7","l","31524","true","-1","N/A","0","false","31524","false","0","false",,"223289.601","223289.601","2","false","true",
"C","A","20190101","2019","52","2019","380","ITA","Italy","X","Export","36","AUS","Australia","0","W00","World","H5","HS","true","2204","Wine of fresh grapes, including fortified wines; grape must other than that of heading no. 2009","4","false","C00","TOTAL CPC","0","0","TOTAL MOT","7","l","14378707","true","-1","N/A","0","false","14388857","false","0","false",,"71062232.598","71062232.598","2","false","true",
"C","A","20190101","2019","52","2019","380","ITA","Italy","X","Export","40","AUT","Austria","0","W00","World","H5","HS","true","2204","Wine of fresh grapes, including fortified wines; grape must other than that of heading no. 2009","4","false","C00","TOTAL CPC","0","0","TOTAL MOT","7","l","48136578.584","true","-1","N/A","0","false","48328245","false","0","false",,"119664996.932","119664996.932","2","false","true",
"C","A","20190101","2019","52","2019","380","ITA","Italy","X","Export","44","BHS","Bahamas","0","W00","World","H5","HS","true","2204","Wine of fresh grapes, including fortified wines; grape must other than that of heading no. 2009","4","false","C00","TOTAL CPC","0","0","TOTAL MOT","7","l","363265","true","-1","N/A","0","false","363265","false","0","false",,"1877218.561","1877218.561","2","false","true",
"C","A","20190101","2019","52","2019","380","ITA","Italy","X","Export","48","BHR","Bahrain","0","W00","World","H5","HS","true","2204","Wine of fresh grapes, including fortified wines; grape must other than that of heading no. 2009","4","false","C00","TOTAL CPC","0","0","TOTAL MOT","7","l","79694","true","-1","N/A","0","false","79800","false","0","false",,"344476.639","344476.639","2","false","true",
"C","A","20190101","2019","52","2019","380","ITA","Italy","X","Export","50","BGD","Bangladesh","0","W00","World","H5","HS","true","2204","Wine of fresh grapes, including fortified wines; grape must other than that of heading no. 2009","4","false","C00","TOTAL CPC","0","0","TOTAL MOT","7","l","11283","false","7","l","11283","false","11283","false","0","false",,"51822.631","51822.631","0","false","true",
"C","A","20190101","2019","52","2019","380","ITA","Italy","X","Export","51","ARM","Armenia","0","W00","World","H5","HS","true","2204","Wine of fresh grapes, including fortified wines; grape must other than that of heading no. 2009","4","false","C00","TOTAL CPC","0","0","TOTAL MOT","7","l","47337","true","-1","N/A","0","false","47345","false","0","false",,"217615.868","217615.868","2","false","true",
"C","A","20190101","2019","52","2019","380","ITA","Italy","X","Export","52","BRB","Barbados","0","W00","World","H5","HS","true","2204","Wine of fresh grapes, including fortified wines; grape must other than that of heading no. 2009","4","false","C00","TOTAL CPC","0","0","TOTAL MOT","7","l","169734","true","-1","N/A","0","false","169823","false","0","false",,"952441.523","952441.523","2","false","true",
"C","A","20190101","2019","52","2019","380","ITA","Italy","X","Export","56","BEL","Belgium","0","W00","World","H5","HS","true","2204","Wine of fresh grapes, including fortified wines; grape must other than that of heading no. 2009","4","false","C00","TOTAL CPC","0","0","TOTAL MOT","7","l","40346721.95","true","-1","N/A","0","false","41580876","false","0","false",,"156620716.133","156620716.133","2","false","true",
"C","A","20190101","2019","52","2019","380","ITA","Italy","X","Export","60","BMU","Bermuda","0","W00","World","H5","HS","true","2204","Wine of fresh grapes, including fortified wines; grape must other than that of heading no. 2009","4","false","C00","TOTAL CPC","0","0","TOTAL MOT","7","l","248524","true","-1","N/A","0","false","248535","false","0","false",,"1928135.5","1928135.5","2","false","true",
"C","A","20190101","2019","52","2019","380","ITA","Italy","X","Export","68","BOL","Bolivia (Plurinational State of)","0","W00","World","H5","HS","true","2204","Wine of fresh grapes, including fortified wines; grape must other than that of heading no. 2009","4","false","C00","TOTAL CPC","0","0","TOTAL MOT","7","l","9810","false","7","l","9810","false","9806","false","0","false",,"23889.461","23889.461","0","false","true",
"C","A","20190101","2019","52","2019","380","ITA","Italy","X","Export","70","BIH","Bosnia Herzegovina","0","W00","World","H5","HS","true","2204","Wine of fresh grapes, including fortified wines; grape must other than that of heading no. 2009","4","false","C00","TOTAL CPC","0","0","TOTAL MOT","7","l","120498","false","7","l","120498","false","120460","false","0","false",,"257814.512","257814.512","0","false","true",
"C","A","20190101","2019","52","2019","380","ITA","Italy","X","Export","72","BWA","Botswana","0","W00","World","H5","HS","true","2204","Wine of fresh grapes, including fortified wines; grape must other than that of heading no. 2009","4","false","C00","TOTAL CPC","0","0","TOTAL MOT","7","l","896","false","7","l","896","false","896","false","0","false",,"7008.202","7008.202","0","false","true",
"C","A","20190101","2019","52","2019","380","ITA","Italy","X","Export","76","BRA","Brazil","0","W00","World","H5","HS","true","2204","Wine of fresh grapes, including fortified wines; grape must other than that of heading no. 2009","4","false","C00","TOTAL CPC","0","0","TOTAL MOT","7","l","11956698","true","-1","N/A","0","false","11956788","false","0","false",,"39293238.934","39293238.934","2","false","true",
"C","A","20190101","2019","52","2019","380","ITA","Italy","X","Export","84","BLZ","Belize","0","W00","World","H5","HS","true","2204","Wine of fresh grapes, including fortified wines; grape must other than that of heading no. 2009","4","false","C00","TOTAL CPC","0","0","TOTAL MOT","7","l","25391","true","-1","N/A","0","false","25391","false","0","false",,"170688.903","170688.903","2","false","true",
"C","A","20190101","2019","52","2019","380","ITA","Italy","X","Export","92","VGB","Br. Virgin Isds","0","W00","World","H5","HS","true","2204","Wine of fresh grapes, including fortified wines; grape must other than that of heading no. 2009","4","false","C00","TOTAL CPC","0","0","TOTAL MOT","7","l","62927","false","7","l","62927","false","62927","false","0","false",,"797347.55","797347.55","0","false","true",
"C","A","20190101","2019","52","2019","380","ITA","Italy","X","Export","96","BRN","Brunei Darussalam","0","W00","World","H5","HS","true","2204","Wine of fresh grapes, including fortified wines; grape must other than that of heading no. 2009","4","false","C00","TOTAL CPC","0","0","TOTAL MOT","7","l","2813","false","7","l","2813","false","2813","false","0","false",,"6087.956","6087.956","0","false","true",
"C","A","20190101","2019","52","2019","380","ITA","Italy","X","Export","100","BGR","Bulgaria","0","W00","World","H5","HS","true","2204","Wine of fresh grapes, including fortified wines; grape must other than that of heading no. 2009","4","false","C00","TOTAL CPC","0","0","TOTAL MOT","7","l","2894191.129","true","-1","N/A","0","false","2924652","false","0","false",,"9677723.572","9677723.572","2","false","true",
"C","A","20190101","2019","52","2019","380","ITA","Italy","X","Export","104","MMR","Myanmar","0","W00","World","H5","HS","true","2204","Wine of fresh grapes, including fortified wines; grape must other than that of heading no. 2009","4","false","C00","TOTAL CPC","0","0","TOTAL MOT","7","l","79709","true","-1","N/A","0","false","79763","false","0","false",,"345944.332","345944.332","2","false","true",
"C","A","20190101","2019","52","2019","380","ITA","Italy","X","Export","108","BDI","Burundi","0","W00","World","H5","HS","true","2204","Wine of fresh grapes, including fortified wines; grape must other than that of heading no. 2009","4","false","C00","TOTAL CPC","0","0","TOTAL MOT","7","l","2505","false","7","l","2505","false","2505","false","0","false",,"7953.078","7953.078","0","false","true",
"C","A","20190101","2019","52","2019","380","ITA","Italy","X","Export","112","BLR","Belarus","0","W00","World","H5","HS","true","2204","Wine of fresh grapes, including fortified wines; grape must other than that of heading no. 2009","4","false","C00","TOTAL CPC","0","0","TOTAL MOT","7","l","2578171","true","-1","N/A","0","false","2578610","false","0","false",,"6092750.596","6092750.596","2","false","true",
"C","A","20190101","2019","52","2019","380","ITA","Italy","X","Export","116","KHM","Cambodia","0","W00","World","H5","HS","true","2204","Wine of fresh grapes, including fortified wines; grape must other than that of heading no. 2009","4","false","C00","TOTAL CPC","0","0","TOTAL MOT","7","l","290911","true","-1","N/A","0","false","290937","false","0","false",,"1279043.889","1279043.889","2","false","true",
"C","A","20190101","2019","52","2019","380","ITA","Italy","X","Export","120","CMR","Cameroon","0","W00","World","H5","HS","true","2204","Wine of fresh grapes, including fortified wines; grape must other than that of heading no. 2009","4","false","C00","TOTAL CPC","0","0","TOTAL MOT","7","l","86773","true","-1","N/A","0","false","86784","false","0","false",,"285228.225","285228.225","2","false","true",
"C","A","20190101","2019","52","2019","380","ITA","Italy","X","Export","124","CAN","Canada","0","W00","World","H5","HS","true","2204","Wine of fresh grapes, including fortified wines; grape must other than that of heading no. 2009","4","false","C00","TOTAL CPC","0","0","TOTAL MOT","7","l","77713254","true","-1","N/A","0","false","77718181","false","0","false",,"382731640.065","382731640.065","2","false","true",
"C","A","20190101","2019","52","2019","380","ITA","Italy","X","Export","132","CPV","Cabo Verde","0","W00","World","H5","HS","true","2204","Wine of fresh grapes, including fortified wines; grape must other than that of heading no. 2009","4","false","C00","TOTAL CPC","0","0","TOTAL MOT","7","l","36843","true","-1","N/A","0","false","36843","false","0","false",,"72540.489","72540.489","2","false","true",
"C","A","20190101","2019","52","2019","380","ITA","Italy","X","Export","136","CYM","Cayman Isds","0","W00","World","H5","HS","true","2204","Wine of fresh grapes, including fortified wines; grape must other than that of heading no. 2009","4","false","C00","TOTAL CPC","0","0","TOTAL MOT","7","l","209147","true","-1","N/A","0","false","209152","false","0","false",,"1752750.207","1752750.207","2","false","true",
"C","A","20190101","2019","52","2019","380","ITA","Italy","X","Export","144","LKA","Sri Lanka","0","W00","World","H5","HS","true","2204","Wine of fresh grapes, including fortified wines; grape must other than that of heading no. 2009","4","false","C00","TOTAL CPC","0","0","TOTAL MOT","7","l","137977","false","7","l","137977","false","137984","false","0","false",,"647550.03","647550.03","0","false","true",
"C","A","20190101","2019","52","2019","380","ITA","Italy","X","Export","152","CHL","Chile","0","W00","World","H5","HS","true","2204","Wine of fresh grapes, including fortified wines; grape must other than that of heading no. 2009","4","false","C00","TOTAL CPC","0","0","TOTAL MOT","7","l","694062","true","-1","N/A","0","false","702863","false","0","false",,"3264604.104","3264604.104","2","false","true",
"C","A","20190101","2019","52","2019","380","ITA","Italy","X","Export","156","CHN","China","0","W00","World","H5","HS","true","2204","Wine of fresh grapes, including fortified wines; grape must other than that of heading no. 2009","4","false","C00","TOTAL CPC","0","0","TOTAL MOT","7","l","36390452.162","true","-1","N/A","0","false","36407627","false","0","false",,"149432929.492","149432929.492","2","false","true",
"C","A","20190101","2019","52","2019","380","ITA","Italy","X","Export","170","COL","Colombia","0","W00","World","H5","HS","true","2204","Wine of fresh grapes, including fortified wines; grape must other than that of heading no. 2009","4","false","C00","TOTAL CPC","0","0","TOTAL MOT","7","l","1209571","true","-1","N/A","0","false","1210622","false","0","false",,"3813631.8","3813631.8","2","false","true",
"C","A","20190101","2019","52","2019","380","ITA","Italy","X","Export","178","COG","Congo","0","W00","World","H5","HS","true","2204","Wine of fresh grapes, including fortified wines; grape must other than that of heading no. 2009","4","false","C00","TOTAL CPC","0","0","TOTAL MOT","7","l","25449","true","-1","N/A","0","false","25489","false","0","false",,"152395.928","152395.928","2","false","true",
"C","A","20190101","2019","52","2019","380","ITA","Italy","X","Export","180","COD","Dem. Rep. of the Congo","0","W00","World","H5","HS","true","2204","Wine of fresh grapes, including fortified wines; grape must other than that of heading no. 2009","4","false","C00","TOTAL CPC","0","0","TOTAL MOT","7","l","3398","false","7","l","3398","false","3410","false","0","false",,"11306.043","11306.043","0","false","true",
"C","A","20190101","2019","52","2019","380","ITA","Italy","X","Export","184","COK","Cook Isds","0","W00","World","H5","HS","true","2204","Wine of fresh grapes, including fortified wines; grape must other than that of heading no. 2009","4","false","C00","TOTAL CPC","0","0","TOTAL MOT","7","l","1576","true","-1","N/A","0","false","1576","false","0","false",,"9278.591","9278.591","2","false","true",
"C","A","20190101","2019","52","2019","380","ITA","Italy","X","Export","188","CRI","Costa Rica","0","W00","World","H5","HS","true","2204","Wine of fresh grapes, including fortified wines; grape must other than that of heading no. 2009","4","false","C00","TOTAL CPC","0","0","TOTAL MOT","7","l","705891","true","-1","N/A","0","false","706014","false","0","false",,"2514136.5","2514136.5","2","false","true",
"C","A","20190101","2019","52","2019","380","ITA","Italy","X","Export","191","HRV","Croatia","0","W00","World","H5","HS","true","2204","Wine of fresh grapes, including fortified wines; grape must other than that of heading no. 2009","4","false","C00","TOTAL CPC","0","0","TOTAL MOT","7","l","3041964","true","-1","N/A","0","false","3046421","false","0","false",,"5627639.962","5627639.962","2","false","true",
"C","A","20190101","2019","52","2019","380","ITA","Italy","X","Export","192","CUB","Cuba","0","W00","World","H5","HS","true","2204","Wine of fresh grapes, including fortified wines; grape must other than that of heading no. 2009","4","false","C00","TOTAL CPC","0","0","TOTAL MOT","7","l","289803","true","-1","N/A","0","false","289804","false","0","false",,"1133173.65","1133173.65","2","false","true",
"C","A","20190101","2019","52","2019","380","ITA","Italy","X","Export","196","CYP","Cyprus","0","W00","World","H5","HS","true","2204","Wine of fresh grapes, including fortified wines; grape must other than that of heading no. 2009","4","false","C00","TOTAL CPC","0","0","TOTAL MOT","7","l","2080394","true","-1","N/A","0","false","2077070","false","0","false",,"6990642.335","6990642.335","2","false","true",
"C","A","20190101","2019","52","2019","380","ITA","Italy","X","Export","203","CZE","Czechia","0","W00","World","H5","HS","true","2204","Wine of fresh grapes, including fortified wines; grape must other than that of heading no. 2009","4","false","C00","TOTAL CPC","0","0","TOTAL MOT","7","l","28113572.839","true","-1","N/A","0","false","28152200","false","0","false",,"59541119.033","59541119.033","2","false","true",
"C","A","20190101","2019","52","2019","380","ITA","Italy","X","Export","204","BEN","Benin","0","W00","World","H5","HS","true","2204","Wine of fresh grapes, including fortified wines; grape must other than that of heading no. 2009","4","false","C00","TOTAL CPC","0","0","TOTAL MOT","7","l","44835","false","7","l","44835","false","44835","false","0","false",,"56170.851","56170.851","0","false","true",
"C","A","20190101","2019","52","2019","380","ITA","Italy","X","Export","208","DNK","Denmark","0","W00","World","H5","HS","true","2204","Wine of fresh grapes, including fortified wines; grape must other than that of heading no. 2009","4","false","C00","TOTAL CPC","0","0","TOTAL MOT","7","l","38106944.227","true","-1","N/A","0","false","38371991","false","0","false",,"166643263.396","166643263.396","2","false","true",
"C","A","20190101","2019","52","2019","380","ITA","Italy","X","Export","212","DMA","Dominica","0","W00","World","H5","HS","true","2204","Wine of fresh grapes, including fortified wines; grape must other than that of heading no. 2009","4","false","C00","TOTAL CPC","0","0","TOTAL MOT","7","l","5999","false","7","l","5999","false","5999","false","0","false",,"26033.343","26033.343","0","false","true",
"C","A","20190101","2019","52","2019","380","ITA","Italy","X","Export","214","DOM","Dominican Rep.","0","W00","World","H5","HS","true","2204","Wine of fresh grapes, including fortified wines; grape must other than that of heading no. 2009","4","false","C00","TOTAL CPC","0","0","TOTAL MOT","7","l","641100","true","-1","N/A","0","false","641224","false","0","false",,"3290173.966","3290173.966","2","false","true",
"C","A","20190101","2019","52","2019","380","ITA","Italy","X","Export","218","ECU","Ecuador","0","W00","World","H5","HS","true","2204","Wine of fresh grapes, including fortified wines; grape must other than that of heading no. 2009","4","false","C00","TOTAL CPC","0","0","TOTAL MOT","7","l","427529","true","-1","N/A","0","false","427662","false","0","false",,"1508535.637","1508535.637","2","false","true",
"C","A","20190101","2019","52","2019","380","ITA","Italy","X","Export","222","SLV","El Salvador","0","W00","World","H5","HS","true","2204","Wine of fresh grapes, including fortified wines; grape must other than that of heading no. 2009","4","false","C00","TOTAL CPC","0","0","TOTAL MOT","7","l","102862.508","true","-1","N/A","0","false","104672","false","0","false",,"501742.484","501742.484","2","false","true",
"C","A","20190101","2019","52","2019","380","ITA","Italy","X","Export","226","GNQ","Equatorial Guinea","0","W00","World","H5","HS","true","2204","Wine of fresh grapes, including fortified wines; grape must other than that of heading no. 2009","4","false","C00","TOTAL CPC","0","0","TOTAL MOT","7","l","13968","false","7","l","13968","false","13968","false","0","false",,"23943.198","23943.198","0","false","true",
"C","A","20190101","2019","52","2019","380","ITA","Italy","X","Export","231","ETH","Ethiopia","0","W00","World","H5","HS","true","2204","Wine of fresh grapes, including fortified wines; grape must other than that of heading no. 2009","4","false","C00","TOTAL CPC","0","0","TOTAL MOT","7","l","55207","true","-1","N/A","0","false","55207","false","0","false",,"295041.947","295041.947","2","false","true",
"C","A","20190101","2019","52","2019","380","ITA","Italy","X","Export","232","ERI","Eritrea","0","W00","World","H5","HS","true","2204","Wine of fresh grapes, including fortified wines; grape must other than that of heading no. 2009","4","false","C00","TOTAL CPC","0","0","TOTAL MOT","7","l","153","false","7","l","153","false","153","false","0","false",,"1157.585","1157.585","0","false","true",
"C","A","20190101","2019","52","2019","380","ITA","Italy","X","Export","233","EST","Estonia","0","W00","World","H5","HS","true","2204","Wine of fresh grapes, including fortified wines; grape must other than that of heading no. 2009","4","false","C00","TOTAL CPC","0","0","TOTAL MOT","7","l","4075438","true","-1","N/A","0","false","4055770","false","0","false",,"18458500.282","18458500.282","2","false","true",
"C","A","20190101","2019","52","2019","380","ITA","Italy","X","Export","242","FJI","Fiji","0","W00","World","H5","HS","true","2204","Wine of fresh grapes, including fortified wines; grape must other than that of heading no. 2009","4","false","C00","TOTAL CPC","0","0","TOTAL MOT","7","l","31314","true","-1","N/A","0","false","31319","false","0","false",,"147718.569","147718.569","2","false","true",
"C","A","20190101","2019","52","2019","380","ITA","Italy","X","Export","246","FIN","Finland","0","W00","World","H5","HS","true","2204","Wine of fresh grapes, including fortified wines; grape must other than that of heading no. 2009","4","false","C00","TOTAL CPC","0","0","TOTAL MOT","7","l","9877871","true","-1","N/A","0","false","9987893","false","0","false",,"45521613.912","45521613.912","2","false","true",
"C","A","20190101","2019","52","2019","380","ITA","Italy","X","Export","251","FRA","France","0","W00","World","H5","HS","true","2204","Wine of fresh grapes, including fortified wines; grape must other than that of heading no. 2009","4","false","C00","TOTAL CPC","0","0","TOTAL MOT","7","l","96434102.188","true","-1","N/A","0","false","96554707","false","0","false",,"231625750.874","231625750.874","2","false","true",
"C","A","20190101","2019","52","2019","380","ITA","Italy","X","Export","258","PYF","French Polynesia","0","W00","World","H5","HS","true","2204","Wine of fresh grapes, including fortified wines; grape must other than that of heading no. 2009","4","false","C00","TOTAL CPC","0","0","TOTAL MOT","7","l","5592","false","7","l","5592","false","5592","false","0","false",,"40009.445","40009.445","0","false","true",
"C","A","20190101","2019","52","2019","380","ITA","Italy","X","Export","262","DJI","Djibouti","0","W00","World","H5","HS","true","2204","Wine of fresh grapes, including fortified wines; grape must other than that of heading no. 2009","4","false","C00","TOTAL CPC","0","0","TOTAL MOT","7","l","422","false","7","l","422","false","422","false","0","false",,"4002.288","4002.288","0","false","true",
"C","A","20190101","2019","52","2019","380","ITA","Italy","X","Export","266","GAB","Gabon","0","W00","World","H5","HS","true","2204","Wine of fresh grapes, including fortified wines; grape must other than that of heading no. 2009","4","false","C00","TOTAL CPC","0","0","TOTAL MOT","7","l","6346","false","7","l","6346","false","6346","false","0","false",,"44151.673","44151.673","0","false","true",
"C","A","20190101","2019","52","2019","380","ITA","Italy","X","Export","268","GEO","Georgia","0","W00","World","H5","HS","true","2204","Wine of fresh grapes, including fortified wines; grape must other than that of heading no. 2009","4","false","C00","TOTAL CPC","0","0","TOTAL MOT","7","l","133518","true","-1","N/A","0","false","135410","false","0","false",,"917219.151","917219.151","2","false","true",
"C","A","20190101","2019","52","2019","380","ITA","Italy","X","Export","270","GMB","Gambia","0","W00","World","H5","HS","true","2204","Wine of fresh grapes, including fortified wines; grape must other than that of heading no. 2009","4","false","C00","TOTAL CPC","0","0","TOTAL MOT","7","l","16828","false","7","l","16828","false","16828","false","0","false",,"23472.999","23472.999","0","false","true",
"C","A","20190101","2019","52","2019","380","ITA","Italy","X","Export","276","DEU","Germany","0","W00","World","H5","HS","true","2204","Wine of fresh grapes, including fortified wines; grape must other than that of heading no. 2009","4","false","C00","TOTAL CPC","0","0","TOTAL MOT","7","l","578520697.976","true","-1","N/A","0","false","581343771","false","0","false",,"1158467671.467","1158467671.467","2","false","true",
"C","A","20190101","2019","52","2019","380","ITA","Italy","X","Export","288","GHA","Ghana","0","W00","World","H5","HS","true","2204","Wine of fresh grapes, including fortified wines; grape must other than that of heading no. 2009","4","false","C00","TOTAL CPC","0","0","TOTAL MOT","7","l","354017","true","-1","N/A","0","false","353137","false","0","false",,"933162.251","933162.251","2","false","true",
"C","A","20190101","2019","52","2019","380","ITA","Italy","X","Export","292","GIB","Gibraltar","0","W00","World","H5","HS","true","2204","Wine of fresh grapes, including fortified wines; grape must other than that of heading no. 2009","4","false","C00","TOTAL CPC","0","0","TOTAL MOT","7","l","30716","true","-1","N/A","0","false","30716","false","0","false",,"195056.399","195056.399","2","false","true",
"C","A","20190101","2019","52","2019","380","ITA","Italy","X","Export","300","GRC","Greece","0","W00","World","H5","HS","true","2204","Wine of fresh grapes, including fortified wines; grape must other than that of heading no. 2009","4","false","C00","TOTAL CPC","0","0","TOTAL MOT","7","l","12094012","true","-1","N/A","0","false","12173162","false","0","false",,"20480888.262","20480888.262","2","false","true",
"C","A","20190101","2019","52","2019","380","ITA","Italy","X","Export","308","GRD","Grenada","0","W00","World","H5","HS","true","2204","Wine of fresh grapes, including fortified wines; grape must other than that of heading no. 2009","4","false","C00","TOTAL CPC","0","0","TOTAL MOT","7","l","30592","true","-1","N/A","0","false","30592","false","0","false",,"112406.635","112406.635","2","false","true",
"C","A","20190101","2019","52","2019","380","ITA","Italy","X","Export","316","GUM","Guam","0","W00","World","H5","HS","true","2204","Wine of fresh grapes, including fortified wines; grape must other than that of heading no. 2009","4","false","C00","TOTAL CPC","0","0","TOTAL MOT","7","l","43706","true","-1","N/A","0","false","43706","false","0","false",,"232102.471","232102.471","2","false","true",
"C","A","20190101","2019","52","2019","380","ITA","Italy","X","Export","320","GTM","Guatemala","0","W00","World","H5","HS","true","2204","Wine of fresh grapes, including fortified wines; grape must other than that of heading no. 2009","4","false","C00","TOTAL CPC","0","0","TOTAL MOT","7","l","236064","true","-1","N/A","0","false","236073","false","0","false",,"1139376.916","1139376.916","2","false","true",
"C","A","20190101","2019","52","2019","380","ITA","Italy","X","Export","324","GIN","Guinea","0","W00","World","H5","HS","true","2204","Wine of fresh grapes, including fortified wines; grape must other than that of heading no. 2009","4","false","C00","TOTAL CPC","0","0","TOTAL MOT","7","l","265","false","7","l","265","false","265","false","0","false",,"1155.346","1155.346","0","false","true",
"C","A","20190101","2019","52","2019","380","ITA","Italy","X","Export","328","GUY","Guyana","0","W00","World","H5","HS","true","2204","Wine of fresh grapes, including fortified wines; grape must other than that of heading no. 2009","4","false","C00","TOTAL CPC","0","0","TOTAL MOT","7","l","20751","true","-1","N/A","0","false","20751","false","0","false",,"101073.723","101073.723","2","false","true",
"C","A","20190101","2019","52","2019","380","ITA","Italy","X","Export","332","HTI","Haiti","0","W00","World","H5","HS","true","2204","Wine of fresh grapes, including fortified wines; grape must other than that of heading no. 2009","4","false","C00","TOTAL CPC","0","0","TOTAL MOT","7","l","15624","false","7","l","15624","false","15624","false","0","false",,"64031.009","64031.009","0","false","true",
"C","A","20190101","2019","52","2019","380","ITA","Italy","X","Export","336","VAT","Holy See (Vatican City State)","0","W00","World","H5","HS","true","2204","Wine of fresh grapes, including fortified wines; grape must other than that of heading no. 2009","4","false","C00","TOTAL CPC","0","0","TOTAL MOT","7","l","63163","true","-1","N/A","0","false","64228","false","0","false",,"337898.333","337898.333","2","false","true",
"C","A","20190101","2019","52","2019","380","ITA","Italy","X","Export","340","HND","Honduras","0","W00","World","H5","HS","true","2204","Wine of fresh grapes, including fortified wines; grape must other than that of heading no. 2009","4","false","C00","TOTAL CPC","0","0","TOTAL MOT","7","l","159365","true","-1","N/A","0","false","159345","false","0","false",,"598958.337","598958.337","2","false","true",
"C","A","20190101","2019","52","2019","380","ITA","Italy","X","Export","344","HKG","China, Hong Kong SAR","0","W00","World","H5","HS","true","2204","Wine of fresh grapes, including fortified wines; grape must other than that of heading no. 2009","4","false","C00","TOTAL CPC","0","0","TOTAL MOT","7","l","2767547","true","-1","N/A","0","false","2767719","false","0","false",,"29843103.923","29843103.923","2","false","true",
"C","A","20190101","2019","52","2019","380","ITA","Italy","X","Export","348","HUN","Hungary","0","W00","World","H5","HS","true","2204","Wine of fresh grapes, including fortified wines; grape must other than that of heading no. 2009","4","false","C00","TOTAL CPC","0","0","TOTAL MOT","7","l","5239920","true","-1","N/A","0","false","5247528","false","0","false",,"10961614.988","10961614.988","2","false","true",
"C","A","20190101","2019","52","2019","380","ITA","Italy","X","Export","352","ISL","Iceland","0","W00","World","H5","HS","true","2204","Wine of fresh grapes, including fortified wines; grape must other than that of heading no. 2009","4","false","C00","TOTAL CPC","0","0","TOTAL MOT","7","l","1355299","true","-1","N/A","0","false","1355528","false","0","false",,"6022135.684","6022135.684","2","false","true",
"C","A","20190101","2019","52","2019","380","ITA","Italy","X","Export","360","IDN","Indonesia","0","W00","World","H5","HS","true","2204","Wine of fresh grapes, including fortified wines; grape must other than that of heading no. 2009","4","false","C00","TOTAL CPC","0","0","TOTAL MOT","7","l","119820","false","7","l","119820","false","119820","false","0","false",,"1136423.619","1136423.619","0","false","true",
"C","A","20190101","2019","52","2019","380","ITA","Italy","X","Export","364","IRN","Iran","0","W00","World","H5","HS","true","2204","Wine of fresh grapes, including fortified wines; grape must other than that of heading no. 2009","4","false","C00","TOTAL CPC","0","0","TOTAL MOT","7","l","128","false","7","l","128","false","128","false","0","false",,"2751.783","2751.783","0","false","true",
"C","A","20190101","2019","52","2019","380","ITA","Italy","X","Export","368","IRQ","Iraq","0","W00","World","H5","HS","true","2204","Wine of fresh grapes, including fortified wines; grape must other than that of heading no. 2009","4","false","C00","TOTAL CPC","0","0","TOTAL MOT","7","l","110261","false","7","l","110261","false","110256","false","0","false",,"326668.417","326668.417","0","false","true",
"C","A","20190101","2019","52","2019","380","ITA","Italy","X","Export","372","IRL","Ireland","0","W00","World","H5","HS","true","2204","Wine of fresh grapes, including fortified wines; grape must other than that of heading no. 2009","4","false","C00","TOTAL CPC","0","0","TOTAL MOT","7","l","11984191","true","-1","N/A","0","false","11997075","false","0","false",,"39348189.507","39348189.507","2","false","true",
"C","A","20190101","2019","52","2019","380","ITA","Italy","X","Export","376","ISR","Israel","0","W00","World","H5","HS","true","2204","Wine of fresh grapes, including fortified wines; grape must other than that of heading no. 2009","4","false","C00","TOTAL CPC","0","0","TOTAL MOT","7","l","8161252","true","-1","N/A","0","false","8209012","false","0","false",,"10617516.747","10617516.747","2","false","true",
"C","A","20190101","2019","52","2019","380","ITA","Italy","X","Export","384","CIV","Côte d'Ivoire","0","W00","World","H5","HS","true","2204","Wine of fresh grapes, including fortified wines; grape must other than that of heading no. 2009","4","false","C00","TOTAL CPC","0","0","TOTAL MOT","7","l","220859","true","-1","N/A","0","false","220994","false","0","false",,"362984.562","362984.562","2","false","true",
"C","A","20190101","2019","52","2019","380","ITA","Italy","X","Export","388","JAM","Jamaica","0","W00","World","H5","HS","true","2204","Wine of fresh grapes, including fortified wines; grape must other than that of heading no. 2009","4","false","C00","TOTAL CPC","0","0","TOTAL MOT","7","l","192848","true","-1","N/A","0","false","193120","false","0","false",,"993758.569","993758.569","2","false","true",
"C","A","20190101","2019","52","2019","380","ITA","Italy","X","Export","392","JPN","Japan","0","W00","World","H5","HS","true","2204","Wine of fresh grapes, including fortified wines; grape must other than that of heading no. 2009","4","false","C00","TOTAL CPC","0","0","TOTAL MOT","7","l","48072845.028","true","-1","N/A","0","false","48081456","false","0","false",,"204098038.23","204098038.23","2","false","true",
"C","A","20190101","2019","52","2019","380","ITA","Italy","X","Export","398","KAZ","Kazakhstan","0","W00","World","H5","HS","true","2204","Wine of fresh grapes, including fortified wines; grape must other than that of heading no. 2009","4","false","C00","TOTAL CPC","0","0","TOTAL MOT","7","l","820220","true","-1","N/A","0","false","829414","false","0","false",,"3135101.263","3135101.263","2","false","true",
"C","A","20190101","2019","52","2019","380","ITA","Italy","X","Export","400","JOR","Jordan","0","W00","World","H5","HS","true","2204","Wine of fresh grapes, including fortified wines; grape must other than that of heading no. 2009","4","false","C00","TOTAL CPC","0","0","TOTAL MOT","7","l","134546","false","7","l","134546","false","135045","false","0","false",,"887554.081","887554.081","0","false","true",
"C","A","20190101","2019","52","2019","380","ITA","Italy","X","Export","404","KEN","Kenya","0","W00","World","H5","HS","true","2204","Wine of fresh grapes, including fortified wines; grape must other than that of heading no. 2009","4","false","C00","TOTAL CPC","0","0","TOTAL MOT","7","l","381241","true","-1","N/A","0","false","381580","false","0","false",,"1406107.294","1406107.294","2","false","true",
"C","A","20190101","2019","52","2019","380","ITA","Italy","X","Export","408","PRK","Dem. People's Rep. of Korea","0","W00","World","H5","HS","true","2204","Wine of fresh grapes, including fortified wines; grape must other than that of heading no. 2009","4","false","C00","TOTAL CPC","0","0","TOTAL MOT","7","l","11198","false","7","l","11198","false","11198","false","0","false",,"65852.47","65852.47","0","false","true",
"C","A","20190101","2019","52","2019","380","ITA","Italy","X","Export","410","KOR","Rep. of Korea","0","W00","World","H5","HS","true","2204","Wine of fresh grapes, including fortified wines; grape must other than that of heading no. 2009","4","false","C00","TOTAL CPC","0","0","TOTAL MOT","7","l","6629976.594","true","-1","N/A","0","false","6636528","false","0","false",,"37116613.413","37116613.413","2","false","true",
"C","A","20190101","2019","52","2019","380","ITA","Italy","X","Export","414","KWT","Kuwait","0","W00","World","H5","HS","true","2204","Wine of fresh grapes, including fortified wines; grape must other than that of heading no. 2009","4","false","C00","TOTAL CPC","0","0","TOTAL MOT","7","l","5830","true","-1","N/A","0","false","5830","false","0","false",,"16913.725","16913.725","2","false","true",
"C","A","20190101","2019","52","2019","380","ITA","Italy","X","Export","417","KGZ","Kyrgyzstan","0","W00","World","H5","HS","true","2204","Wine of fresh grapes, including fortified wines; grape must other than that of heading no. 2009","4","false","C00","TOTAL CPC","0","0","TOTAL MOT","7","l","15426","true","-1","N/A","0","false","15423","false","0","false",,"48619.681","48619.681","2","false","true",
"C","A","20190101","2019","52","2019","380","ITA","Italy","X","Export","418","LAO","Lao People's Dem. Rep.","0","W00","World","H5","HS","true","2204","Wine of fresh grapes, including fortified wines; grape must other than that of heading no. 2009","4","false","C00","TOTAL CPC","0","0","TOTAL MOT","7","l","101873","true","-1","N/A","0","false","101873","false","0","false",,"277692.728","277692.728","2","false","true",
"C","A","20190101","2019","52","2019","380","ITA","Italy","X","Export","422","LBN","Lebanon","0","W00","World","H5","HS","true","2204","Wine of fresh grapes, including fortified wines; grape must other than that of heading no. 2009","4","false","C00","TOTAL CPC","0","0","TOTAL MOT","7","l","329880","false","7","l","329880","false","329838","false","0","false",,"2124264.4","2124264.4","0","false","true",
"C","A","20190101","2019","52","2019","380","ITA","Italy","X","Export","428","LVA","Latvia","0","W00","World","H5","HS","true","2204","Wine of fresh grapes, including fortified wines; grape must other than that of heading no. 2009","4","false","C00","TOTAL CPC","0","0","TOTAL MOT","7","l","12648476","true","-1","N/A","0","false","12635485","false","0","false",,"46018473.045","46018473.045","2","false","true",
"C","A","20190101","2019","52","2019","380","ITA","Italy","X","Export","434","LBY","Libya","0","W00","World","H5","HS","true","2204","Wine of fresh grapes, including fortified wines; grape must other than that of heading no. 2009","4","false","C00","TOTAL CPC","0","0","TOTAL MOT","7","l","144","false","7","l","144","false","144","false","0","false",,"1913.262","1913.262","0","false","true",
"C","A","20190101","2019","52","2019","380","ITA","Italy","X","Export","440","LTU","Lithuania","0","W00","World","H5","HS","true","2204","Wine of fresh grapes, including fortified wines; grape must other than that of heading no. 2009","4","false","C00","TOTAL CPC","0","0","TOTAL MOT","7","l","11934649","true","-1","N/A","0","false","11999713","false","0","false",,"24614854.23","24614854.23","2","false","true",
"C","A","20190101","2019","52","2019","380","ITA","Italy","X","Export","442","LUX","Luxembourg","0","W00","World","H5","HS","true","2204","Wine of fresh grapes, including fortified wines; grape must other than that of heading no. 2009","4","false","C00","TOTAL CPC","0","0","TOTAL MOT","7","l","3265144","true","-1","N/A","0","false","3343518","false","0","false",,"13619691.673","13619691.673","2","false","true",
"C","A","20190101","2019","52","2019","380","ITA","Italy","X","Export","446","MAC","China, Macao SAR","0","W00","World","H5","HS","true","2204","Wine of fresh grapes, including fortified wines; grape must other than that of heading no. 2009","4","false","C00","TOTAL CPC","0","0","TOTAL MOT","7","l","9487","true","-1","N/A","0","false","9487","false","0","false",,"128980.025","128980.025","2","false","true",
"C","A","20190101","2019","52","2019","380","ITA","Italy","X","Export","450","MDG","Madagascar","0","W00","World","H5","HS","true","2204","Wine of fresh grapes, including fortified wines; grape must other than that of heading no. 2009","4","false","C00","TOTAL CPC","0","0","TOTAL MOT","7","l","19026","true","-1","N/A","0","false","19026","false","0","false",,"54585.609","54585.609","2","false","true",
"C","A","20190101","2019","52","2019","380","ITA","Italy","X","Export","458","MYS","Malaysia","0","W00","World","H5","HS","true","2204","Wine of fresh grapes, including fortified wines; grape must other than that of heading no. 2009","4","false","C00","TOTAL CPC","0","0","TOTAL MOT","7","l","485380","true","-1","N/A","0","false","485502","false","0","false",,"3838494.125","3838494.125","2","false","true",
"C","A","20190101","2019","52","2019","380","ITA","Italy","X","Export","462","MDV","Maldives","0","W00","World","H5","HS","true","2204","Wine of fresh grapes, including fortified wines; grape must other than that of heading no. 2009","4","false","C00","TOTAL CPC","0","0","TOTAL MOT","7","l","421565","true","-1","N/A","0","false","421566","false","0","false",,"1969474.936","1969474.936","2","false","true",
"C","A","20190101","2019","52","2019","380","ITA","Italy","X","Export","466","MLI","Mali","0","W00","World","H5","HS","true","2204","Wine of fresh grapes, including fortified wines; grape must other than that of heading no. 2009","4","false","C00","TOTAL CPC","0","0","TOTAL MOT","7","l","450","false","7","l","450","false","450","false","0","false",,"1468.812","1468.812","0","false","true",
"C","A","20190101","2019","52","2019","380","ITA","Italy","X","Export","470","MLT","Malta","0","W00","World","H5","HS","true","2204","Wine of fresh grapes, including fortified wines; grape must other than that of heading no. 2009","4","false","C00","TOTAL CPC","0","0","TOTAL MOT","7","l","4737948","true","-1","N/A","0","false","4767022","false","0","false",,"15516678.738","15516678.738","2","false","true",
"C","A","20190101","2019","52","2019","380","ITA","Italy","X","Export","480","MUS","Mauritius","0","W00","World","H5","HS","true","2204","Wine of fresh grapes, including fortified wines; grape must other than that of heading no. 2009","4","false","C00","TOTAL CPC","0","0","TOTAL MOT","7","l","90569","true","-1","N/A","0","false","90615","false","0","false",,"615076.082","615076.082","2","false","true",
"C","A","20190101","2019","52","2019","380","ITA","Italy","X","Export","484","MEX","Mexico","0","W00","World","H5","HS","true","2204","Wine of fresh grapes, including fortified wines; grape must other than that of heading no. 2009","4","false","C00","TOTAL CPC","0","0","TOTAL MOT","7","l","13555162.119","true","-1","N/A","0","false","13568862.973","true","0","false",,"41335937.266","41335937.266","6","false","true",
"C","A","20190101","2019","52","2019","380","ITA","Italy","X","Export","490","S19","Other Asia, nes","0","W00","World","H5","HS","true","2204","Wine of fresh grapes, including fortified wines; grape must other than that of heading no. 2009","4","false","C00","TOTAL CPC","0","0","TOTAL MOT","7","l","1929539","true","-1","N/A","0","false","1929438","false","0","false",,"14398815.658","14398815.658","2","false","true",
"C","A","20190101","2019","52","2019","380","ITA","Italy","X","Export","496","MNG","Mongolia","0","W00","World","H5","HS","true","2204","Wine of fresh grapes, including fortified wines; grape must other than that of heading no. 2009","4","false","C00","TOTAL CPC","0","0","TOTAL MOT","7","l","194353","true","-1","N/A","0","false","194354","false","0","false",,"691152.018","691152.018","2","false","true",
"C","A","20190101","2019","52","2019","380","ITA","Italy","X","Export","498","MDA","Rep. of Moldova","0","W00","World","H5","HS","true","2204","Wine of fresh grapes, including fortified wines; grape must other than that of heading no. 2009","4","false","C00","TOTAL CPC","0","0","TOTAL MOT","7","l","142078","true","-1","N/A","0","false","142794","false","0","false",,"577388.524","577388.524","2","false","true",
"C","A","20190101","2019","52","2019","380","ITA","Italy","X","Export","499","MNE","Montenegro","0","W00","World","H5","HS","true","2204","Wine of fresh grapes, including fortified wines; grape must other than that of heading no. 2009","4","false","C00","TOTAL CPC","0","0","TOTAL MOT","7","l","132378","true","-1","N/A","0","false","132369","false","0","false",,"1156321.987","1156321.987","2","false","true",
"C","A","20190101","2019","52","2019","380","ITA","Italy","X","Export","504","MAR","Morocco","0","W00","World","H5","HS","true","2204","Wine of fresh grapes, including fortified wines; grape must other than that of heading no. 2009","4","false","C00","TOTAL CPC","0","0","TOTAL MOT","7","l","104857","false","7","l","104857","false","104815","false","0","false",,"542003.821","542003.821","0","false","true",
"C","A","20190101","2019","52","2019","380","ITA","Italy","X","Export","508","MOZ","Mozambique","0","W00","World","H5","HS","true","2204","Wine of fresh grapes, including fortified wines; grape must other than that of heading no. 2009","4","false","C00","TOTAL CPC","0","0","TOTAL MOT","7","l","80580","false","7","l","80580","false","80573","false","0","false",,"267908.114","267908.114","0","false","true",
"C","A","20190101","2019","52","2019","380","ITA","Italy","X","Export","512","OMN","Oman","0","W00","World","H5","HS","true","2204","Wine of fresh grapes, including fortified wines; grape must other than that of heading no. 2009","4","false","C00","TOTAL CPC","0","0","TOTAL MOT","7","l","32878","false","7","l","32878","false","32887","false","0","false",,"67088.421","67088.421","0","false","true",
"C","A","20190101","2019","52","2019","380","ITA","Italy","X","Export","524","NPL","Nepal","0","W00","World","H5","HS","true","2204","Wine of fresh grapes, including fortified wines; grape must other than that of heading no. 2009","4","false","C00","TOTAL CPC","0","0","TOTAL MOT","7","l","18451","false","7","l","18451","false","18461","false","0","false",,"118210.232","118210.232","0","false","true",
"C","A","20190101","2019","52","2019","380","ITA","Italy","X","Export","528","NLD","Netherlands","0","W00","World","H5","HS","true","2204","Wine of fresh grapes, including fortified wines; grape must other than that of heading no. 2009","4","false","C00","TOTAL CPC","0","0","TOTAL MOT","7","l","47302547.65","true","-1","N/A","0","false","47625502","false","0","false",,"184432509.492","184432509.492","2","false","true",
"C","A","20190101","2019","52","2019","380","ITA","Italy","X","Export","531","CUW","Curaçao","0","W00","World","H5","HS","true","2204","Wine of fresh grapes, including fortified wines; grape must other than that of heading no. 2009","4","false","C00","TOTAL CPC","0","0","TOTAL MOT","7","l","106680","true","-1","N/A","0","false","106680","false","0","false",,"519889.921","519889.921","2","false","true",
"C","A","20190101","2019","52","2019","380","ITA","Italy","X","Export","533","ABW","Aruba","0","W00","World","H5","HS","true","2204","Wine of fresh grapes, including fortified wines; grape must other than that of heading no. 2009","4","false","C00","TOTAL CPC","0","0","TOTAL MOT","7","l","208426","true","-1","N/A","0","false","208426","false","0","false",,"1213878.806","1213878.806","2","false","true",
"C","A","20190101","2019","52","2019","380","ITA","Italy","X","Export","534","SXM","Sint Maarten","0","W00","World","H5","HS","true","2204","Wine of fresh grapes, including fortified wines; grape must other than that of heading no. 2009","4","false","C00","TOTAL CPC","0","0","TOTAL MOT","7","l","132159","true","-1","N/A","0","false","131841","false","0","false",,"982435.733","982435.733","2","false","true",
"C","A","20190101","2019","52","2019","380","ITA","Italy","X","Export","535","BES","Bonaire","0","W00","World","H5","HS","true","2204","Wine of fresh grapes, including fortified wines; grape must other than that of heading no. 2009","4","false","C00","TOTAL CPC","0","0","TOTAL MOT","7","l","61468","true","-1","N/A","0","false","61468","false","0","false",,"284807.285","284807.285","2","false","true",
"C","A","20190101","2019","52","2019","380","ITA","Italy","X","Export","540","NCL","New Caledonia","0","W00","World","H5","HS","true","2204","Wine of fresh grapes, including fortified wines; grape must other than that of heading no. 2009","4","false","C00","TOTAL CPC","0","0","TOTAL MOT","7","l","19165","true","-1","N/A","0","false","19165","false","0","false",,"93952.449","93952.449","2","false","true",
"C","A","20190101","2019","52","2019","380","ITA","Italy","X","Export","554","NZL","New Zealand","0","W00","World","H5","HS","true","2204","Wine of fresh grapes, including fortified wines; grape must other than that of heading no. 2009","4","false","C00","TOTAL CPC","0","0","TOTAL MOT","7","l","1961472","true","-1","N/A","0","false","1963039","false","0","false",,"8474395.134","8474395.134","2","false","true",
"C","A","20190101","2019","52","2019","380","ITA","Italy","X","Export","558","NIC","Nicaragua","0","W00","World","H5","HS","true","2204","Wine of fresh grapes, including fortified wines; grape must other than that of heading no. 2009","4","false","C00","TOTAL CPC","0","0","TOTAL MOT","7","l","94434.513","true","-1","N/A","0","false","93754","false","0","false",,"195441.514","195441.514","2","false","true",
"C","A","20190101","2019","52","2019","380","ITA","Italy","X","Export","566","NGA","Nigeria","0","W00","World","H5","HS","true","2204","Wine of fresh grapes, including fortified wines; grape must other than that of heading no. 2009","4","false","C00","TOTAL CPC","0","0","TOTAL MOT","7","l","1815687","true","-1","N/A","0","false","1817094","false","0","false",,"4137688.375","4137688.375","2","false","true",
"C","A","20190101","2019","52","2019","380","ITA","Italy","X","Export","568","E19","Other Europe, nes","0","W00","World","H5","HS","true","2204","Wine of fresh grapes, including fortified wines; grape must other than that of heading no. 2009","4","false","C00","TOTAL CPC","0","0","TOTAL MOT","7","l","28100","true","-1","N/A","0","false","27886","false","0","false",,"207618.545","207618.545","2","false","true",
"C","A","20190101","2019","52","2019","380","ITA","Italy","X","Export","579","NOR","Norway","0","W00","World","H5","HS","true","2204","Wine of fresh grapes, including fortified wines; grape must other than that of heading no. 2009","4","false","C00","TOTAL CPC","0","0","TOTAL MOT","7","l","22960943","true","-1","N/A","0","false","22964602","false","0","false",,"106155307.162","106155307.162","2","false","true",
"C","A","20190101","2019","52","2019","380","ITA","Italy","X","Export","586","PAK","Pakistan","0","W00","World","H5","HS","true","2204","Wine of fresh grapes, including fortified wines; grape must other than that of heading no. 2009","4","false","C00","TOTAL CPC","0","0","TOTAL MOT","7","l","14603","false","7","l","14603","false","14603","false","0","false",,"251219.413","251219.413","0","false","true",
"C","A","20190101","2019","52","2019","380","ITA","Italy","X","Export","591","PAN","Panama","0","W00","World","H5","HS","true","2204","Wine of fresh grapes, including fortified wines; grape must other than that of heading no. 2009","4","false","C00","TOTAL CPC","0","0","TOTAL MOT","7","l","538771.191","true","-1","N/A","0","false","538984","false","0","false",,"2305828.33","2305828.33","2","false","true",
"C","A","20190101","2019","52","2019","380","ITA","Italy","X","Export","600","PRY","Paraguay","0","W00","World","H5","HS","true","2204","Wine of fresh grapes, including fortified wines; grape must other than that of heading no. 2009","4","false","C00","TOTAL CPC","0","0","TOTAL MOT","7","l","181102","true","-1","N/A","0","false","181268","false","0","false",,"1241204.076","1241204.076","2","false","true",
"C","A","20190101","2019","52","2019","380","ITA","Italy","X","Export","604","PER","Peru","0","W00","World","H5","HS","true","2204","Wine of fresh grapes, including fortified wines; grape must other than that of heading no. 2009","4","false","C00","TOTAL CPC","0","0","TOTAL MOT","7","l","933553","true","-1","N/A","0","false","949707","false","0","false",,"4926824.238","4926824.238","2","false","true",
"C","A","20190101","2019","52","2019","380","ITA","Italy","X","Export","608","PHL","Philippines","0","W00","World","H5","HS","true","2204","Wine of fresh grapes, including fortified wines; grape must other than that of heading no. 2009","4","false","C00","TOTAL CPC","0","0","TOTAL MOT","7","l","888940","true","-1","N/A","0","false","889104","false","0","false",,"3135475.183","3135475.183","2","false","true",
"C","A","20190101","2019","52","2019","380","ITA","Italy","X","Export","616","POL","Poland","0","W00","World","H5","HS","true","2204","Wine of fresh grapes, including fortified wines; grape must other than that of heading no. 2009","4","false","C00","TOTAL CPC","0","0","TOTAL MOT","7","l","26108844.556","true","-1","N/A","0","false","27347344","false","0","false",,"84804210.679","84804210.679","2","false","true",
"C","A","20190101","2019","52","2019","380","ITA","Italy","X","Export","620","PRT","Portugal","0","W00","World","H5","HS","true","2204","Wine of fresh grapes, including fortified wines; grape must other than that of heading no. 2009","4","false","C00","TOTAL CPC","0","0","TOTAL MOT","7","l","7011783","true","-1","N/A","0","false","7013697","false","0","false",,"14578842.486","14578842.486","2","false","true",
"C","A","20190101","2019","52","2019","380","ITA","Italy","X","Export","626","TLS","Timor-Leste","0","W00","World","H5","HS","true","2204","Wine of fresh grapes, including fortified wines; grape must other than that of heading no. 2009","4","false","C00","TOTAL CPC","0","0","TOTAL MOT","7","l","5483","false","7","l","5483","false","5483","false","0","false",,"17032.394","17032.394","0","false","true",
"C","A","20190101","2019","52","2019","380","ITA","Italy","X","Export","634","QAT","Qatar","0","W00","World","H5","HS","true","2204","Wine of fresh grapes, including fortified wines; grape must other than that of heading no. 2009","4","false","C00","TOTAL CPC","0","0","TOTAL MOT","7","l","250402","false","7","l","250402","false","250461","false","0","false",,"782051.533","782051.533","0","false","true",
"C","A","20190101","2019","52","2019","380","ITA","Italy","X","Export","642","ROU","Romania","0","W00","World","H5","HS","true","2204","Wine of fresh grapes, including fortified wines; grape must other than that of heading no. 2009","4","false","C00","TOTAL CPC","0","0","TOTAL MOT","7","l","4975612","true","-1","N/A","0","false","4954392","false","0","false",,"18242083.421","18242083.421","2","false","true",
"C","A","20190101","2019","52","2019","380","ITA","Italy","X","Export","643","RUS","Russian Federation","0","W00","World","H5","HS","true","2204","Wine of fresh grapes, including fortified wines; grape must other than that of heading no. 2009","4","false","C00","TOTAL CPC","0","0","TOTAL MOT","7","l","52815862","true","-1","N/A","0","false","52899897","false","0","false",,"146362946.293","146362946.293","2","false","true",
"C","A","20190101","2019","52","2019","380","ITA","Italy","X","Export","646","RWA","Rwanda","0","W00","World","H5","HS","true","2204","Wine of fresh grapes, including fortified wines; grape must other than that of heading no. 2009","4","false","C00","TOTAL CPC","0","0","TOTAL MOT","7","l","5418","true","-1","N/A","0","false","5418","false","0","false",,"30352.456","30352.456","2","false","true",
"C","A","20190101","2019","52","2019","380","ITA","Italy","X","Export","652","BLM","Saint Barthélemy","0","W00","World","H5","HS","true","2204","Wine of fresh grapes, including fortified wines; grape must other than that of heading no. 2009","4","false","C00","TOTAL CPC","0","0","TOTAL MOT","7","l","2395","true","-1","N/A","0","false","2395","false","0","false",,"95425.739","95425.739","2","false","true",
"C","A","20190101","2019","52","2019","380","ITA","Italy","X","Export","659","KNA","Saint Kitts and Nevis","0","W00","World","H5","HS","true","2204","Wine of fresh grapes, including fortified wines; grape must other than that of heading no. 2009","4","false","C00","TOTAL CPC","0","0","TOTAL MOT","7","l","11301","true","-1","N/A","0","false","11301","false","0","false",,"62678.627","62678.627","2","false","true",
"C","A","20190101","2019","52","2019","380","ITA","Italy","X","Export","660","AIA","Anguilla","0","W00","World","H5","HS","true","2204","Wine of fresh grapes, including fortified wines; grape must other than that of heading no. 2009","4","false","C00","TOTAL CPC","0","0","TOTAL MOT","7","l","11345","true","-1","N/A","0","false","11345","false","0","false",,"106947.85","106947.85","2","false","true",
"C","A","20190101","2019","52","2019","380","ITA","Italy","X","Export","662","LCA","Saint Lucia","0","W00","World","H5","HS","true","2204","Wine of fresh grapes, including fortified wines; grape must other than that of heading no. 2009","4","false","C00","TOTAL CPC","0","0","TOTAL MOT","7","l","48097","false","7","l","48097","false","48097","false","0","false",,"301028.026","301028.026","0","false","true",
"C","A","20190101","2019","52","2019","380","ITA","Italy","X","Export","670","VCT","Saint Vincent and the Grenadines","0","W00","World","H5","HS","true","2204","Wine of fresh grapes, including fortified wines; grape must other than that of heading no. 2009","4","false","C00","TOTAL CPC","0","0","TOTAL MOT","7","l","11351","true","-1","N/A","0","false","11351","false","0","false",,"106770.965","106770.965","2","false","true",
"C","A","20190101","2019","52","2019","380","ITA","Italy","X","Export","682","SAU","Saudi Arabia","0","W00","World","H5","HS","true","2204","Wine of fresh grapes, including fortified wines; grape must other than that of heading no. 2009","4","false","C00","TOTAL CPC","0","0","TOTAL MOT","7","l","18396","false","7","l","18396","false","18396","false","0","false",,"77464.142","77464.142","0","false","true",
"C","A","20190101","2019","52","2019","380","ITA","Italy","X","Export","686","SEN","Senegal","0","W00","World","H5","HS","true","2204","Wine of fresh grapes, including fortified wines; grape must other than that of heading no. 2009","4","false","C00","TOTAL CPC","0","0","TOTAL MOT","7","l","26019","false","7","l","26019","false","26016","false","0","false",,"88860.867","88860.867","0","false","true",
"C","A","20190101","2019","52","2019","380","ITA","Italy","X","Export","688","SRB","Serbia","0","W00","World","H5","HS","true","2204","Wine of fresh grapes, including fortified wines; grape must other than that of heading no. 2009","4","false","C00","TOTAL CPC","0","0","TOTAL MOT","7","l","988235","true","-1","N/A","0","false","988137","false","0","false",,"4337403.101","4337403.101","2","false","true",
"C","A","20190101","2019","52","2019","380","ITA","Italy","X","Export","690","SYC","Seychelles","0","W00","World","H5","HS","true","2204","Wine of fresh grapes, including fortified wines; grape must other than that of heading no. 2009","4","false","C00","TOTAL CPC","0","0","TOTAL MOT","7","l","126786","true","-1","N/A","0","false","126856","false","0","false",,"595647.913","595647.913","2","false","true",
"C","A","20190101","2019","52","2019","380","ITA","Italy","X","Export","694","SLE","Sierra Leone","0","W00","World","H5","HS","true","2204","Wine of fresh grapes, including fortified wines; grape must other than that of heading no. 2009","4","false","C00","TOTAL CPC","0","0","TOTAL MOT","7","l","14561","false","7","l","14561","false","14561","false","0","false",,"36295.993","36295.993","0","false","true",
"C","A","20190101","2019","52","2019","380","ITA","Italy","X","Export","699","IND","India","0","W00","World","H5","HS","true","2204","Wine of fresh grapes, including fortified wines; grape must other than that of heading no. 2009","4","false","C00","TOTAL CPC","0","0","TOTAL MOT","7","l","393283","true","-1","N/A","0","false","393240","false","0","false",,"1945390.679","1945390.679","2","false","true",
"C","A","20190101","2019","52","2019","380","ITA","Italy","X","Export","702","SGP","Singapore","0","W00","World","H5","HS","true","2204","Wine of fresh grapes, including fortified wines; grape must other than that of heading no. 2009","4","false","C00","TOTAL CPC","0","0","TOTAL MOT","7","l","1978956","true","-1","N/A","0","false","1982003","false","0","false",,"18090063.652","18090063.652","2","false","true",
"C","A","20190101","2019","52","2019","380","ITA","Italy","X","Export","703","SVK","Slovakia","0","W00","World","H5","HS","true","2204","Wine of fresh grapes, including fortified wines; grape must other than that of heading no. 2009","4","false","C00","TOTAL CPC","0","0","TOTAL MOT","7","l","11039526","true","-1","N/A","0","false","11009951","false","0","false",,"21176935.946","21176935.946","2","false","true",
"C","A","20190101","2019","52","2019","380","ITA","Italy","X","Export","704","VNM","Viet Nam","0","W00","World","H5","HS","true","2204","Wine of fresh grapes, including fortified wines; grape must other than that of heading no. 2009","4","false","C00","TOTAL CPC","0","0","TOTAL MOT","7","l","2457464","true","-1","N/A","0","false","2459153","false","0","false",,"13063739.739","13063739.739","2","false","true",
"C","A","20190101","2019","52","2019","380","ITA","Italy","X","Export","705","SVN","Slovenia","0","W00","World","H5","HS","true","2204","Wine of fresh grapes, including fortified wines; grape must other than that of heading no. 2009","4","false","C00","TOTAL CPC","0","0","TOTAL MOT","7","l","1839998","true","-1","N/A","0","false","1840817","false","0","false",,"5113740.598","5113740.598","2","false","true",
"C","A","20190101","2019","52","2019","380","ITA","Italy","X","Export","710","ZAF","South Africa","0","W00","World","H5","HS","true","2204","Wine of fresh grapes, including fortified wines; grape must other than that of heading no. 2009","4","false","C00","TOTAL CPC","0","0","TOTAL MOT","7","l","1419361","true","-1","N/A","0","false","1419855","false","0","false",,"5628681.116","5628681.116","2","false","true",
"C","A","20190101","2019","52","2019","380","ITA","Italy","X","Export","716","ZWE","Zimbabwe","0","W00","World","H5","HS","true","2204","Wine of fresh grapes, including fortified wines; grape must other than that of heading no. 2009","4","false","C00","TOTAL CPC","0","0","TOTAL MOT","7","l","4752","false","7","l","4752","false","4752","false","0","false",,"13129.743","13129.743","0","false","true",
"C","A","20190101","2019","52","2019","380","ITA","Italy","X","Export","724","ESP","Spain","0","W00","World","H5","HS","true","2204","Wine of fresh grapes, including fortified wines; grape must other than that of heading no. 2009","4","false","C00","TOTAL CPC","0","0","TOTAL MOT","7","l","23285761.284","true","-1","N/A","0","false","23285363","false","0","false",,"52751250.49","52751250.49","2","false","true",
"C","A","20190101","2019","52","2019","380","ITA","Italy","X","Export","729","SDN","Sudan","0","W00","World","H5","HS","true","2204","Wine of fresh grapes, including fortified wines; grape must other than that of heading no. 2009","4","false","C00","TOTAL CPC","0","0","TOTAL MOT","7","l","500","false","7","l","500","false","500","false","0","false",,"4710.945","4710.945","0","false","true",
"C","A","20190101","2019","52","2019","380","ITA","Italy","X","Export","740","SUR","Suriname","0","W00","World","H5","HS","true","2204","Wine of fresh grapes, including fortified wines; grape must other than that of heading no. 2009","4","false","C00","TOTAL CPC","0","0","TOTAL MOT","7","l","30810","false","7","l","30810","false","31331","false","0","false",,"151695.108","151695.108","0","false","true",
"C","A","20190101","2019","52","2019","380","ITA","Italy","X","Export","752","SWE","Sweden","0","W00","World","H5","HS","true","2204","Wine of fresh grapes, including fortified wines; grape must other than that of heading no. 2009","4","false","C00","TOTAL CPC","0","0","TOTAL MOT","7","l","49851786","true","-1","N/A","0","false","51345187","false","0","false",,"201912332.274","201912332.274","2","false","true",
"C","A","20190101","2019","52","2019","380","ITA","Italy","X","Export","757","CHE","Switzerland","0","W00","World","H5","HS","true","2204","Wine of fresh grapes, including fortified wines; grape must other than that of heading no. 2009","4","false","C00","TOTAL CPC","0","0","TOTAL MOT","7","l","74183866.153","true","-1","N/A","0","false","74132857.69","true","0","false",,"426872098.57","426872098.57","6","false","true",
"C","A","20190101","2019","52","2019","380","ITA","Italy","X","Export","762","TJK","Tajikistan","0","W00","World","H5","HS","true","2204","Wine of fresh grapes, including fortified wines; grape must other than that of heading no. 2009","4","false","C00","TOTAL CPC","0","0","TOTAL MOT","7","l","288","false","7","l","288","false","288","false","0","false",,"4782.594","4782.594","0","false","true",
"C","A","20190101","2019","52","2019","380","ITA","Italy","X","Export","764","THA","Thailand","0","W00","World","H5","HS","true","2204","Wine of fresh grapes, including fortified wines; grape must other than that of heading no. 2009","4","false","C00","TOTAL CPC","0","0","TOTAL MOT","7","l","1808816","true","-1","N/A","0","false","1809335","false","0","false",,"12306847.203","12306847.203","2","false","true",
"C","A","20190101","2019","52","2019","380","ITA","Italy","X","Export","768","TGO","Togo","0","W00","World","H5","HS","true","2204","Wine of fresh grapes, including fortified wines; grape must other than that of heading no. 2009","4","false","C00","TOTAL CPC","0","0","TOTAL MOT","7","l","70660","true","-1","N/A","0","false","70565","false","0","false",,"82775.15","82775.15","2","false","true",
"C","A","20190101","2019","52","2019","380","ITA","Italy","X","Export","776","TON","Tonga","0","W00","World","H5","HS","true","2204","Wine of fresh grapes, including fortified wines; grape must other than that of heading no. 2009","4","false","C00","TOTAL CPC","0","0","TOTAL MOT","7","l","1741","false","7","l","1741","false","1741","false","0","false",,"5053.518","5053.518","0","false","true",
"C","A","20190101","2019","52","2019","380","ITA","Italy","X","Export","780","TTO","Trinidad and Tobago","0","W00","World","H5","HS","true","2204","Wine of fresh grapes, including fortified wines; grape must other than that of heading no. 2009","4","false","C00","TOTAL CPC","0","0","TOTAL MOT","7","l","172362","true","-1","N/A","0","false","172977","false","0","false",,"999032.633","999032.633","2","false","true",
"C","A","20190101","2019","52","2019","380","ITA","Italy","X","Export","784","ARE","United Arab Emirates","0","W00","World","H5","HS","true","2204","Wine of fresh grapes, including fortified wines; grape must other than that of heading no. 2009","4","false","C00","TOTAL CPC","0","0","TOTAL MOT","7","l","2397339","true","-1","N/A","0","false","2398201","false","0","false",,"14009377.932","14009377.932","2","false","true",
"C","A","20190101","2019","52","2019","380","ITA","Italy","X","Export","788","TUN","Tunisia","0","W00","World","H5","HS","true","2204","Wine of fresh grapes, including fortified wines; grape must other than that of heading no. 2009","4","false","C00","TOTAL CPC","0","0","TOTAL MOT","7","l","1596","false","7","l","1596","false","1596","false","0","false",,"13287.596","13287.596","0","false","true",
"C","A","20190101","2019","52","2019","380","ITA","Italy","X","Export","792","TUR","Türkiye","0","W00","World","H5","HS","true","2204","Wine of fresh grapes, including fortified wines; grape must other than that of heading no. 2009","4","false","C00","TOTAL CPC","0","0","TOTAL MOT","7","l","1368182","true","-1","N/A","0","false","1368358","false","0","false",,"4253174.812","4253174.812","2","false","true",
"C","A","20190101","2019","52","2019","380","ITA","Italy","X","Export","795","TKM","Turkmenistan","0","W00","World","H5","HS","true","2204","Wine of fresh grapes, including fortified wines; grape must other than that of heading no. 2009","4","false","C00","TOTAL CPC","0","0","TOTAL MOT","7","l","1755","false","7","l","1755","false","1755","false","0","false",,"6915.282","6915.282","0","false","true",
"C","A","20190101","2019","52","2019","380","ITA","Italy","X","Export","796","TCA","Turks and Caicos Isds","0","W00","World","H5","HS","true","2204","Wine of fresh grapes, including fortified wines; grape must other than that of heading no. 2009","4","false","C00","TOTAL CPC","0","0","TOTAL MOT","7","l","83709","true","-1","N/A","0","false","83711","false","0","false",,"683653.466","683653.466","2","false","true",
"C","A","20190101","2019","52","2019","380","ITA","Italy","X","Export","800","UGA","Uganda","0","W00","World","H5","HS","true","2204","Wine of fresh grapes, including fortified wines; grape must other than that of heading no. 2009","4","false","C00","TOTAL CPC","0","0","TOTAL MOT","7","l","51121","true","-1","N/A","0","false","50627","false","0","false",,"196514.015","196514.015","2","false","true",
"C","A","20190101","2019","52","2019","380","ITA","Italy","X","Export","804","UKR","Ukraine","0","W00","World","H5","HS","true","2204","Wine of fresh grapes, including fortified wines; grape must other than that of heading no. 2009","4","false","C00","TOTAL CPC","0","0","TOTAL MOT","7","l","11819347","true","-1","N/A","0","false","11835978","false","0","false",,"36390008.401","36390008.401","2","false","true",
"C","A","20190101","2019","52","2019","380","ITA","Italy","X","Export","807","MKD","North Macedonia","0","W00","World","H5","HS","true","2204","Wine of fresh grapes, including fortified wines; grape must other than that of heading no. 2009","4","false","C00","TOTAL CPC","0","0","TOTAL MOT","7","l","54543","false","7","l","54543","false","54514","false","0","false",,"248186.63","248186.63","0","false","true",
"C","A","20190101","2019","52","2019","380","ITA","Italy","X","Export","818","EGY","Egypt","0","W00","World","H5","HS","true","2204","Wine of fresh grapes, including fortified wines; grape must other than that of heading no. 2009","4","false","C00","TOTAL CPC","0","0","TOTAL MOT","7","l","25630","false","7","l","25630","false","25724","false","0","false",,"197995.141","197995.141","0","false","true",
"C","A","20190101","2019","52","2019","380","ITA","Italy","X","Export","826","GBR","United Kingdom","0","W00","World","H5","HS","true","2204","Wine of fresh grapes, including fortified wines; grape must other than that of heading no. 2009","4","false","C00","TOTAL CPC","0","0","TOTAL MOT","7","l","279675250.248","true","-1","N/A","0","false","280235874","false","0","false",,"854181006.282","854181006.282","2","false","true",
"C","A","20190101","2019","52","2019","380","ITA","Italy","X","Export","834","TZA","United Rep. of Tanzania","0","W00","World","H5","HS","true","2204","Wine of fresh grapes, including fortified wines; grape must other than that of heading no. 2009","4","false","C00","TOTAL CPC","0","0","TOTAL MOT","7","l","25076","true","-1","N/A","0","false","25105","false","0","false",,"85015.312","85015.312","2","false","true",
"C","A","20190101","2019","52","2019","380","ITA","Italy","X","Export","837","X1 ","Bunkers","0","W00","World","H5","HS","true","2204","Wine of fresh grapes, including fortified wines; grape must other than that of heading no. 2009","4","false","C00","TOTAL CPC","0","0","TOTAL MOT","7","l","376205","true","-1","N/A","0","false","373968","false","0","false",,"3558736.999","3558736.999","2","false","true",
"C","A","20190101","2019","52","2019","380","ITA","Italy","X","Export","839","XX ","Special Categories","0","W00","World","H5","HS","true","2204","Wine of fresh grapes, including fortified wines; grape must other than that of heading no. 2009","4","false","C00","TOTAL CPC","0","0","TOTAL MOT","7","l","3810","false","7","l","3810","false","3727","false","0","false",,"38505.928","38505.928","0","false","true",
"C","A","20190101","2019","52","2019","380","ITA","Italy","X","Export","842","USA","USA","0","W00","World","H5","HS","true","2204","Wine of fresh grapes, including fortified wines; grape must other than that of heading no. 2009","4","false","C00","TOTAL CPC","0","0","TOTAL MOT","7","l","347277485.689","true","-1","N/A","0","false","348211348","false","0","false",,"1724039139.944","1724039139.944","2","false","true",
"C","A","20190101","2019","52","2019","380","ITA","Italy","X","Export","854","BFA","Burkina Faso","0","W00","World","H5","HS","true","2204","Wine of fresh grapes, including fortified wines; grape must other than that of heading no. 2009","4","false","C00","TOTAL CPC","0","0","TOTAL MOT","7","l","32782","false","7","l","32782","false","32806","false","0","false",,"102741.809","102741.809","0","false","true",
"C","A","20190101","2019","52","2019","380","ITA","Italy","X","Export","858","URY","Uruguay","0","W00","World","H5","HS","true","2204","Wine of fresh grapes, including fortified wines; grape must other than that of heading no. 2009","4","false","C00","TOTAL CPC","0","0","TOTAL MOT","7","l","99537","true","-1","N/A","0","false","99593","false","0","false",,"621315.173","621315.173","2","false","true",
"C","A","20190101","2019","52","2019","380","ITA","Italy","X","Export","860","UZB","Uzbekistan","0","W00","World","H5","HS","true","2204","Wine of fresh grapes, including fortified wines; grape must other than that of heading no. 2009","4","false","C00","TOTAL CPC","0","0","TOTAL MOT","7","l","13770","false","7","l","13770","false","13828","false","0","false",,"256356.895","256356.895","0","false","true",
"C","A","20190101","2019","52","2019","380","ITA","Italy","X","Export","862","VEN","Venezuela","0","W00","World","H5","HS","true","2204","Wine of fresh grapes, including fortified wines; grape must other than that of heading no. 2009","4","false","C00","TOTAL CPC","0","0","TOTAL MOT","7","l","409940","true","-1","N/A","0","false","409940","false","0","false",,"1423495.695","1423495.695","2","false","true",
"C","A","20190101","2019","52","2019","380","ITA","Italy","X","Export","894","ZMB","Zambia","0","W00","World","H5","HS","true","2204","Wine of fresh grapes, including fortified wines; grape must other than that of heading no. 2009","4","false","C00","TOTAL CPC","0","0","TOTAL MOT","7","l","21487","true","-1","N/A","0","false","21487","false","0","false",,"70752.613","70752.613","2","false","true",
"C","A","20190101","2019","52","2019","380","ITA","Italy","X","Export","899","_X ","Areas, nes","0","W00","World","H5","HS","true","2204","Wine of fresh grapes, including fortified wines; grape must other than that of heading no. 2009","4","false","C00","TOTAL CPC","0","0","TOTAL MOT","7","l","361678","false","7","l","361678","false","361676","false","0","false",,"3714670.614","3714670.614","0","false","true",
"C","A","20200101","2020","52","2020","380","ITA","Italy","X","Export","0","W00","World","0","W00","World","H5","HS","true","2204","Wine of fresh grapes, including fortified wines; grape must other than that of heading no. 2009","4","false","C00","TOTAL CPC","0","0","TOTAL MOT","7","l","2068833324.825","true","-1","N/A","0","false","2071845922.813","true","0","false",,"7226729563.891","7226729563.891","6","false","true",
"C","A","20200101","2020","52","2020","380","ITA","Italy","X","Export","4","AFG","Afghanistan","0","W00","World","H5","HS","true","2204","Wine of fresh grapes, including fortified wines; grape must other than that of heading no. 2009","4","false","C00","TOTAL CPC","0","0","TOTAL MOT","7","l","420","false","7","l","420","false","420","false","0","false",,"4667.013","4667.013","0","false","true",
"C","A","20200101","2020","52","2020","380","ITA","Italy","X","Export","8","ALB","Albania","0","W00","World","H5","HS","true","2204","Wine of fresh grapes, including fortified wines; grape must other than that of heading no. 2009","4","false","C00","TOTAL CPC","0","0","TOTAL MOT","7","l","2443173.632","true","-1","N/A","0","false","2459615","false","0","false",,"10295386.957","10295386.957","2","false","true",
"C","A","20200101","2020","52","2020","380","ITA","Italy","X","Export","20","AND","Andorra","0","W00","World","H5","HS","true","2204","Wine of fresh grapes, including fortified wines; grape must other than that of heading no. 2009","4","false","C00","TOTAL CPC","0","0","TOTAL MOT","7","l","2352","true","-1","N/A","0","false","2352","false","0","false",,"37121.37","37121.37","2","false","true",
"C","A","20200101","2020","52","2020","380","ITA","Italy","X","Export","24","AGO","Angola","0","W00","World","H5","HS","true","2204","Wine of fresh grapes, including fortified wines; grape must other than that of heading no. 2009","4","false","C00","TOTAL CPC","0","0","TOTAL MOT","7","l","238252","true","-1","N/A","0","false","238259","false","0","false",,"716510.973","716510.973","2","false","true",
"C","A","20200101","2020","52","2020","380","ITA","Italy","X","Export","28","ATG","Antigua and Barbuda","0","W00","World","H5","HS","true","2204","Wine of fresh grapes, including fortified wines; grape must other than that of heading no. 2009","4","false","C00","TOTAL CPC","0","0","TOTAL MOT","7","l","46684","false","7","l","46684","false","46684","false","0","false",,"235637.319","235637.319","0","false","true",
"C","A","20200101","2020","52","2020","380","ITA","Italy","X","Export","31","AZE","Azerbaijan","0","W00","World","H5","HS","true","2204","Wine of fresh grapes, including fortified wines; grape must other than that of heading no. 2009","4","false","C00","TOTAL CPC","0","0","TOTAL MOT","7","l","55576","true","-1","N/A","0","false","55509","false","0","false",,"463556.82","463556.82","2","false","true",
"C","A","20200101","2020","52","2020","380","ITA","Italy","X","Export","32","ARG","Argentina","0","W00","World","H5","HS","true","2204","Wine of fresh grapes, including fortified wines; grape must other than that of heading no. 2009","4","false","C00","TOTAL CPC","0","0","TOTAL MOT","7","l","35120","true","-1","N/A","0","false","35119","false","0","false",,"493303.03","493303.03","2","false","true",
"C","A","20200101","2020","52","2020","380","ITA","Italy","X","Export","36","AUS","Australia","0","W00","World","H5","HS","true","2204","Wine of fresh grapes, including fortified wines; grape must other than that of heading no. 2009","4","false","C00","TOTAL CPC","0","0","TOTAL MOT","7","l","15087087","true","-1","N/A","0","false","15097985","false","0","false",,"74356707.175","74356707.175","2","false","true",
"C","A","20200101","2020","52","2020","380","ITA","Italy","X","Export","40","AUT","Austria","0","W00","World","H5","HS","true","2204","Wine of fresh grapes, including fortified wines; grape must other than that of heading no. 2009","4","false","C00","TOTAL CPC","0","0","TOTAL MOT","7","l","45299807.707","true","-1","N/A","0","false","45321370","false","0","false",,"123873356.069","123873356.069","2","false","true",
"C","A","20200101","2020","52","2020","380","ITA","Italy","X","Export","44","BHS","Bahamas","0","W00","World","H5","HS","true","2204","Wine of fresh grapes, including fortified wines; grape must other than that of heading no. 2009","4","false","C00","TOTAL CPC","0","0","TOTAL MOT","7","l","154293","true","-1","N/A","0","false","154293","false","0","false",,"854575.056","854575.056","2","false","true",
"C","A","20200101","2020","52","2020","380","ITA","Italy","X","Export","48","BHR","Bahrain","0","W00","World","H5","HS","true","2204","Wine of fresh grapes, including fortified wines; grape must other than that of heading no. 2009","4","false","C00","TOTAL CPC","0","0","TOTAL MOT","7","l","72805","false","7","l","72805","false","72905","false","0","false",,"321453.931","321453.931","0","false","true",
"C","A","20200101","2020","52","2020","380","ITA","Italy","X","Export","51","ARM","Armenia","0","W00","World","H5","HS","true","2204","Wine of fresh grapes, including fortified wines; grape must other than that of heading no. 2009","4","false","C00","TOTAL CPC","0","0","TOTAL MOT","7","l","46986","true","-1","N/A","0","false","46999","false","0","false",,"169471.047","169471.047","2","false","true",
"C","A","20200101","2020","52","2020","380","ITA","Italy","X","Export","52","BRB","Barbados","0","W00","World","H5","HS","true","2204","Wine of fresh grapes, including fortified wines; grape must other than that of heading no. 2009","4","false","C00","TOTAL CPC","0","0","TOTAL MOT","7","l","62299","true","-1","N/A","0","false","62299","false","0","false",,"374802.48","374802.48","2","false","true",
"C","A","20200101","2020","52","2020","380","ITA","Italy","X","Export","56","BEL","Belgium","0","W00","World","H5","HS","true","2204","Wine of fresh grapes, including fortified wines; grape must other than that of heading no. 2009","4","false","C00","TOTAL CPC","0","0","TOTAL MOT","7","l","50182138.085","true","-1","N/A","0","false","50502587","false","0","false",,"183567036.429","183567036.429","2","false","true",
"C","A","20200101","2020","52","2020","380","ITA","Italy","X","Export","60","BMU","Bermuda","0","W00","World","H5","HS","true","2204","Wine of fresh grapes, including fortified wines; grape must other than that of heading no. 2009","4","false","C00","TOTAL CPC","0","0","TOTAL MOT","7","l","216516","true","-1","N/A","0","false","216506","false","0","false",,"1905708.338","1905708.338","2","false","true",
"C","A","20200101","2020","52","2020","380","ITA","Italy","X","Export","68","BOL","Bolivia (Plurinational State of)","0","W00","World","H5","HS","true","2204","Wine of fresh grapes, including fortified wines; grape must other than that of heading no. 2009","4","false","C00","TOTAL CPC","0","0","TOTAL MOT","7","l","6181","false","7","l","6181","false","6176","false","0","false",,"15241.463","15241.463","0","false","true",
"C","A","20200101","2020","52","2020","380","ITA","Italy","X","Export","70","BIH","Bosnia Herzegovina","0","W00","World","H5","HS","true","2204","Wine of fresh grapes, including fortified wines; grape must other than that of heading no. 2009","4","false","C00","TOTAL CPC","0","0","TOTAL MOT","7","l","34508","false","7","l","34508","false","34444","false","0","false",,"111099.121","111099.121","0","false","true",
"C","A","20200101","2020","52","2020","380","ITA","Italy","X","Export","72","BWA","Botswana","0","W00","World","H5","HS","true","2204","Wine of fresh grapes, including fortified wines; grape must other than that of heading no. 2009","4","false","C00","TOTAL CPC","0","0","TOTAL MOT","7","l","4928","false","7","l","4928","false","4928","false","0","false",,"20080.948","20080.948","0","false","true",
"C","A","20200101","2020","52","2020","380","ITA","Italy","X","Export","76","BRA","Brazil","0","W00","World","H5","HS","true","2204","Wine of fresh grapes, including fortified wines; grape must other than that of heading no. 2009","4","false","C00","TOTAL CPC","0","0","TOTAL MOT","7","l","12039082.113","true","-1","N/A","0","false","12043620","false","0","false",,"39637213.171","39637213.171","2","false","true",
"C","A","20200101","2020","52","2020","380","ITA","Italy","X","Export","84","BLZ","Belize","0","W00","World","H5","HS","true","2204","Wine of fresh grapes, including fortified wines; grape must other than that of heading no. 2009","4","false","C00","TOTAL CPC","0","0","TOTAL MOT","7","l","21692","true","-1","N/A","0","false","21692","false","0","false",,"115990.004","115990.004","2","false","true",
"C","A","20200101","2020","52","2020","380","ITA","Italy","X","Export","92","VGB","Br. Virgin Isds","0","W00","World","H5","HS","true","2204","Wine of fresh grapes, including fortified wines; grape must other than that of heading no. 2009","4","false","C00","TOTAL CPC","0","0","TOTAL MOT","7","l","48939","false","7","l","48939","false","48948","false","0","false",,"461836.673","461836.673","0","false","true",
"C","A","20200101","2020","52","2020","380","ITA","Italy","X","Export","100","BGR","Bulgaria","0","W00","World","H5","HS","true","2204","Wine of fresh grapes, including fortified wines; grape must other than that of heading no. 2009","4","false","C00","TOTAL CPC","0","0","TOTAL MOT","7","l","3149193","true","-1","N/A","0","false","3096097","false","0","false",,"8416649.293","8416649.293","2","false","true",
"C","A","20200101","2020","52","2020","380","ITA","Italy","X","Export","104","MMR","Myanmar","0","W00","World","H5","HS","true","2204","Wine of fresh grapes, including fortified wines; grape must other than that of heading no. 2009","4","false","C00","TOTAL CPC","0","0","TOTAL MOT","7","l","31336","true","-1","N/A","0","false","31336","false","0","false",,"149754.46","149754.46","2","false","true",
"C","A","20200101","2020","52","2020","380","ITA","Italy","X","Export","112","BLR","Belarus","0","W00","World","H5","HS","true","2204","Wine of fresh grapes, including fortified wines; grape must other than that of heading no. 2009","4","false","C00","TOTAL CPC","0","0","TOTAL MOT","7","l","3318952","true","-1","N/A","0","false","3318669","false","0","false",,"8109312.904","8109312.904","2","false","true",
"C","A","20200101","2020","52","2020","380","ITA","Italy","X","Export","116","KHM","Cambodia","0","W00","World","H5","HS","true","2204","Wine of fresh grapes, including fortified wines; grape must other than that of heading no. 2009","4","false","C00","TOTAL CPC","0","0","TOTAL MOT","7","l","121279","false","7","l","121279","false","121281","false","0","false",,"603433.569","603433.569","0","false","true",
"C","A","20200101","2020","52","2020","380","ITA","Italy","X","Export","120","CMR","Cameroon","0","W00","World","H5","HS","true","2204","Wine of fresh grapes, including fortified wines; grape must other than that of heading no. 2009","4","false","C00","TOTAL CPC","0","0","TOTAL MOT","7","l","282373","true","-1","N/A","0","false","282406","false","0","false",,"665632.994","665632.994","2","false","true",
"C","A","20200101","2020","52","2020","380","ITA","Italy","X","Export","124","CAN","Canada","0","W00","World","H5","HS","true","2204","Wine of fresh grapes, including fortified wines; grape must other than that of heading no. 2009","4","false","C00","TOTAL CPC","0","0","TOTAL MOT","7","l","78151334.159","true","-1","N/A","0","false","78149682","false","0","false",,"395396296.556","395396296.556","2","false","true",
"C","A","20200101","2020","52","2020","380","ITA","Italy","X","Export","132","CPV","Cabo Verde","0","W00","World","H5","HS","true","2204","Wine of fresh grapes, including fortified wines; grape must other than that of heading no. 2009","4","false","C00","TOTAL CPC","0","0","TOTAL MOT","7","l","18210","false","7","l","18210","false","18210","false","0","false",,"53927.642","53927.642","0","false","true",
"C","A","20200101","2020","52","2020","380","ITA","Italy","X","Export","136","CYM","Cayman Isds","0","W00","World","H5","HS","true","2204","Wine of fresh grapes, including fortified wines; grape must other than that of heading no. 2009","4","false","C00","TOTAL CPC","0","0","TOTAL MOT","7","l","219540","true","-1","N/A","0","false","219540","false","0","false",,"1710172.378","1710172.378","2","false","true",
"C","A","20200101","2020","52","2020","380","ITA","Italy","X","Export","144","LKA","Sri Lanka","0","W00","World","H5","HS","true","2204","Wine of fresh grapes, including fortified wines; grape must other than that of heading no. 2009","4","false","C00","TOTAL CPC","0","0","TOTAL MOT","7","l","121384","true","-1","N/A","0","false","121449","false","0","false",,"742326.887","742326.887","2","false","true",
"C","A","20200101","2020","52","2020","380","ITA","Italy","X","Export","152","CHL","Chile","0","W00","World","H5","HS","true","2204","Wine of fresh grapes, including fortified wines; grape must other than that of heading no. 2009","4","false","C00","TOTAL CPC","0","0","TOTAL MOT","7","l","589991","true","-1","N/A","0","false","600130","false","0","false",,"2380141.148","2380141.148","2","false","true",
"C","A","20200101","2020","52","2020","380","ITA","Italy","X","Export","156","CHN","China","0","W00","World","H5","HS","true","2204","Wine of fresh grapes, including fortified wines; grape must other than that of heading no. 2009","4","false","C00","TOTAL CPC","0","0","TOTAL MOT","7","l","24726716","true","-1","N/A","0","false","24734765","false","0","false",,"111983766.179","111983766.179","2","false","true",
"C","A","20200101","2020","52","2020","380","ITA","Italy","X","Export","170","COL","Colombia","0","W00","World","H5","HS","true","2204","Wine of fresh grapes, including fortified wines; grape must other than that of heading no. 2009","4","false","C00","TOTAL CPC","0","0","TOTAL MOT","7","l","1460674","true","-1","N/A","0","false","1461341","false","0","false",,"4509818.132","4509818.132","2","false","true",
"C","A","20200101","2020","52","2020","380","ITA","Italy","X","Export","178","COG","Congo","0","W00","World","H5","HS","true","2204","Wine of fresh grapes, including fortified wines; grape must other than that of heading no. 2009","4","false","C00","TOTAL CPC","0","0","TOTAL MOT","7","l","29943","false","7","l","29943","false","29941","false","0","false",,"296582.613","296582.613","0","false","true",
"C","A","20200101","2020","52","2020","380","ITA","Italy","X","Export","180","COD","Dem. Rep. of the Congo","0","W00","World","H5","HS","true","2204","Wine of fresh grapes, including fortified wines; grape must other than that of heading no. 2009","4","false","C00","TOTAL CPC","0","0","TOTAL MOT","7","l","7692","false","7","l","7692","false","7907","false","0","false",,"23179.726","23179.726","0","false","true",
"C","A","20200101","2020","52","2020","380","ITA","Italy","X","Export","184","COK","Cook Isds","0","W00","World","H5","HS","true","2204","Wine of fresh grapes, including fortified wines; grape must other than that of heading no. 2009","4","false","C00","TOTAL CPC","0","0","TOTAL MOT","7","l","225","false","7","l","225","false","225","false","0","false",,"1200.448","1200.448","0","false","true",
"C","A","20200101","2020","52","2020","380","ITA","Italy","X","Export","188","CRI","Costa Rica","0","W00","World","H5","HS","true","2204","Wine of fresh grapes, including fortified wines; grape must other than that of heading no. 2009","4","false","C00","TOTAL CPC","0","0","TOTAL MOT","7","l","755160","true","-1","N/A","0","false","755303","false","0","false",,"2809753.046","2809753.046","2","false","true",
"C","A","20200101","2020","52","2020","380","ITA","Italy","X","Export","191","HRV","Croatia","0","W00","World","H5","HS","true","2204","Wine of fresh grapes, including fortified wines; grape must other than that of heading no. 2009","4","false","C00","TOTAL CPC","0","0","TOTAL MOT","7","l","1990440","true","-1","N/A","0","false","1998806","false","0","false",,"3480476.807","3480476.807","2","false","true",
"C","A","20200101","2020","52","2020","380","ITA","Italy","X","Export","192","CUB","Cuba","0","W00","World","H5","HS","true","2204","Wine of fresh grapes, including fortified wines; grape must other than that of heading no. 2009","4","false","C00","TOTAL CPC","0","0","TOTAL MOT","7","l","168460","true","-1","N/A","0","false","168460","false","0","false",,"494761.615","494761.615","2","false","true",
"C","A","20200101","2020","52","2020","380","ITA","Italy","X","Export","196","CYP","Cyprus","0","W00","World","H5","HS","true","2204","Wine of fresh grapes, including fortified wines; grape must other than that of heading no. 2009","4","false","C00","TOTAL CPC","0","0","TOTAL MOT","7","l","1002480","true","-1","N/A","0","false","1017869","false","0","false",,"4801563.545","4801563.545","2","false","true",
"C","A","20200101","2020","52","2020","380","ITA","Italy","X","Export","203","CZE","Czechia","0","W00","World","H5","HS","true","2204","Wine of fresh grapes, including fortified wines; grape must other than that of heading no. 2009","4","false","C00","TOTAL CPC","0","0","TOTAL MOT","7","l","29827403.146","true","-1","N/A","0","false","29867151","false","0","false",,"65533203.098","65533203.098","2","false","true",
"C","A","20200101","2020","52","2020","380","ITA","Italy","X","Export","204","BEN","Benin","0","W00","World","H5","HS","true","2204","Wine of fresh grapes, including fortified wines; grape must other than that of heading no. 2009","4","false","C00","TOTAL CPC","0","0","TOTAL MOT","7","l","29566","true","-1","N/A","0","false","29566","false","0","false",,"53024.165","53024.165","2","false","true",
"C","A","20200101","2020","52","2020","380","ITA","Italy","X","Export","208","DNK","Denmark","0","W00","World","H5","HS","true","2204","Wine of fresh grapes, including fortified wines; grape must other than that of heading no. 2009","4","false","C00","TOTAL CPC","0","0","TOTAL MOT","7","l","39275661.741","true","-1","N/A","0","false","37986554","false","0","false",,"175124912.739","175124912.739","2","false","true",
"C","A","20200101","2020","52","2020","380","ITA","Italy","X","Export","212","DMA","Dominica","0","W00","World","H5","HS","true","2204","Wine of fresh grapes, including fortified wines; grape must other than that of heading no. 2009","4","false","C00","TOTAL CPC","0","0","TOTAL MOT","7","l","7619","true","-1","N/A","0","false","7619","false","0","false",,"27991.797","27991.797","2","false","true",
"C","A","20200101","2020","52","2020","380","ITA","Italy","X","Export","214","DOM","Dominican Rep.","0","W00","World","H5","HS","true","2204","Wine of fresh grapes, including fortified wines; grape must other than that of heading no. 2009","4","false","C00","TOTAL CPC","0","0","TOTAL MOT","7","l","574206","true","-1","N/A","0","false","573843","false","0","false",,"2949853.665","2949853.665","2","false","true",
"C","A","20200101","2020","52","2020","380","ITA","Italy","X","Export","218","ECU","Ecuador","0","W00","World","H5","HS","true","2204","Wine of fresh grapes, including fortified wines; grape must other than that of heading no. 2009","4","false","C00","TOTAL CPC","0","0","TOTAL MOT","7","l","438744","true","-1","N/A","0","false","439051","false","0","false",,"1448330.799","1448330.799","2","false","true",
"C","A","20200101","2020","52","2020","380","ITA","Italy","X","Export","222","SLV","El Salvador","0","W00","World","H5","HS","true","2204","Wine of fresh grapes, including fortified wines; grape must other than that of heading no. 2009","4","false","C00","TOTAL CPC","0","0","TOTAL MOT","7","l","88136.875","true","-1","N/A","0","false","89225","false","0","false",,"385510.567","385510.567","2","false","true",
"C","A","20200101","2020","52","2020","380","ITA","Italy","X","Export","226","GNQ","Equatorial Guinea","0","W00","World","H5","HS","true","2204","Wine of fresh grapes, including fortified wines; grape must other than that of heading no. 2009","4","false","C00","TOTAL CPC","0","0","TOTAL MOT","7","l","41","false","7","l","41","false","41","false","0","false",,"2774.394","2774.394","0","false","true",
"C","A","20200101","2020","52","2020","380","ITA","Italy","X","Export","231","ETH","Ethiopia","0","W00","World","H5","HS","true","2204","Wine of fresh grapes, including fortified wines; grape must other than that of heading no. 2009","4","false","C00","TOTAL CPC","0","0","TOTAL MOT","7","l","53438","true","-1","N/A","0","false","53438","false","0","false",,"288949.317","288949.317","2","false","true",
"C","A","20200101","2020","52","2020","380","ITA","Italy","X","Export","232","ERI","Eritrea","0","W00","World","H5","HS","true","2204","Wine of fresh grapes, including fortified wines; grape must other than that of heading no. 2009","4","false","C00","TOTAL CPC","0","0","TOTAL MOT","7","l","5674","false","7","l","5674","false","5674","false","0","false",,"23826.209","23826.209","0","false","true",
"C","A","20200101","2020","52","2020","380","ITA","Italy","X","Export","233","EST","Estonia","0","W00","World","H5","HS","true","2204","Wine of fresh grapes, including fortified wines; grape must other than that of heading no. 2009","4","false","C00","TOTAL CPC","0","0","TOTAL MOT","7","l","3947272","true","-1","N/A","0","false","3972313","false","0","false",,"16936770.121","16936770.121","2","false","true",
"C","A","20200101","2020","52","2020","380","ITA","Italy","X","Export","242","FJI","Fiji","0","W00","World","H5","HS","true","2204","Wine of fresh grapes, including fortified wines; grape must other than that of heading no. 2009","4","false","C00","TOTAL CPC","0","0","TOTAL MOT","7","l","8708","false","7","l","8708","false","8708","false","0","false",,"20926.173","20926.173","0","false","true",
"C","A","20200101","2020","52","2020","380","ITA","Italy","X","Export","246","FIN","Finland","0","W00","World","H5","HS","true","2204","Wine of fresh grapes, including fortified wines; grape must other than that of heading no. 2009","4","false","C00","TOTAL CPC","0","0","TOTAL MOT","7","l","10979715","true","-1","N/A","0","false","10866869","false","0","false",,"51458513.447","51458513.447","2","false","true",
"C","A","20200101","2020","52","2020","380","ITA","Italy","X","Export","251","FRA","France","0","W00","World","H5","HS","true","2204","Wine of fresh grapes, including fortified wines; grape must other than that of heading no. 2009","4","false","C00","TOTAL CPC","0","0","TOTAL MOT","7","l","75283284.839","true","-1","N/A","0","false","75945492","false","0","false",,"214783343.343","214783343.343","2","false","true",
"C","A","20200101","2020","52","2020","380","ITA","Italy","X","Export","258","PYF","French Polynesia","0","W00","World","H5","HS","true","2204","Wine of fresh grapes, including fortified wines; grape must other than that of heading no. 2009","4","false","C00","TOTAL CPC","0","0","TOTAL MOT","7","l","2540","false","7","l","2540","false","2540","false","0","false",,"23276.812","23276.812","0","false","true",
"C","A","20200101","2020","52","2020","380","ITA","Italy","X","Export","262","DJI","Djibouti","0","W00","World","H5","HS","true","2204","Wine of fresh grapes, including fortified wines; grape must other than that of heading no. 2009","4","false","C00","TOTAL CPC","0","0","TOTAL MOT","7","l","1254","true","-1","N/A","0","false","1254","false","0","false",,"5393.45","5393.45","2","false","true",
"C","A","20200101","2020","52","2020","380","ITA","Italy","X","Export","266","GAB","Gabon","0","W00","World","H5","HS","true","2204","Wine of fresh grapes, including fortified wines; grape must other than that of heading no. 2009","4","false","C00","TOTAL CPC","0","0","TOTAL MOT","7","l","5310","false","7","l","5310","false","5310","false","0","false",,"21574.94","21574.94","0","false","true",
"C","A","20200101","2020","52","2020","380","ITA","Italy","X","Export","268","GEO","Georgia","0","W00","World","H5","HS","true","2204","Wine of fresh grapes, including fortified wines; grape must other than that of heading no. 2009","4","false","C00","TOTAL CPC","0","0","TOTAL MOT","7","l","94646","true","-1","N/A","0","false","95558","false","0","false",,"850472.288","850472.288","2","false","true",
"C","A","20200101","2020","52","2020","380","ITA","Italy","X","Export","276","DEU","Germany","0","W00","World","H5","HS","true","2204","Wine of fresh grapes, including fortified wines; grape must other than that of heading no. 2009","4","false","C00","TOTAL CPC","0","0","TOTAL MOT","7","l","546979687.222","true","-1","N/A","0","false","547605505","false","0","false",,"1223899461.474","1223899461.474","2","false","true",
"C","A","20200101","2020","52","2020","380","ITA","Italy","X","Export","288","GHA","Ghana","0","W00","World","H5","HS","true","2204","Wine of fresh grapes, including fortified wines; grape must other than that of heading no. 2009","4","false","C00","TOTAL CPC","0","0","TOTAL MOT","7","l","247191","true","-1","N/A","0","false","247213","false","0","false",,"624471.677","624471.677","2","false","true",
"C","A","20200101","2020","52","2020","380","ITA","Italy","X","Export","292","GIB","Gibraltar","0","W00","World","H5","HS","true","2204","Wine of fresh grapes, including fortified wines; grape must other than that of heading no. 2009","4","false","C00","TOTAL CPC","0","0","TOTAL MOT","7","l","16045","true","-1","N/A","0","false","16045","false","0","false",,"91358.547","91358.547","2","false","true",
"C","A","20200101","2020","52","2020","380","ITA","Italy","X","Export","300","GRC","Greece","0","W00","World","H5","HS","true","2204","Wine of fresh grapes, including fortified wines; grape must other than that of heading no. 2009","4","false","C00","TOTAL CPC","0","0","TOTAL MOT","7","l","6373980","true","-1","N/A","0","false","6463679","false","0","false",,"13347025.134","13347025.134","2","false","true",
"C","A","20200101","2020","52","2020","380","ITA","Italy","X","Export","308","GRD","Grenada","0","W00","World","H5","HS","true","2204","Wine of fresh grapes, including fortified wines; grape must other than that of heading no. 2009","4","false","C00","TOTAL CPC","0","0","TOTAL MOT","7","l","22437","true","-1","N/A","0","false","22437","false","0","false",,"90862.834","90862.834","2","false","true",
"C","A","20200101","2020","52","2020","380","ITA","Italy","X","Export","316","GUM","Guam","0","W00","World","H5","HS","true","2204","Wine of fresh grapes, including fortified wines; grape must other than that of heading no. 2009","4","false","C00","TOTAL CPC","0","0","TOTAL MOT","7","l","22952","true","-1","N/A","0","false","22952","false","0","false",,"107449.804","107449.804","2","false","true",
"C","A","20200101","2020","52","2020","380","ITA","Italy","X","Export","320","GTM","Guatemala","0","W00","World","H5","HS","true","2204","Wine of fresh grapes, including fortified wines; grape must other than that of heading no. 2009","4","false","C00","TOTAL CPC","0","0","TOTAL MOT","7","l","211583","true","-1","N/A","0","false","211597","false","0","false",,"1155526.57","1155526.57","2","false","true",
"C","A","20200101","2020","52","2020","380","ITA","Italy","X","Export","324","GIN","Guinea","0","W00","World","H5","HS","true","2204","Wine of fresh grapes, including fortified wines; grape must other than that of heading no. 2009","4","false","C00","TOTAL CPC","0","0","TOTAL MOT","7","l","13759","true","-1","N/A","0","false","13759","false","0","false",,"71037.738","71037.738","2","false","true",
"C","A","20200101","2020","52","2020","380","ITA","Italy","X","Export","328","GUY","Guyana","0","W00","World","H5","HS","true","2204","Wine of fresh grapes, including fortified wines; grape must other than that of heading no. 2009","4","false","C00","TOTAL CPC","0","0","TOTAL MOT","7","l","8532","true","-1","N/A","0","false","8532","false","0","false",,"37804.403","37804.403","2","false","true",
"C","A","20200101","2020","52","2020","380","ITA","Italy","X","Export","332","HTI","Haiti","0","W00","World","H5","HS","true","2204","Wine of fresh grapes, including fortified wines; grape must other than that of heading no. 2009","4","false","C00","TOTAL CPC","0","0","TOTAL MOT","7","l","18607","true","-1","N/A","0","false","18609","false","0","false",,"96431.039","96431.039","2","false","true",
"C","A","20200101","2020","52","2020","380","ITA","Italy","X","Export","336","VAT","Holy See (Vatican City State)","0","W00","World","H5","HS","true","2204","Wine of fresh grapes, including fortified wines; grape must other than that of heading no. 2009","4","false","C00","TOTAL CPC","0","0","TOTAL MOT","7","l","45583","true","-1","N/A","0","false","46400","false","0","false",,"219734.524","219734.524","2","false","true",
"C","A","20200101","2020","52","2020","380","ITA","Italy","X","Export","340","HND","Honduras","0","W00","World","H5","HS","true","2204","Wine of fresh grapes, including fortified wines; grape must other than that of heading no. 2009","4","false","C00","TOTAL CPC","0","0","TOTAL MOT","7","l","131404","true","-1","N/A","0","false","131404","false","0","false",,"459494.029","459494.029","2","false","true",
"C","A","20200101","2020","52","2020","380","ITA","Italy","X","Export","344","HKG","China, Hong Kong SAR","0","W00","World","H5","HS","true","2204","Wine of fresh grapes, including fortified wines; grape must other than that of heading no. 2009","4","false","C00","TOTAL CPC","0","0","TOTAL MOT","7","l","2555762","true","-1","N/A","0","false","2556170","false","0","false",,"27335986.121","27335986.121","2","false","true",
"C","A","20200101","2020","52","2020","380","ITA","Italy","X","Export","348","HUN","Hungary","0","W00","World","H5","HS","true","2204","Wine of fresh grapes, including fortified wines; grape must other than that of heading no. 2009","4","false","C00","TOTAL CPC","0","0","TOTAL MOT","7","l","2918452","true","-1","N/A","0","false","2948073","false","0","false",,"9356890.192","9356890.192","2","false","true",
"C","A","20200101","2020","52","2020","380","ITA","Italy","X","Export","352","ISL","Iceland","0","W00","World","H5","HS","true","2204","Wine of fresh grapes, including fortified wines; grape must other than that of heading no. 2009","4","false","C00","TOTAL CPC","0","0","TOTAL MOT","7","l","1489061","true","-1","N/A","0","false","1489313","false","0","false",,"6051370.399","6051370.399","2","false","true",
"C","A","20200101","2020","52","2020","380","ITA","Italy","X","Export","360","IDN","Indonesia","0","W00","World","H5","HS","true","2204","Wine of fresh grapes, including fortified wines; grape must other than that of heading no. 2009","4","false","C00","TOTAL CPC","0","0","TOTAL MOT","7","l","102245","true","-1","N/A","0","false","102235","false","0","false",,"1395240.386","1395240.386","2","false","true",
"C","A","20200101","2020","52","2020","380","ITA","Italy","X","Export","368","IRQ","Iraq","0","W00","World","H5","HS","true","2204","Wine of fresh grapes, including fortified wines; grape must other than that of heading no. 2009","4","false","C00","TOTAL CPC","0","0","TOTAL MOT","7","l","78715","true","-1","N/A","0","false","78724","false","0","false",,"580330.37","580330.37","2","false","true",
"C","A","20200101","2020","52","2020","380","ITA","Italy","X","Export","372","IRL","Ireland","0","W00","World","H5","HS","true","2204","Wine of fresh grapes, including fortified wines; grape must other than that of heading no. 2009","4","false","C00","TOTAL CPC","0","0","TOTAL MOT","7","l","13097072.856","true","-1","N/A","0","false","13087457","false","0","false",,"42699053.442","42699053.442","2","false","true",
"C","A","20200101","2020","52","2020","380","ITA","Italy","X","Export","376","ISR","Israel","0","W00","World","H5","HS","true","2204","Wine of fresh grapes, including fortified wines; grape must other than that of heading no. 2009","4","false","C00","TOTAL CPC","0","0","TOTAL MOT","7","l","8801135","true","-1","N/A","0","false","8775672","false","0","false",,"13474485.07","13474485.07","2","false","true",
"C","A","20200101","2020","52","2020","380","ITA","Italy","X","Export","384","CIV","Côte d'Ivoire","0","W00","World","H5","HS","true","2204","Wine of fresh grapes, including fortified wines; grape must other than that of heading no. 2009","4","false","C00","TOTAL CPC","0","0","TOTAL MOT","7","l","136616","true","-1","N/A","0","false","136675","false","0","false",,"220479.236","220479.236","2","false","true",
"C","A","20200101","2020","52","2020","380","ITA","Italy","X","Export","388","JAM","Jamaica","0","W00","World","H5","HS","true","2204","Wine of fresh grapes, including fortified wines; grape must other than that of heading no. 2009","4","false","C00","TOTAL CPC","0","0","TOTAL MOT","7","l","153296","true","-1","N/A","0","false","153843","false","0","false",,"669680.937","669680.937","2","false","true",
"C","A","20200101","2020","52","2020","380","ITA","Italy","X","Export","392","JPN","Japan","0","W00","World","H5","HS","true","2204","Wine of fresh grapes, including fortified wines; grape must other than that of heading no. 2009","4","false","C00","TOTAL CPC","0","0","TOTAL MOT","7","l","39330079.15","true","-1","N/A","0","false","39340013","false","0","false",,"175826361.573","175826361.573","2","false","true",
"C","A","20200101","2020","52","2020","380","ITA","Italy","X","Export","398","KAZ","Kazakhstan","0","W00","World","H5","HS","true","2204","Wine of fresh grapes, including fortified wines; grape must other than that of heading no. 2009","4","false","C00","TOTAL CPC","0","0","TOTAL MOT","7","l","875365","true","-1","N/A","0","false","885177","false","0","false",,"3187637.17","3187637.17","2","false","true",
"C","A","20200101","2020","52","2020","380","ITA","Italy","X","Export","400","JOR","Jordan","0","W00","World","H5","HS","true","2204","Wine of fresh grapes, including fortified wines; grape must other than that of heading no. 2009","4","false","C00","TOTAL CPC","0","0","TOTAL MOT","7","l","171367","false","7","l","171367","false","171872","false","0","false",,"942301.42","942301.42","0","false","true",
"C","A","20200101","2020","52","2020","380","ITA","Italy","X","Export","404","KEN","Kenya","0","W00","World","H5","HS","true","2204","Wine of fresh grapes, including fortified wines; grape must other than that of heading no. 2009","4","false","C00","TOTAL CPC","0","0","TOTAL MOT","7","l","226595","true","-1","N/A","0","false","226597","false","0","false",,"847724.165","847724.165","2","false","true",
"C","A","20200101","2020","52","2020","380","ITA","Italy","X","Export","410","KOR","Rep. of Korea","0","W00","World","H5","HS","true","2204","Wine of fresh grapes, including fortified wines; grape must other than that of heading no. 2009","4","false","C00","TOTAL CPC","0","0","TOTAL MOT","7","l","7952899.811","true","-1","N/A","0","false","7960695","false","0","false",,"48977037.812","48977037.812","2","false","true",
"C","A","20200101","2020","52","2020","380","ITA","Italy","X","Export","414","KWT","Kuwait","0","W00","World","H5","HS","true","2204","Wine of fresh grapes, including fortified wines; grape must other than that of heading no. 2009","4","false","C00","TOTAL CPC","0","0","TOTAL MOT","7","l","3951","false","7","l","3951","false","3951","false","0","false",,"15571.558","15571.558","0","false","true",
"C","A","20200101","2020","52","2020","380","ITA","Italy","X","Export","417","KGZ","Kyrgyzstan","0","W00","World","H5","HS","true","2204","Wine of fresh grapes, including fortified wines; grape must other than that of heading no. 2009","4","false","C00","TOTAL CPC","0","0","TOTAL MOT","7","l","13724","true","-1","N/A","0","false","13724","false","0","false",,"23363.619","23363.619","2","false","true",
"C","A","20200101","2020","52","2020","380","ITA","Italy","X","Export","418","LAO","Lao People's Dem. Rep.","0","W00","World","H5","HS","true","2204","Wine of fresh grapes, including fortified wines; grape must other than that of heading no. 2009","4","false","C00","TOTAL CPC","0","0","TOTAL MOT","7","l","67085","true","-1","N/A","0","false","67085","false","0","false",,"205892.251","205892.251","2","false","true",
"C","A","20200101","2020","52","2020","380","ITA","Italy","X","Export","422","LBN","Lebanon","0","W00","World","H5","HS","true","2204","Wine of fresh grapes, including fortified wines; grape must other than that of heading no. 2009","4","false","C00","TOTAL CPC","0","0","TOTAL MOT","7","l","182331","true","-1","N/A","0","false","182870","false","0","false",,"924920.624","924920.624","2","false","true",
"C","A","20200101","2020","52","2020","380","ITA","Italy","X","Export","428","LVA","Latvia","0","W00","World","H5","HS","true","2204","Wine of fresh grapes, including fortified wines; grape must other than that of heading no. 2009","4","false","C00","TOTAL CPC","0","0","TOTAL MOT","7","l","13420272","true","-1","N/A","0","false","13368249","false","0","false",,"53246909.119","53246909.119","2","false","true",
"C","A","20200101","2020","52","2020","380","ITA","Italy","X","Export","434","LBY","Libya","0","W00","World","H5","HS","true","2204","Wine of fresh grapes, including fortified wines; grape must other than that of heading no. 2009","4","false","C00","TOTAL CPC","0","0","TOTAL MOT","7","l","39294","false","7","l","39294","false","39294","false","0","false",,"54825.408","54825.408","0","false","true",
"C","A","20200101","2020","52","2020","380","ITA","Italy","X","Export","440","LTU","Lithuania","0","W00","World","H5","HS","true","2204","Wine of fresh grapes, including fortified wines; grape must other than that of heading no. 2009","4","false","C00","TOTAL CPC","0","0","TOTAL MOT","7","l","10003206.787","true","-1","N/A","0","false","9748089","false","0","false",,"25373978.942","25373978.942","2","false","true",
"C","A","20200101","2020","52","2020","380","ITA","Italy","X","Export","442","LUX","Luxembourg","0","W00","World","H5","HS","true","2204","Wine of fresh grapes, including fortified wines; grape must other than that of heading no. 2009","4","false","C00","TOTAL CPC","0","0","TOTAL MOT","7","l","2625595","true","-1","N/A","0","false","2567643","false","0","false",,"13089188.093","13089188.093","2","false","true",
"C","A","20200101","2020","52","2020","380","ITA","Italy","X","Export","446","MAC","China, Macao SAR","0","W00","World","H5","HS","true","2204","Wine of fresh grapes, including fortified wines; grape must other than that of heading no. 2009","4","false","C00","TOTAL CPC","0","0","TOTAL MOT","7","l","14114","false","7","l","14114","false","14084","false","0","false",,"162917.126","162917.126","0","false","true",
"C","A","20200101","2020","52","2020","380","ITA","Italy","X","Export","450","MDG","Madagascar","0","W00","World","H5","HS","true","2204","Wine of fresh grapes, including fortified wines; grape must other than that of heading no. 2009","4","false","C00","TOTAL CPC","0","0","TOTAL MOT","7","l","13415","true","-1","N/A","0","false","13415","false","0","false",,"31028.897","31028.897","2","false","true",
"C","A","20200101","2020","52","2020","380","ITA","Italy","X","Export","458","MYS","Malaysia","0","W00","World","H5","HS","true","2204","Wine of fresh grapes, including fortified wines; grape must other than that of heading no. 2009","4","false","C00","TOTAL CPC","0","0","TOTAL MOT","7","l","502074","true","-1","N/A","0","false","502088","false","0","false",,"3798027.855","3798027.855","2","false","true",
"C","A","20200101","2020","52","2020","380","ITA","Italy","X","Export","462","MDV","Maldives","0","W00","World","H5","HS","true","2204","Wine of fresh grapes, including fortified wines; grape must other than that of heading no. 2009","4","false","C00","TOTAL CPC","0","0","TOTAL MOT","7","l","102668","true","-1","N/A","0","false","102518","false","0","false",,"536965.757","536965.757","2","false","true",
"C","A","20200101","2020","52","2020","380","ITA","Italy","X","Export","466","MLI","Mali","0","W00","World","H5","HS","true","2204","Wine of fresh grapes, including fortified wines; grape must other than that of heading no. 2009","4","false","C00","TOTAL CPC","0","0","TOTAL MOT","7","l","1350","false","7","l","1350","false","1350","false","0","false",,"7071.335","7071.335","0","false","true",
"C","A","20200101","2020","52","2020","380","ITA","Italy","X","Export","470","MLT","Malta","0","W00","World","H5","HS","true","2204","Wine of fresh grapes, including fortified wines; grape must other than that of heading no. 2009","4","false","C00","TOTAL CPC","0","0","TOTAL MOT","7","l","4342214","true","-1","N/A","0","false","4363784","false","0","false",,"14068765.08","14068765.08","2","false","true",
"C","A","20200101","2020","52","2020","380","ITA","Italy","X","Export","480","MUS","Mauritius","0","W00","World","H5","HS","true","2204","Wine of fresh grapes, including fortified wines; grape must other than that of heading no. 2009","4","false","C00","TOTAL CPC","0","0","TOTAL MOT","7","l","33408","true","-1","N/A","0","false","33405","false","0","false",,"324878.235","324878.235","2","false","true",
"C","A","20200101","2020","52","2020","380","ITA","Italy","X","Export","484","MEX","Mexico","0","W00","World","H5","HS","true","2204","Wine of fresh grapes, including fortified wines; grape must other than that of heading no. 2009","4","false","C00","TOTAL CPC","0","0","TOTAL MOT","7","l","16780595.575","true","-1","N/A","0","false","16785515","false","0","false",,"45395443.535","45395443.535","2","false","true",
"C","A","20200101","2020","52","2020","380","ITA","Italy","X","Export","490","S19","Other Asia, nes","0","W00","World","H5","HS","true","2204","Wine of fresh grapes, including fortified wines; grape must other than that of heading no. 2009","4","false","C00","TOTAL CPC","0","0","TOTAL MOT","7","l","2547595","true","-1","N/A","0","false","2547757","false","0","false",,"19091171.079","19091171.079","2","false","true",
"C","A","20200101","2020","52","2020","380","ITA","Italy","X","Export","496","MNG","Mongolia","0","W00","World","H5","HS","true","2204","Wine of fresh grapes, including fortified wines; grape must other than that of heading no. 2009","4","false","C00","TOTAL CPC","0","0","TOTAL MOT","7","l","83344","true","-1","N/A","0","false","83344","false","0","false",,"415086.591","415086.591","2","false","true",
"C","A","20200101","2020","52","2020","380","ITA","Italy","X","Export","498","MDA","Rep. of Moldova","0","W00","World","H5","HS","true","2204","Wine of fresh grapes, including fortified wines; grape must other than that of heading no. 2009","4","false","C00","TOTAL CPC","0","0","TOTAL MOT","7","l","211159","true","-1","N/A","0","false","211778","false","0","false",,"707854.269","707854.269","2","false","true",
"C","A","20200101","2020","52","2020","380","ITA","Italy","X","Export","499","MNE","Montenegro","0","W00","World","H5","HS","true","2204","Wine of fresh grapes, including fortified wines; grape must other than that of heading no. 2009","4","false","C00","TOTAL CPC","0","0","TOTAL MOT","7","l","96107","true","-1","N/A","0","false","96114","false","0","false",,"666932.813","666932.813","2","false","true",
"C","A","20200101","2020","52","2020","380","ITA","Italy","X","Export","504","MAR","Morocco","0","W00","World","H5","HS","true","2204","Wine of fresh grapes, including fortified wines; grape must other than that of heading no. 2009","4","false","C00","TOTAL CPC","0","0","TOTAL MOT","7","l","69138","false","7","l","69138","false","69130","false","0","false",,"304744.746","304744.746","0","false","true",
"C","A","20200101","2020","52","2020","380","ITA","Italy","X","Export","508","MOZ","Mozambique","0","W00","World","H5","HS","true","2204","Wine of fresh grapes, including fortified wines; grape must other than that of heading no. 2009","4","false","C00","TOTAL CPC","0","0","TOTAL MOT","7","l","145123","false","7","l","145123","false","145123","false","0","false",,"536463.191","536463.191","0","false","true",
"C","A","20200101","2020","52","2020","380","ITA","Italy","X","Export","512","OMN","Oman","0","W00","World","H5","HS","true","2204","Wine of fresh grapes, including fortified wines; grape must other than that of heading no. 2009","4","false","C00","TOTAL CPC","0","0","TOTAL MOT","7","l","16644","false","7","l","16644","false","16644","false","0","false",,"25251.669","25251.669","0","false","true",
"C","A","20200101","2020","52","2020","380","ITA","Italy","X","Export","516","NAM","Namibia","0","W00","World","H5","HS","true","2204","Wine of fresh grapes, including fortified wines; grape must other than that of heading no. 2009","4","false","C00","TOTAL CPC","0","0","TOTAL MOT","7","l","2322","false","7","l","2322","false","2332","false","0","false",,"13504.183","13504.183","0","false","true",
"C","A","20200101","2020","52","2020","380","ITA","Italy","X","Export","524","NPL","Nepal","0","W00","World","H5","HS","true","2204","Wine of fresh grapes, including fortified wines; grape must other than that of heading no. 2009","4","false","C00","TOTAL CPC","0","0","TOTAL MOT","7","l","18587","false","7","l","18587","false","18587","false","0","false",,"101229.405","101229.405","0","false","true",
"C","A","20200101","2020","52","2020","380","ITA","Italy","X","Export","528","NLD","Netherlands","0","W00","World","H5","HS","true","2204","Wine of fresh grapes, including fortified wines; grape must other than that of heading no. 2009","4","false","C00","TOTAL CPC","0","0","TOTAL MOT","7","l","53754676.884","true","-1","N/A","0","false","53810254","false","0","false",,"222112419.875","222112419.875","2","false","true",
"C","A","20200101","2020","52","2020","380","ITA","Italy","X","Export","531","CUW","Curaçao","0","W00","World","H5","HS","true","2204","Wine of fresh grapes, including fortified wines; grape must other than that of heading no. 2009","4","false","C00","TOTAL CPC","0","0","TOTAL MOT","7","l","68491","true","-1","N/A","0","false","68491","false","0","false",,"363797.421","363797.421","2","false","true",
"C","A","20200101","2020","52","2020","380","ITA","Italy","X","Export","533","ABW","Aruba","0","W00","World","H5","HS","true","2204","Wine of fresh grapes, including fortified wines; grape must other than that of heading no. 2009","4","false","C00","TOTAL CPC","0","0","TOTAL MOT","7","l","91131","true","-1","N/A","0","false","91131","false","0","false",,"577381.22","577381.22","2","false","true",
"C","A","20200101","2020","52","2020","380","ITA","Italy","X","Export","534","SXM","Sint Maarten","0","W00","World","H5","HS","true","2204","Wine of fresh grapes, including fortified wines; grape must other than that of heading no. 2009","4","false","C00","TOTAL CPC","0","0","TOTAL MOT","7","l","60697","true","-1","N/A","0","false","60357","false","0","false",,"477958.769","477958.769","2","false","true",
"C","A","20200101","2020","52","2020","380","ITA","Italy","X","Export","535","BES","Bonaire","0","W00","World","H5","HS","true","2204","Wine of fresh grapes, including fortified wines; grape must other than that of heading no. 2009","4","false","C00","TOTAL CPC","0","0","TOTAL MOT","7","l","38799","true","-1","N/A","0","false","38810","false","0","false",,"163256.359","163256.359","2","false","true",
"C","A","20200101","2020","52","2020","380","ITA","Italy","X","Export","540","NCL","New Caledonia","0","W00","World","H5","HS","true","2204","Wine of fresh grapes, including fortified wines; grape must other than that of heading no. 2009","4","false","C00","TOTAL CPC","0","0","TOTAL MOT","7","l","20451","true","-1","N/A","0","false","20451","false","0","false",,"96588.663","96588.663","2","false","true",
"C","A","20200101","2020","52","2020","380","ITA","Italy","X","Export","548","VUT","Vanuatu","0","W00","World","H5","HS","true","2204","Wine of fresh grapes, including fortified wines; grape must other than that of heading no. 2009","4","false","C00","TOTAL CPC","0","0","TOTAL MOT","7","l","918","false","7","l","918","false","918","false","0","false",,"15597.829","15597.829","0","false","true",
"C","A","20200101","2020","52","2020","380","ITA","Italy","X","Export","554","NZL","New Zealand","0","W00","World","H5","HS","true","2204","Wine of fresh grapes, including fortified wines; grape must other than that of heading no. 2009","4","false","C00","TOTAL CPC","0","0","TOTAL MOT","7","l","2365547","true","-1","N/A","0","false","2368389","false","0","false",,"9698682.065","9698682.065","2","false","true",
"C","A","20200101","2020","52","2020","380","ITA","Italy","X","Export","558","NIC","Nicaragua","0","W00","World","H5","HS","true","2204","Wine of fresh grapes, including fortified wines; grape must other than that of heading no. 2009","4","false","C00","TOTAL CPC","0","0","TOTAL MOT","7","l","116223","true","-1","N/A","0","false","112379","false","0","false",,"203597.579","203597.579","2","false","true",
"C","A","20200101","2020","52","2020","380","ITA","Italy","X","Export","566","NGA","Nigeria","0","W00","World","H5","HS","true","2204","Wine of fresh grapes, including fortified wines; grape must other than that of heading no. 2009","4","false","C00","TOTAL CPC","0","0","TOTAL MOT","7","l","1569732","true","-1","N/A","0","false","1555550","false","0","false",,"3130525.086","3130525.086","2","false","true",
"C","A","20200101","2020","52","2020","380","ITA","Italy","X","Export","568","E19","Other Europe, nes","0","W00","World","H5","HS","true","2204","Wine of fresh grapes, including fortified wines; grape must other than that of heading no. 2009","4","false","C00","TOTAL CPC","0","0","TOTAL MOT","7","l","15298","true","-1","N/A","0","false","14592","false","0","false",,"74948.617","74948.617","2","false","true",
"C","A","20200101","2020","52","2020","380","ITA","Italy","X","Export","577","F19","Other Africa, nes","0","W00","World","H5","HS","true","2204","Wine of fresh grapes, including fortified wines; grape must other than that of heading no. 2009","4","false","C00","TOTAL CPC","0","0","TOTAL MOT","7","l","707","false","7","l","707","false","707","false","0","false",,"8687.543","8687.543","0","false","true",
"C","A","20200101","2020","52","2020","380","ITA","Italy","X","Export","579","NOR","Norway","0","W00","World","H5","HS","true","2204","Wine of fresh grapes, including fortified wines; grape must other than that of heading no. 2009","4","false","C00","TOTAL CPC","0","0","TOTAL MOT","7","l","31347637","true","-1","N/A","0","false","31351915","false","0","false",,"140156199.564","140156199.564","2","false","true",
"C","A","20200101","2020","52","2020","380","ITA","Italy","X","Export","586","PAK","Pakistan","0","W00","World","H5","HS","true","2204","Wine of fresh grapes, including fortified wines; grape must other than that of heading no. 2009","4","false","C00","TOTAL CPC","0","0","TOTAL MOT","7","l","21653","false","7","l","21653","false","21653","false","0","false",,"370333.067","370333.067","0","false","true",
"C","A","20200101","2020","52","2020","380","ITA","Italy","X","Export","591","PAN","Panama","0","W00","World","H5","HS","true","2204","Wine of fresh grapes, including fortified wines; grape must other than that of heading no. 2009","4","false","C00","TOTAL CPC","0","0","TOTAL MOT","7","l","474916","true","-1","N/A","0","false","474731","false","0","false",,"2048092.207","2048092.207","2","false","true",
"C","A","20200101","2020","52","2020","380","ITA","Italy","X","Export","600","PRY","Paraguay","0","W00","World","H5","HS","true","2204","Wine of fresh grapes, including fortified wines; grape must other than that of heading no. 2009","4","false","C00","TOTAL CPC","0","0","TOTAL MOT","7","l","89606","false","7","l","89606","false","89669","false","0","false",,"711581.255","711581.255","0","false","true",
"C","A","20200101","2020","52","2020","380","ITA","Italy","X","Export","604","PER","Peru","0","W00","World","H5","HS","true","2204","Wine of fresh grapes, including fortified wines; grape must other than that of heading no. 2009","4","false","C00","TOTAL CPC","0","0","TOTAL MOT","7","l","906330","true","-1","N/A","0","false","922247","false","0","false",,"4194884.997","4194884.997","2","false","true",
"C","A","20200101","2020","52","2020","380","ITA","Italy","X","Export","608","PHL","Philippines","0","W00","World","H5","HS","true","2204","Wine of fresh grapes, including fortified wines; grape must other than that of heading no. 2009","4","false","C00","TOTAL CPC","0","0","TOTAL MOT","7","l","760272","true","-1","N/A","0","false","760910","false","0","false",,"2733993.469","2733993.469","2","false","true",
"C","A","20200101","2020","52","2020","380","ITA","Italy","X","Export","616","POL","Poland","0","W00","World","H5","HS","true","2204","Wine of fresh grapes, including fortified wines; grape must other than that of heading no. 2009","4","false","C00","TOTAL CPC","0","0","TOTAL MOT","7","l","27310391.035","true","-1","N/A","0","false","27729599","false","0","false",,"88542771.215","88542771.215","2","false","true",
"C","A","20200101","2020","52","2020","380","ITA","Italy","X","Export","620","PRT","Portugal","0","W00","World","H5","HS","true","2204","Wine of fresh grapes, including fortified wines; grape must other than that of heading no. 2009","4","false","C00","TOTAL CPC","0","0","TOTAL MOT","7","l","6472055","true","-1","N/A","0","false","6484466","false","0","false",,"13152167.638","13152167.638","2","false","true",
"C","A","20200101","2020","52","2020","380","ITA","Italy","X","Export","626","TLS","Timor-Leste","0","W00","World","H5","HS","true","2204","Wine of fresh grapes, including fortified wines; grape must other than that of heading no. 2009","4","false","C00","TOTAL CPC","0","0","TOTAL MOT","7","l","5940","false","7","l","5940","false","5940","false","0","false",,"11175.246","11175.246","0","false","true",
"C","A","20200101","2020","52","2020","380","ITA","Italy","X","Export","634","QAT","Qatar","0","W00","World","H5","HS","true","2204","Wine of fresh grapes, including fortified wines; grape must other than that of heading no. 2009","4","false","C00","TOTAL CPC","0","0","TOTAL MOT","7","l","293037","false","7","l","293037","false","293090","false","0","false",,"1002627.644","1002627.644","0","false","true",
"C","A","20200101","2020","52","2020","380","ITA","Italy","X","Export","642","ROU","Romania","0","W00","World","H5","HS","true","2204","Wine of fresh grapes, including fortified wines; grape must other than that of heading no. 2009","4","false","C00","TOTAL CPC","0","0","TOTAL MOT","7","l","5356094","true","-1","N/A","0","false","5353172","false","0","false",,"18914875.411","18914875.411","2","false","true",
"C","A","20200101","2020","52","2020","380","ITA","Italy","X","Export","643","RUS","Russian Federation","0","W00","World","H5","HS","true","2204","Wine of fresh grapes, including fortified wines; grape must other than that of heading no. 2009","4","false","C00","TOTAL CPC","0","0","TOTAL MOT","7","l","50386024","true","-1","N/A","0","false","50467821","false","0","false",,"143683424.169","143683424.169","2","false","true",
"C","A","20200101","2020","52","2020","380","ITA","Italy","X","Export","646","RWA","Rwanda","0","W00","World","H5","HS","true","2204","Wine of fresh grapes, including fortified wines; grape must other than that of heading no. 2009","4","false","C00","TOTAL CPC","0","0","TOTAL MOT","7","l","5683","true","-1","N/A","0","false","5683","false","0","false",,"21440.161","21440.161","2","false","true",
"C","A","20200101","2020","52","2020","380","ITA","Italy","X","Export","652","BLM","Saint Barthélemy","0","W00","World","H5","HS","true","2204","Wine of fresh grapes, including fortified wines; grape must other than that of heading no. 2009","4","false","C00","TOTAL CPC","0","0","TOTAL MOT","7","l","2282","false","7","l","2282","false","2282","false","0","false",,"74724.747","74724.747","0","false","true",
"C","A","20200101","2020","52","2020","380","ITA","Italy","X","Export","659","KNA","Saint Kitts and Nevis","0","W00","World","H5","HS","true","2204","Wine of fresh grapes, including fortified wines; grape must other than that of heading no. 2009","4","false","C00","TOTAL CPC","0","0","TOTAL MOT","7","l","4856","false","7","l","4856","false","4856","false","0","false",,"28807.325","28807.325","0","false","true",
"C","A","20200101","2020","52","2020","380","ITA","Italy","X","Export","660","AIA","Anguilla","0","W00","World","H5","HS","true","2204","Wine of fresh grapes, including fortified wines; grape must other than that of heading no. 2009","4","false","C00","TOTAL CPC","0","0","TOTAL MOT","7","l","1541","false","7","l","1541","false","1541","false","0","false",,"17403.64","17403.64","0","false","true",
"C","A","20200101","2020","52","2020","380","ITA","Italy","X","Export","662","LCA","Saint Lucia","0","W00","World","H5","HS","true","2204","Wine of fresh grapes, including fortified wines; grape must other than that of heading no. 2009","4","false","C00","TOTAL CPC","0","0","TOTAL MOT","7","l","36476","false","7","l","36476","false","36476","false","0","false",,"151141.086","151141.086","0","false","true",
"C","A","20200101","2020","52","2020","380","ITA","Italy","X","Export","670","VCT","Saint Vincent and the Grenadines","0","W00","World","H5","HS","true","2204","Wine of fresh grapes, including fortified wines; grape must other than that of heading no. 2009","4","false","C00","TOTAL CPC","0","0","TOTAL MOT","7","l","12524","true","-1","N/A","0","false","12524","false","0","false",,"124154.421","124154.421","2","false","true",
"C","A","20200101","2020","52","2020","380","ITA","Italy","X","Export","678","STP","Sao Tome and Principe","0","W00","World","H5","HS","true","2204","Wine of fresh grapes, including fortified wines; grape must other than that of heading no. 2009","4","false","C00","TOTAL CPC","0","0","TOTAL MOT","7","l","8748","false","7","l","8748","false","8748","false","0","false",,"25411.577","25411.577","0","false","true",
"C","A","20200101","2020","52","2020","380","ITA","Italy","X","Export","682","SAU","Saudi Arabia","0","W00","World","H5","HS","true","2204","Wine of fresh grapes, including fortified wines; grape must other than that of heading no. 2009","4","false","C00","TOTAL CPC","0","0","TOTAL MOT","7","l","16095","false","7","l","16095","false","16095","false","0","false",,"46124.159","46124.159","0","false","true",
"C","A","20200101","2020","52","2020","380","ITA","Italy","X","Export","686","SEN","Senegal","0","W00","World","H5","HS","true","2204","Wine of fresh grapes, including fortified wines; grape must other than that of heading no. 2009","4","false","C00","TOTAL CPC","0","0","TOTAL MOT","7","l","60781","true","-1","N/A","0","false","60778","false","0","false",,"112308.706","112308.706","2","false","true",
"C","A","20200101","2020","52","2020","380","ITA","Italy","X","Export","688","SRB","Serbia","0","W00","World","H5","HS","true","2204","Wine of fresh grapes, including fortified wines; grape must other than that of heading no. 2009","4","false","C00","TOTAL CPC","0","0","TOTAL MOT","7","l","1231720","true","-1","N/A","0","false","1231704","false","0","false",,"5562799.486","5562799.486","2","false","true",
"C","A","20200101","2020","52","2020","380","ITA","Italy","X","Export","690","SYC","Seychelles","0","W00","World","H5","HS","true","2204","Wine of fresh grapes, including fortified wines; grape must other than that of heading no. 2009","4","false","C00","TOTAL CPC","0","0","TOTAL MOT","7","l","76307","false","7","l","76307","false","76384","false","0","false",,"308914.904","308914.904","0","false","true",
"C","A","20200101","2020","52","2020","380","ITA","Italy","X","Export","694","SLE","Sierra Leone","0","W00","World","H5","HS","true","2204","Wine of fresh grapes, including fortified wines; grape must other than that of heading no. 2009","4","false","C00","TOTAL CPC","0","0","TOTAL MOT","7","l","17481","false","7","l","17481","false","17514","false","0","false",,"66875.576","66875.576","0","false","true",
"C","A","20200101","2020","52","2020","380","ITA","Italy","X","Export","699","IND","India","0","W00","World","H5","HS","true","2204","Wine of fresh grapes, including fortified wines; grape must other than that of heading no. 2009","4","false","C00","TOTAL CPC","0","0","TOTAL MOT","7","l","372719","true","-1","N/A","0","false","372840","false","0","false",,"1832836.233","1832836.233","2","false","true",
"C","A","20200101","2020","52","2020","380","ITA","Italy","X","Export","702","SGP","Singapore","0","W00","World","H5","HS","true","2204","Wine of fresh grapes, including fortified wines; grape must other than that of heading no. 2009","4","false","C00","TOTAL CPC","0","0","TOTAL MOT","7","l","1772208.045","true","-1","N/A","0","false","1772255.813","true","0","false",,"17378980.44","17378980.44","6","false","true",
"C","A","20200101","2020","52","2020","380","ITA","Italy","X","Export","703","SVK","Slovakia","0","W00","World","H5","HS","true","2204","Wine of fresh grapes, including fortified wines; grape must other than that of heading no. 2009","4","false","C00","TOTAL CPC","0","0","TOTAL MOT","7","l","10320074.55","true","-1","N/A","0","false","10332648","false","0","false",,"23472824.54","23472824.54","2","false","true",
"C","A","20200101","2020","52","2020","380","ITA","Italy","X","Export","704","VNM","Viet Nam","0","W00","World","H5","HS","true","2204","Wine of fresh grapes, including fortified wines; grape must other than that of heading no. 2009","4","false","C00","TOTAL CPC","0","0","TOTAL MOT","7","l","2252886","true","-1","N/A","0","false","2254480","false","0","false",,"12638551.794","12638551.794","2","false","true",
"C","A","20200101","2020","52","2020","380","ITA","Italy","X","Export","705","SVN","Slovenia","0","W00","World","H5","HS","true","2204","Wine of fresh grapes, including fortified wines; grape must other than that of heading no. 2009","4","false","C00","TOTAL CPC","0","0","TOTAL MOT","7","l","1549318","true","-1","N/A","0","false","1554568","false","0","false",,"3254231.766","3254231.766","2","false","true",
"C","A","20200101","2020","52","2020","380","ITA","Italy","X","Export","706","SOM","Somalia","0","W00","World","H5","HS","true","2204","Wine of fresh grapes, including fortified wines; grape must other than that of heading no. 2009","4","false","C00","TOTAL CPC","0","0","TOTAL MOT","7","l","222","false","7","l","222","false","222","false","0","false",,"2206.723","2206.723","0","false","true",
"C","A","20200101","2020","52","2020","380","ITA","Italy","X","Export","710","ZAF","South Africa","0","W00","World","H5","HS","true","2204","Wine of fresh grapes, including fortified wines; grape must other than that of heading no. 2009","4","false","C00","TOTAL CPC","0","0","TOTAL MOT","7","l","546732","true","-1","N/A","0","false","547324","false","0","false",,"2336020.401","2336020.401","2","false","true",
"C","A","20200101","2020","52","2020","380","ITA","Italy","X","Export","716","ZWE","Zimbabwe","0","W00","World","H5","HS","true","2204","Wine of fresh grapes, including fortified wines; grape must other than that of heading no. 2009","4","false","C00","TOTAL CPC","0","0","TOTAL MOT","7","l","10800","false","7","l","10800","false","10800","false","0","false",,"30053.461","30053.461","0","false","true",
"C","A","20200101","2020","52","2020","380","ITA","Italy","X","Export","724","ESP","Spain","0","W00","World","H5","HS","true","2204","Wine of fresh grapes, including fortified wines; grape must other than that of heading no. 2009","4","false","C00","TOTAL CPC","0","0","TOTAL MOT","7","l","19055160.784","true","-1","N/A","0","false","19053325","false","0","false",,"43615440.72","43615440.72","2","false","true",
"C","A","20200101","2020","52","2020","380","ITA","Italy","X","Export","729","SDN","Sudan","0","W00","World","H5","HS","true","2204","Wine of fresh grapes, including fortified wines; grape must other than that of heading no. 2009","4","false","C00","TOTAL CPC","0","0","TOTAL MOT","7","l","2555","false","7","l","2555","false","2555","false","0","false",,"16483.03","16483.03","0","false","true",
"C","A","20200101","2020","52","2020","380","ITA","Italy","X","Export","740","SUR","Suriname","0","W00","World","H5","HS","true","2204","Wine of fresh grapes, including fortified wines; grape must other than that of heading no. 2009","4","false","C00","TOTAL CPC","0","0","TOTAL MOT","7","l","20916","false","7","l","20916","false","21473","false","0","false",,"75488.876","75488.876","0","false","true",
"C","A","20200101","2020","52","2020","380","ITA","Italy","X","Export","752","SWE","Sweden","0","W00","World","H5","HS","true","2204","Wine of fresh grapes, including fortified wines; grape must other than that of heading no. 2009","4","false","C00","TOTAL CPC","0","0","TOTAL MOT","7","l","53472822.604","true","-1","N/A","0","false","54828398","false","0","false",,"212784853.282","212784853.282","2","false","true",
"C","A","20200101","2020","52","2020","380","ITA","Italy","X","Export","757","CHE","Switzerland","0","W00","World","H5","HS","true","2204","Wine of fresh grapes, including fortified wines; grape must other than that of heading no. 2009","4","false","C00","TOTAL CPC","0","0","TOTAL MOT","7","l","75691570","true","-1","N/A","0","false","75656432","false","0","false",,"436314631.026","436314631.026","2","false","true",
"C","A","20200101","2020","52","2020","380","ITA","Italy","X","Export","762","TJK","Tajikistan","0","W00","World","H5","HS","true","2204","Wine of fresh grapes, including fortified wines; grape must other than that of heading no. 2009","4","false","C00","TOTAL CPC","0","0","TOTAL MOT","7","l","495","false","7","l","495","false","495","false","0","false",,"2913.742","2913.742","0","false","true",
"C","A","20200101","2020","52","2020","380","ITA","Italy","X","Export","764","THA","Thailand","0","W00","World","H5","HS","true","2204","Wine of fresh grapes, including fortified wines; grape must other than that of heading no. 2009","4","false","C00","TOTAL CPC","0","0","TOTAL MOT","7","l","1650025","true","-1","N/A","0","false","1650261","false","0","false",,"13842073.44","13842073.44","2","false","true",
"C","A","20200101","2020","52","2020","380","ITA","Italy","X","Export","768","TGO","Togo","0","W00","World","H5","HS","true","2204","Wine of fresh grapes, including fortified wines; grape must other than that of heading no. 2009","4","false","C00","TOTAL CPC","0","0","TOTAL MOT","7","l","76733","true","-1","N/A","0","false","76753","false","0","false",,"116629.634","116629.634","2","false","true",
"C","A","20200101","2020","52","2020","380","ITA","Italy","X","Export","776","TON","Tonga","0","W00","World","H5","HS","true","2204","Wine of fresh grapes, including fortified wines; grape must other than that of heading no. 2009","4","false","C00","TOTAL CPC","0","0","TOTAL MOT","7","l","459","false","7","l","459","false","459","false","0","false",,"2468.286","2468.286","0","false","true",
"C","A","20200101","2020","52","2020","380","ITA","Italy","X","Export","780","TTO","Trinidad and Tobago","0","W00","World","H5","HS","true","2204","Wine of fresh grapes, including fortified wines; grape must other than that of heading no. 2009","4","false","C00","TOTAL CPC","0","0","TOTAL MOT","7","l","133421","true","-1","N/A","0","false","133998","false","0","false",,"664834.599","664834.599","2","false","true",
"C","A","20200101","2020","52","2020","380","ITA","Italy","X","Export","784","ARE","United Arab Emirates","0","W00","World","H5","HS","true","2204","Wine of fresh grapes, including fortified wines; grape must other than that of heading no. 2009","4","false","C00","TOTAL CPC","0","0","TOTAL MOT","7","l","1463475","true","-1","N/A","0","false","1463892","false","0","false",,"9052934.703","9052934.703","2","false","true",
"C","A","20200101","2020","52","2020","380","ITA","Italy","X","Export","788","TUN","Tunisia","0","W00","World","H5","HS","true","2204","Wine of fresh grapes, including fortified wines; grape must other than that of heading no. 2009","4","false","C00","TOTAL CPC","0","0","TOTAL MOT","7","l","150","false","7","l","150","false","150","false","0","false",,"1629.914","1629.914","0","false","true",
"C","A","20200101","2020","52","2020","380","ITA","Italy","X","Export","792","TUR","Türkiye","0","W00","World","H5","HS","true","2204","Wine of fresh grapes, including fortified wines; grape must other than that of heading no. 2009","4","false","C00","TOTAL CPC","0","0","TOTAL MOT","7","l","1162409","true","-1","N/A","0","false","1162485","false","0","false",,"3382210.259","3382210.259","2","false","true",
"C","A","20200101","2020","52","2020","380","ITA","Italy","X","Export","795","TKM","Turkmenistan","0","W00","World","H5","HS","true","2204","Wine of fresh grapes, including fortified wines; grape must other than that of heading no. 2009","4","false","C00","TOTAL CPC","0","0","TOTAL MOT","7","l","3060","false","7","l","3060","false","3058","false","0","false",,"33966.625","33966.625","0","false","true",
"C","A","20200101","2020","52","2020","380","ITA","Italy","X","Export","796","TCA","Turks and Caicos Isds","0","W00","World","H5","HS","true","2204","Wine of fresh grapes, including fortified wines; grape must other than that of heading no. 2009","4","false","C00","TOTAL CPC","0","0","TOTAL MOT","7","l","46163","true","-1","N/A","0","false","46164","false","0","false",,"417906.672","417906.672","2","false","true",
"C","A","20200101","2020","52","2020","380","ITA","Italy","X","Export","800","UGA","Uganda","0","W00","World","H5","HS","true","2204","Wine of fresh grapes, including fortified wines; grape must other than that of heading no. 2009","4","false","C00","TOTAL CPC","0","0","TOTAL MOT","7","l","47847","true","-1","N/A","0","false","47847","false","0","false",,"123913.417","123913.417","2","false","true",
"C","A","20200101","2020","52","2020","380","ITA","Italy","X","Export","804","UKR","Ukraine","0","W00","World","H5","HS","true","2204","Wine of fresh grapes, including fortified wines; grape must other than that of heading no. 2009","4","false","C00","TOTAL CPC","0","0","TOTAL MOT","7","l","15175072","true","-1","N/A","0","false","15194758","false","0","false",,"48752356.437","48752356.437","2","false","true",
"C","A","20200101","2020","52","2020","380","ITA","Italy","X","Export","807","MKD","North Macedonia","0","W00","World","H5","HS","true","2204","Wine of fresh grapes, including fortified wines; grape must other than that of heading no. 2009","4","false","C00","TOTAL CPC","0","0","TOTAL MOT","7","l","54049","false","7","l","54049","false","54036","false","0","false",,"248758.867","248758.867","0","false","true",
"C","A","20200101","2020","52","2020","380","ITA","Italy","X","Export","818","EGY","Egypt","0","W00","World","H5","HS","true","2204","Wine of fresh grapes, including fortified wines; grape must other than that of heading no. 2009","4","false","C00","TOTAL CPC","0","0","TOTAL MOT","7","l","23297","false","7","l","23297","false","23359","false","0","false",,"176411.03","176411.03","0","false","true",
"C","A","20200101","2020","52","2020","380","ITA","Italy","X","Export","826","GBR","United Kingdom","0","W00","World","H5","HS","true","2204","Wine of fresh grapes, including fortified wines; grape must other than that of heading no. 2009","4","false","C00","TOTAL CPC","0","0","TOTAL MOT","7","l","269507679.535","true","-1","N/A","0","false","269504022","false","0","false",,"806950978.361","806950978.361","2","false","true",
"C","A","20200101","2020","52","2020","380","ITA","Italy","X","Export","834","TZA","United Rep. of Tanzania","0","W00","World","H5","HS","true","2204","Wine of fresh grapes, including fortified wines; grape must other than that of heading no. 2009","4","false","C00","TOTAL CPC","0","0","TOTAL MOT","7","l","15651","true","-1","N/A","0","false","15763","false","0","false",,"42562.792","42562.792","2","false","true",
"C","A","20200101","2020","52","2020","380","ITA","Italy","X","Export","837","X1 ","Bunkers","0","W00","World","H5","HS","true","2204","Wine of fresh grapes, including fortified wines; grape must other than that of heading no. 2009","4","false","C00","TOTAL CPC","0","0","TOTAL MOT","7","l","56561","false","7","l","56561","false","56532","false","0","false",,"699982.254","699982.254","0","false","true",
"C","A","20200101","2020","52","2020","380","ITA","Italy","X","Export","839","XX ","Special Categories","0","W00","World","H5","HS","true","2204","Wine of fresh grapes, including fortified wines; grape must other than that of heading no. 2009","4","false","C00","TOTAL CPC","0","0","TOTAL MOT","7","l","11520","false","7","l","11520","false","11233","false","0","false",,"67727.654","67727.654","0","false","true",
"C","A","20200101","2020","52","2020","380","ITA","Italy","X","Export","842","USA","USA","0","W00","World","H5","HS","true","2204","Wine of fresh grapes, including fortified wines; grape must other than that of heading no. 2009","4","false","C00","TOTAL CPC","0","0","TOTAL MOT","7","l","344328861.69","true","-1","N/A","0","false","345322607","false","0","false",,"1659680265.498","1659680265.498","2","false","true",
"C","A","20200101","2020","52","2020","380","ITA","Italy","X","Export","854","BFA","Burkina Faso","0","W00","World","H5","HS","true","2204","Wine of fresh grapes, including fortified wines; grape must other than that of heading no. 2009","4","false","C00","TOTAL CPC","0","0","TOTAL MOT","7","l","31929","true","-1","N/A","0","false","31937","false","0","false",,"111595.976","111595.976","2","false","true",
"C","A","20200101","2020","52","2020","380","ITA","Italy","X","Export","858","URY","Uruguay","0","W00","World","H5","HS","true","2204","Wine of fresh grapes, including fortified wines; grape must other than that of heading no. 2009","4","false","C00","TOTAL CPC","0","0","TOTAL MOT","7","l","61969","true","-1","N/A","0","false","61999","false","0","false",,"765401.53","765401.53","2","false","true",
"C","A","20200101","2020","52","2020","380","ITA","Italy","X","Export","860","UZB","Uzbekistan","0","W00","World","H5","HS","true","2204","Wine of fresh grapes, including fortified wines; grape must other than that of heading no. 2009","4","false","C00","TOTAL CPC","0","0","TOTAL MOT","7","l","7669","false","7","l","7669","false","7693","false","0","false",,"82974.828","82974.828","0","false","true",
"C","A","20200101","2020","52","2020","380","ITA","Italy","X","Export","862","VEN","Venezuela","0","W00","World","H5","HS","true","2204","Wine of fresh grapes, including fortified wines; grape must other than that of heading no. 2009","4","false","C00","TOTAL CPC","0","0","TOTAL MOT","7","l","560070","true","-1","N/A","0","false","559943","false","0","false",,"1970170.454","1970170.454","2","false","true",
"C","A","20200101","2020","52","2020","380","ITA","Italy","X","Export","894","ZMB","Zambia","0","W00","World","H5","HS","true","2204","Wine of fresh grapes, including fortified wines; grape must other than that of heading no. 2009","4","false","C00","TOTAL CPC","0","0","TOTAL MOT","7","l","9622","true","-1","N/A","0","false","9622","false","0","false",,"31314.446","31314.446","2","false","true",
"C","A","20200101","2020","52","2020","380","ITA","Italy","X","Export","899","_X ","Areas, nes","0","W00","World","H5","HS","true","2204","Wine of fresh grapes, including fortified wines; grape must other than that of heading no. 2009","4","false","C00","TOTAL CPC","0","0","TOTAL MOT","7","l","152855","false","7","l","152855","false","152855","false","0","false",,"1283933.386","1283933.386","0","false","true",
"C","A","20210101","2021","52","2021","380","ITA","Italy","X","Export","0","W00","World","0","W00","World","H5","HS","true","2204","Wine of fresh grapes, including fortified wines; grape must other than that of heading no. 2009","4","false","C00","TOTAL CPC","0","0","TOTAL MOT","7","l","2203762944.108","true","-1","N/A","0","false","2206449983.362","true","0","false",,"8480298065.625","8480298065.625","6","false","true",
"C","A","20210101","2021","52","2021","380","ITA","Italy","X","Export","8","ALB","Albania","0","W00","World","H5","HS","true","2204","Wine of fresh grapes, including fortified wines; grape must other than that of heading no. 2009","4","false","C00","TOTAL CPC","0","0","TOTAL MOT","7","l","3355072.086","true","-1","N/A","0","false","3356168","false","0","false",,"14254982.317","14254982.317","2","false","true",
"C","A","20210101","2021","52","2021","380","ITA","Italy","X","Export","20","AND","Andorra","0","W00","World","H5","HS","true","2204","Wine of fresh grapes, including fortified wines; grape must other than that of heading no. 2009","4","false","C00","TOTAL CPC","0","0","TOTAL MOT","7","l","1486","false","7","l","1486","false","1486","false","0","false",,"34379.895","34379.895","0","false","true",
"C","A","20210101","2021","52","2021","380","ITA","Italy","X","Export","24","AGO","Angola","0","W00","World","H5","HS","true","2204","Wine of fresh grapes, including fortified wines; grape must other than that of heading no. 2009","4","false","C00","TOTAL CPC","0","0","TOTAL MOT","7","l","386788","true","-1","N/A","0","false","386108","false","0","false",,"1448056.165","1448056.165","2","false","true",
"C","A","20210101","2021","52","2021","380","ITA","Italy","X","Export","28","ATG","Antigua and Barbuda","0","W00","World","H5","HS","true","2204","Wine of fresh grapes, including fortified wines; grape must other than that of heading no. 2009","4","false","C00","TOTAL CPC","0","0","TOTAL MOT","7","l","105114","false","7","l","105114","false","105114","false","0","false",,"538793.8","538793.8","0","false","true",
"C","A","20210101","2021","52","2021","380","ITA","Italy","X","Export","31","AZE","Azerbaijan","0","W00","World","H5","HS","true","2204","Wine of fresh grapes, including fortified wines; grape must other than that of heading no. 2009","4","false","C00","TOTAL CPC","0","0","TOTAL MOT","7","l","101405","false","7","l","101405","false","101219","false","0","false",,"905883.275","905883.275","0","false","true",
"C","A","20210101","2021","52","2021","380","ITA","Italy","X","Export","32","ARG","Argentina","0","W00","World","H5","HS","true","2204","Wine of fresh grapes, including fortified wines; grape must other than that of heading no. 2009","4","false","C00","TOTAL CPC","0","0","TOTAL MOT","7","l","52237","true","-1","N/A","0","false","52243","false","0","false",,"454244.426","454244.426","2","false","true",
"C","A","20210101","2021","52","2021","380","ITA","Italy","X","Export","36","AUS","Australia","0","W00","World","H5","HS","true","2204","Wine of fresh grapes, including fortified wines; grape must other than that of heading no. 2009","4","false","C00","TOTAL CPC","0","0","TOTAL MOT","7","l","16291652","true","-1","N/A","0","false","16297133","false","0","false",,"87860484.867","87860484.867","2","false","true",
"C","A","20210101","2021","52","2021","380","ITA","Italy","X","Export","40","AUT","Austria","0","W00","World","H5","HS","true","2204","Wine of fresh grapes, including fortified wines; grape must other than that of heading no. 2009","4","false","C00","TOTAL CPC","0","0","TOTAL MOT","7","l","45928553.381","true","-1","N/A","0","false","46012576","false","0","false",,"136138419.769","136138419.769","2","false","true",
"C","A","20210101","2021","52","2021","380","ITA","Italy","X","Export","44","BHS","Bahamas","0","W00","World","H5","HS","true","2204","Wine of fresh grapes, including fortified wines; grape must other than that of heading no. 2009","4","false","C00","TOTAL CPC","0","0","TOTAL MOT","7","l","252850","true","-1","N/A","0","false","252850","false","0","false",,"1490671.481","1490671.481","2","false","true",
"C","A","20210101","2021","52","2021","380","ITA","Italy","X","Export","48","BHR","Bahrain","0","W00","World","H5","HS","true","2204","Wine of fresh grapes, including fortified wines; grape must other than that of heading no. 2009","4","false","C00","TOTAL CPC","0","0","TOTAL MOT","7","l","103931","true","-1","N/A","0","false","103939","false","0","false",,"538211.892","538211.892","2","false","true",
"C","A","20210101","2021","52","2021","380","ITA","Italy","X","Export","50","BGD","Bangladesh","0","W00","World","H5","HS","true","2204","Wine of fresh grapes, including fortified wines; grape must other than that of heading no. 2009","4","false","C00","TOTAL CPC","0","0","TOTAL MOT","7","l","9456","true","-1","N/A","0","false","9456","false","0","false",,"59262.386","59262.386","2","false","true",
"C","A","20210101","2021","52","2021","380","ITA","Italy","X","Export","51","ARM","Armenia","0","W00","World","H5","HS","true","2204","Wine of fresh grapes, including fortified wines; grape must other than that of heading no. 2009","4","false","C00","TOTAL CPC","0","0","TOTAL MOT","7","l","89693","true","-1","N/A","0","false","89692","false","0","false",,"512305.148","512305.148","2","false","true",
"C","A","20210101","2021","52","2021","380","ITA","Italy","X","Export","52","BRB","Barbados","0","W00","World","H5","HS","true","2204","Wine of fresh grapes, including fortified wines; grape must other than that of heading no. 2009","4","false","C00","TOTAL CPC","0","0","TOTAL MOT","7","l","135266","true","-1","N/A","0","false","135255","false","0","false",,"1409625.384","1409625.384","2","false","true",
"C","A","20210101","2021","52","2021","380","ITA","Italy","X","Export","56","BEL","Belgium","0","W00","World","H5","HS","true","2204","Wine of fresh grapes, including fortified wines; grape must other than that of heading no. 2009","4","false","C00","TOTAL CPC","0","0","TOTAL MOT","7","l","65037230.739","true","-1","N/A","0","false","66013447","false","0","false",,"258741720.283","258741720.283","2","false","true",
"C","A","20210101","2021","52","2021","380","ITA","Italy","X","Export","60","BMU","Bermuda","0","W00","World","H5","HS","true","2204","Wine of fresh grapes, including fortified wines; grape must other than that of heading no. 2009","4","false","C00","TOTAL CPC","0","0","TOTAL MOT","7","l","203893","true","-1","N/A","0","false","203925","false","0","false",,"1918364.57","1918364.57","2","false","true",
"C","A","20210101","2021","52","2021","380","ITA","Italy","X","Export","64","BTN","Bhutan","0","W00","World","H5","HS","true","2204","Wine of fresh grapes, including fortified wines; grape must other than that of heading no. 2009","4","false","C00","TOTAL CPC","0","0","TOTAL MOT","7","l","6462","false","7","l","6462","false","6462","false","0","false",,"27807.407","27807.407","0","false","true",
"C","A","20210101","2021","52","2021","380","ITA","Italy","X","Export","70","BIH","Bosnia Herzegovina","0","W00","World","H5","HS","true","2204","Wine of fresh grapes, including fortified wines; grape must other than that of heading no. 2009","4","false","C00","TOTAL CPC","0","0","TOTAL MOT","7","l","66918","false","7","l","66918","false","66885","false","0","false",,"259892.99","259892.99","0","false","true",
"C","A","20210101","2021","52","2021","380","ITA","Italy","X","Export","72","BWA","Botswana","0","W00","World","H5","HS","true","2204","Wine of fresh grapes, including fortified wines; grape must other than that of heading no. 2009","4","false","C00","TOTAL CPC","0","0","TOTAL MOT","7","l","4966","false","7","l","4966","false","4966","false","0","false",,"21273.95","21273.95","0","false","true",
"C","A","20210101","2021","52","2021","380","ITA","Italy","X","Export","76","BRA","Brazil","0","W00","World","H5","HS","true","2204","Wine of fresh grapes, including fortified wines; grape must other than that of heading no. 2009","4","false","C00","TOTAL CPC","0","0","TOTAL MOT","7","l","11871613","true","-1","N/A","0","false","11863670","false","0","false",,"42216640.371","42216640.371","2","false","true",
"C","A","20210101","2021","52","2021","380","ITA","Italy","X","Export","84","BLZ","Belize","0","W00","World","H5","HS","true","2204","Wine of fresh grapes, including fortified wines; grape must other than that of heading no. 2009","4","false","C00","TOTAL CPC","0","0","TOTAL MOT","7","l","24452","true","-1","N/A","0","false","24436","false","0","false",,"131498.25","131498.25","2","false","true",
"C","A","20210101","2021","52","2021","380","ITA","Italy","X","Export","92","VGB","Br. Virgin Isds","0","W00","World","H5","HS","true","2204","Wine of fresh grapes, including fortified wines; grape must other than that of heading no. 2009","4","false","C00","TOTAL CPC","0","0","TOTAL MOT","7","l","31455","true","-1","N/A","0","false","31461","false","0","false",,"622096.566","622096.566","2","false","true",
"C","A","20210101","2021","52","2021","380","ITA","Italy","X","Export","100","BGR","Bulgaria","0","W00","World","H5","HS","true","2204","Wine of fresh grapes, including fortified wines; grape must other than that of heading no. 2009","4","false","C00","TOTAL CPC","0","0","TOTAL MOT","7","l","3929098","true","-1","N/A","0","false","3946387","false","0","false",,"12254555.677","12254555.677","2","false","true",
"C","A","20210101","2021","52","2021","380","ITA","Italy","X","Export","104","MMR","Myanmar","0","W00","World","H5","HS","true","2204","Wine of fresh grapes, including fortified wines; grape must other than that of heading no. 2009","4","false","C00","TOTAL CPC","0","0","TOTAL MOT","7","l","24899","true","-1","N/A","0","false","24890","false","0","false",,"125251.016","125251.016","2","false","true",
"C","A","20210101","2021","52","2021","380","ITA","Italy","X","Export","112","BLR","Belarus","0","W00","World","H5","HS","true","2204","Wine of fresh grapes, including fortified wines; grape must other than that of heading no. 2009","4","false","C00","TOTAL CPC","0","0","TOTAL MOT","7","l","3444658","true","-1","N/A","0","false","3444671","false","0","false",,"9753216.043","9753216.043","2","false","true",
"C","A","20210101","2021","52","2021","380","ITA","Italy","X","Export","116","KHM","Cambodia","0","W00","World","H5","HS","true","2204","Wine of fresh grapes, including fortified wines; grape must other than that of heading no. 2009","4","false","C00","TOTAL CPC","0","0","TOTAL MOT","7","l","173379","true","-1","N/A","0","false","173466","false","0","false",,"564305.508","564305.508","2","false","true",
"C","A","20210101","2021","52","2021","380","ITA","Italy","X","Export","120","CMR","Cameroon","0","W00","World","H5","HS","true","2204","Wine of fresh grapes, including fortified wines; grape must other than that of heading no. 2009","4","false","C00","TOTAL CPC","0","0","TOTAL MOT","7","l","435593","true","-1","N/A","0","false","448089","false","0","false",,"922189.716","922189.716","2","false","true",
"C","A","20210101","2021","52","2021","380","ITA","Italy","X","Export","124","CAN","Canada","0","W00","World","H5","HS","true","2204","Wine of fresh grapes, including fortified wines; grape must other than that of heading no. 2009","4","false","C00","TOTAL CPC","0","0","TOTAL MOT","7","l","80572900.05","true","-1","N/A","0","false","80529067","false","0","false",,"453862637.627","453862637.627","2","false","true",
"C","A","20210101","2021","52","2021","380","ITA","Italy","X","Export","132","CPV","Cabo Verde","0","W00","World","H5","HS","true","2204","Wine of fresh grapes, including fortified wines; grape must other than that of heading no. 2009","4","false","C00","TOTAL CPC","0","0","TOTAL MOT","7","l","9036","true","-1","N/A","0","false","9036","false","0","false",,"27263.347","27263.347","2","false","true",
"C","A","20210101","2021","52","2021","380","ITA","Italy","X","Export","136","CYM","Cayman Isds","0","W00","World","H5","HS","true","2204","Wine of fresh grapes, including fortified wines; grape must other than that of heading no. 2009","4","false","C00","TOTAL CPC","0","0","TOTAL MOT","7","l","148825","true","-1","N/A","0","false","149040","false","0","false",,"1431416.191","1431416.191","2","false","true",
"C","A","20210101","2021","52","2021","380","ITA","Italy","X","Export","144","LKA","Sri Lanka","0","W00","World","H5","HS","true","2204","Wine of fresh grapes, including fortified wines; grape must other than that of heading no. 2009","4","false","C00","TOTAL CPC","0","0","TOTAL MOT","7","l","135222","true","-1","N/A","0","false","135525","false","0","false",,"709307.105","709307.105","2","false","true",
"C","A","20210101","2021","52","2021","380","ITA","Italy","X","Export","152","CHL","Chile","0","W00","World","H5","HS","true","2204","Wine of fresh grapes, including fortified wines; grape must other than that of heading no. 2009","4","false","C00","TOTAL CPC","0","0","TOTAL MOT","7","l","1163160","true","-1","N/A","0","false","1184377","false","0","false",,"4751151.8","4751151.8","2","false","true",
"C","A","20210101","2021","52","2021","380","ITA","Italy","X","Export","156","CHN","China","0","W00","World","H5","HS","true","2204","Wine of fresh grapes, including fortified wines; grape must other than that of heading no. 2009","4","false","C00","TOTAL CPC","0","0","TOTAL MOT","7","l","30484689.408","true","-1","N/A","0","false","30480568","false","0","false",,"149735779.55","149735779.55","2","false","true",
"C","A","20210101","2021","52","2021","380","ITA","Italy","X","Export","170","COL","Colombia","0","W00","World","H5","HS","true","2204","Wine of fresh grapes, including fortified wines; grape must other than that of heading no. 2009","4","false","C00","TOTAL CPC","0","0","TOTAL MOT","7","l","1803912","true","-1","N/A","0","false","1811183","false","0","false",,"6157587.333","6157587.333","2","false","true",
"C","A","20210101","2021","52","2021","380","ITA","Italy","X","Export","178","COG","Congo","0","W00","World","H5","HS","true","2204","Wine of fresh grapes, including fortified wines; grape must other than that of heading no. 2009","4","false","C00","TOTAL CPC","0","0","TOTAL MOT","7","l","39385","true","-1","N/A","0","false","52132","false","0","false",,"230582.32","230582.32","2","false","true",
"C","A","20210101","2021","52","2021","380","ITA","Italy","X","Export","180","COD","Dem. Rep. of the Congo","0","W00","World","H5","HS","true","2204","Wine of fresh grapes, including fortified wines; grape must other than that of heading no. 2009","4","false","C00","TOTAL CPC","0","0","TOTAL MOT","7","l","44766","false","7","l","44766","false","44776","false","0","false",,"413643.317","413643.317","0","false","true",
"C","A","20210101","2021","52","2021","380","ITA","Italy","X","Export","188","CRI","Costa Rica","0","W00","World","H5","HS","true","2204","Wine of fresh grapes, including fortified wines; grape must other than that of heading no. 2009","4","false","C00","TOTAL CPC","0","0","TOTAL MOT","7","l","1045118","true","-1","N/A","0","false","1045265","false","0","false",,"4128159.9","4128159.9","2","false","true",
"C","A","20210101","2021","52","2021","380","ITA","Italy","X","Export","191","HRV","Croatia","0","W00","World","H5","HS","true","2204","Wine of fresh grapes, including fortified wines; grape must other than that of heading no. 2009","4","false","C00","TOTAL CPC","0","0","TOTAL MOT","7","l","2698153","true","-1","N/A","0","false","2736160","false","0","false",,"6553062.576","6553062.576","2","false","true",
"C","A","20210101","2021","52","2021","380","ITA","Italy","X","Export","192","CUB","Cuba","0","W00","World","H5","HS","true","2204","Wine of fresh grapes, including fortified wines; grape must other than that of heading no. 2009","4","false","C00","TOTAL CPC","0","0","TOTAL MOT","7","l","25832","false","7","l","25832","false","25820","false","0","false",,"100292.83","100292.83","0","false","true",
"C","A","20210101","2021","52","2021","380","ITA","Italy","X","Export","196","CYP","Cyprus","0","W00","World","H5","HS","true","2204","Wine of fresh grapes, including fortified wines; grape must other than that of heading no. 2009","4","false","C00","TOTAL CPC","0","0","TOTAL MOT","7","l","1641528","true","-1","N/A","0","false","1651264","false","0","false",,"8725710.398","8725710.398","2","false","true",
"C","A","20210101","2021","52","2021","380","ITA","Italy","X","Export","203","CZE","Czechia","0","W00","World","H5","HS","true","2204","Wine of fresh grapes, including fortified wines; grape must other than that of heading no. 2009","4","false","C00","TOTAL CPC","0","0","TOTAL MOT","7","l","31967638.568","true","-1","N/A","0","false","32005823","false","0","false",,"79403401.996","79403401.996","2","false","true",
"C","A","20210101","2021","52","2021","380","ITA","Italy","X","Export","204","BEN","Benin","0","W00","World","H5","HS","true","2204","Wine of fresh grapes, including fortified wines; grape must other than that of heading no. 2009","4","false","C00","TOTAL CPC","0","0","TOTAL MOT","7","l","51969","true","-1","N/A","0","false","51969","false","0","false",,"77607.871","77607.871","2","false","true",
"C","A","20210101","2021","52","2021","380","ITA","Italy","X","Export","208","DNK","Denmark","0","W00","World","H5","HS","true","2204","Wine of fresh grapes, including fortified wines; grape must other than that of heading no. 2009","4","false","C00","TOTAL CPC","0","0","TOTAL MOT","7","l","43562821.543","true","-1","N/A","0","false","42259054","false","0","false",,"197314906.533","197314906.533","2","false","true",
"C","A","20210101","2021","52","2021","380","ITA","Italy","X","Export","212","DMA","Dominica","0","W00","World","H5","HS","true","2204","Wine of fresh grapes, including fortified wines; grape must other than that of heading no. 2009","4","false","C00","TOTAL CPC","0","0","TOTAL MOT","7","l","11067","false","7","l","11067","false","11067","false","0","false",,"56582.296","56582.296","0","false","true",
"C","A","20210101","2021","52","2021","380","ITA","Italy","X","Export","214","DOM","Dominican Rep.","0","W00","World","H5","HS","true","2204","Wine of fresh grapes, including fortified wines; grape must other than that of heading no. 2009","4","false","C00","TOTAL CPC","0","0","TOTAL MOT","7","l","937303","true","-1","N/A","0","false","937430","false","0","false",,"5173720.075","5173720.075","2","false","true",
"C","A","20210101","2021","52","2021","380","ITA","Italy","X","Export","218","ECU","Ecuador","0","W00","World","H5","HS","true","2204","Wine of fresh grapes, including fortified wines; grape must other than that of heading no. 2009","4","false","C00","TOTAL CPC","0","0","TOTAL MOT","7","l","996328","true","-1","N/A","0","false","996479","false","0","false",,"2873484.142","2873484.142","2","false","true",
"C","A","20210101","2021","52","2021","380","ITA","Italy","X","Export","222","SLV","El Salvador","0","W00","World","H5","HS","true","2204","Wine of fresh grapes, including fortified wines; grape must other than that of heading no. 2009","4","false","C00","TOTAL CPC","0","0","TOTAL MOT","7","l","165831.848","true","-1","N/A","0","false","168683","false","0","false",,"808546.113","808546.113","2","false","true",
"C","A","20210101","2021","52","2021","380","ITA","Italy","X","Export","226","GNQ","Equatorial Guinea","0","W00","World","H5","HS","true","2204","Wine of fresh grapes, including fortified wines; grape must other than that of heading no. 2009","4","false","C00","TOTAL CPC","0","0","TOTAL MOT","7","l","21432","false","7","l","21432","false","21580","false","0","false",,"59546.244","59546.244","0","false","true",
"C","A","20210101","2021","52","2021","380","ITA","Italy","X","Export","231","ETH","Ethiopia","0","W00","World","H5","HS","true","2204","Wine of fresh grapes, including fortified wines; grape must other than that of heading no. 2009","4","false","C00","TOTAL CPC","0","0","TOTAL MOT","7","l","40549","false","7","l","40549","false","40549","false","0","false",,"303791.58","303791.58","0","false","true",
"C","A","20210101","2021","52","2021","380","ITA","Italy","X","Export","233","EST","Estonia","0","W00","World","H5","HS","true","2204","Wine of fresh grapes, including fortified wines; grape must other than that of heading no. 2009","4","false","C00","TOTAL CPC","0","0","TOTAL MOT","7","l","4915315.729","true","-1","N/A","0","false","5162513","false","0","false",,"21661097.524","21661097.524","2","false","true",
"C","A","20210101","2021","52","2021","380","ITA","Italy","X","Export","242","FJI","Fiji","0","W00","World","H5","HS","true","2204","Wine of fresh grapes, including fortified wines; grape must other than that of heading no. 2009","4","false","C00","TOTAL CPC","0","0","TOTAL MOT","7","l","10405","false","7","l","10405","false","10405","false","0","false",,"25807.394","25807.394","0","false","true",
"C","A","20210101","2021","52","2021","380","ITA","Italy","X","Export","246","FIN","Finland","0","W00","World","H5","HS","true","2204","Wine of fresh grapes, including fortified wines; grape must other than that of heading no. 2009","4","false","C00","TOTAL CPC","0","0","TOTAL MOT","7","l","11008568","true","-1","N/A","0","false","10832476","false","0","false",,"55943064.323","55943064.323","2","false","true",
"C","A","20210101","2021","52","2021","380","ITA","Italy","X","Export","251","FRA","France","0","W00","World","H5","HS","true","2204","Wine of fresh grapes, including fortified wines; grape must other than that of heading no. 2009","4","false","C00","TOTAL CPC","0","0","TOTAL MOT","7","l","80705970.566","true","-1","N/A","0","false","80771545","false","0","false",,"273574060.831","273574060.831","2","false","true",
"C","A","20210101","2021","52","2021","380","ITA","Italy","X","Export","258","PYF","French Polynesia","0","W00","World","H5","HS","true","2204","Wine of fresh grapes, including fortified wines; grape must other than that of heading no. 2009","4","false","C00","TOTAL CPC","0","0","TOTAL MOT","7","l","3161","false","7","l","3161","false","3161","false","0","false",,"42725.311","42725.311","0","false","true",
"C","A","20210101","2021","52","2021","380","ITA","Italy","X","Export","262","DJI","Djibouti","0","W00","World","H5","HS","true","2204","Wine of fresh grapes, including fortified wines; grape must other than that of heading no. 2009","4","false","C00","TOTAL CPC","0","0","TOTAL MOT","7","l","1603","false","7","l","1603","false","1603","false","0","false",,"7989.411","7989.411","0","false","true",
"C","A","20210101","2021","52","2021","380","ITA","Italy","X","Export","266","GAB","Gabon","0","W00","World","H5","HS","true","2204","Wine of fresh grapes, including fortified wines; grape must other than that of heading no. 2009","4","false","C00","TOTAL CPC","0","0","TOTAL MOT","7","l","10652","false","7","l","10652","false","10652","false","0","false",,"46103.217","46103.217","0","false","true",
"C","A","20210101","2021","52","2021","380","ITA","Italy","X","Export","268","GEO","Georgia","0","W00","World","H5","HS","true","2204","Wine of fresh grapes, including fortified wines; grape must other than that of heading no. 2009","4","false","C00","TOTAL CPC","0","0","TOTAL MOT","7","l","140928","true","-1","N/A","0","false","141468","false","0","false",,"957868.26","957868.26","2","false","true",
"C","A","20210101","2021","52","2021","380","ITA","Italy","X","Export","276","DEU","Germany","0","W00","World","H5","HS","true","2204","Wine of fresh grapes, including fortified wines; grape must other than that of heading no. 2009","4","false","C00","TOTAL CPC","0","0","TOTAL MOT","7","l","534982837.847","true","-1","N/A","0","false","535177068","false","0","false",,"1330274822.96","1330274822.96","2","false","true",
"C","A","20210101","2021","52","2021","380","ITA","Italy","X","Export","288","GHA","Ghana","0","W00","World","H5","HS","true","2204","Wine of fresh grapes, including fortified wines; grape must other than that of heading no. 2009","4","false","C00","TOTAL CPC","0","0","TOTAL MOT","7","l","465220.947","true","-1","N/A","0","false","466293","false","0","false",,"1234709.919","1234709.919","2","false","true",
"C","A","20210101","2021","52","2021","380","ITA","Italy","X","Export","292","GIB","Gibraltar","0","W00","World","H5","HS","true","2204","Wine of fresh grapes, including fortified wines; grape must other than that of heading no. 2009","4","false","C00","TOTAL CPC","0","0","TOTAL MOT","7","l","31059","true","-1","N/A","0","false","31059","false","0","false",,"199595.706","199595.706","2","false","true",
"C","A","20210101","2021","52","2021","380","ITA","Italy","X","Export","300","GRC","Greece","0","W00","World","H5","HS","true","2204","Wine of fresh grapes, including fortified wines; grape must other than that of heading no. 2009","4","false","C00","TOTAL CPC","0","0","TOTAL MOT","7","l","7218311","true","-1","N/A","0","false","7336866","false","0","false",,"21662368.97","21662368.97","2","false","true",
"C","A","20210101","2021","52","2021","380","ITA","Italy","X","Export","308","GRD","Grenada","0","W00","World","H5","HS","true","2204","Wine of fresh grapes, including fortified wines; grape must other than that of heading no. 2009","4","false","C00","TOTAL CPC","0","0","TOTAL MOT","7","l","16348","true","-1","N/A","0","false","16348","false","0","false",,"81059.107","81059.107","2","false","true",
"C","A","20210101","2021","52","2021","380","ITA","Italy","X","Export","316","GUM","Guam","0","W00","World","H5","HS","true","2204","Wine of fresh grapes, including fortified wines; grape must other than that of heading no. 2009","4","false","C00","TOTAL CPC","0","0","TOTAL MOT","7","l","38925","true","-1","N/A","0","false","38925","false","0","false",,"186702.654","186702.654","2","false","true",
"C","A","20210101","2021","52","2021","380","ITA","Italy","X","Export","320","GTM","Guatemala","0","W00","World","H5","HS","true","2204","Wine of fresh grapes, including fortified wines; grape must other than that of heading no. 2009","4","false","C00","TOTAL CPC","0","0","TOTAL MOT","7","l","414878","true","-1","N/A","0","false","414875","false","0","false",,"2173068.878","2173068.878","2","false","true",
"C","A","20210101","2021","52","2021","380","ITA","Italy","X","Export","324","GIN","Guinea","0","W00","World","H5","HS","true","2204","Wine of fresh grapes, including fortified wines; grape must other than that of heading no. 2009","4","false","C00","TOTAL CPC","0","0","TOTAL MOT","7","l","6335","false","7","l","6335","false","6342","false","0","false",,"12842.194","12842.194","0","false","true",
"C","A","20210101","2021","52","2021","380","ITA","Italy","X","Export","328","GUY","Guyana","0","W00","World","H5","HS","true","2204","Wine of fresh grapes, including fortified wines; grape must other than that of heading no. 2009","4","false","C00","TOTAL CPC","0","0","TOTAL MOT","7","l","10911","false","7","l","10911","false","10911","false","0","false",,"57005.717","57005.717","0","false","true",
"C","A","20210101","2021","52","2021","380","ITA","Italy","X","Export","332","HTI","Haiti","0","W00","World","H5","HS","true","2204","Wine of fresh grapes, including fortified wines; grape must other than that of heading no. 2009","4","false","C00","TOTAL CPC","0","0","TOTAL MOT","7","l","6268","false","7","l","6268","false","6268","false","0","false",,"18974.703","18974.703","0","false","true",
"C","A","20210101","2021","52","2021","380","ITA","Italy","X","Export","336","VAT","Holy See (Vatican City State)","0","W00","World","H5","HS","true","2204","Wine of fresh grapes, including fortified wines; grape must other than that of heading no. 2009","4","false","C00","TOTAL CPC","0","0","TOTAL MOT","7","l","48126","true","-1","N/A","0","false","48845","false","0","false",,"310919.955","310919.955","2","false","true",
"C","A","20210101","2021","52","2021","380","ITA","Italy","X","Export","340","HND","Honduras","0","W00","World","H5","HS","true","2204","Wine of fresh grapes, including fortified wines; grape must other than that of heading no. 2009","4","false","C00","TOTAL CPC","0","0","TOTAL MOT","7","l","242281.48","true","-1","N/A","0","false","242881","false","0","false",,"814164.13","814164.13","2","false","true",
"C","A","20210101","2021","52","2021","380","ITA","Italy","X","Export","344","HKG","China, Hong Kong SAR","0","W00","World","H5","HS","true","2204","Wine of fresh grapes, including fortified wines; grape must other than that of heading no. 2009","4","false","C00","TOTAL CPC","0","0","TOTAL MOT","7","l","3379361","true","-1","N/A","0","false","3380356","false","0","false",,"34888743.329","34888743.329","2","false","true",
"C","A","20210101","2021","52","2021","380","ITA","Italy","X","Export","348","HUN","Hungary","0","W00","World","H5","HS","true","2204","Wine of fresh grapes, including fortified wines; grape must other than that of heading no. 2009","4","false","C00","TOTAL CPC","0","0","TOTAL MOT","7","l","2792837","true","-1","N/A","0","false","2816702","false","0","false",,"11129811.038","11129811.038","2","false","true",
"C","A","20210101","2021","52","2021","380","ITA","Italy","X","Export","352","ISL","Iceland","0","W00","World","H5","HS","true","2204","Wine of fresh grapes, including fortified wines; grape must other than that of heading no. 2009","4","false","C00","TOTAL CPC","0","0","TOTAL MOT","7","l","1582744","true","-1","N/A","0","false","1582993","false","0","false",,"7481624.897","7481624.897","2","false","true",
"C","A","20210101","2021","52","2021","380","ITA","Italy","X","Export","360","IDN","Indonesia","0","W00","World","H5","HS","true","2204","Wine of fresh grapes, including fortified wines; grape must other than that of heading no. 2009","4","false","C00","TOTAL CPC","0","0","TOTAL MOT","7","l","467310.845","true","-1","N/A","0","false","466730","false","0","false",,"3034561.544","3034561.544","2","false","true",
"C","A","20210101","2021","52","2021","380","ITA","Italy","X","Export","364","IRN","Iran","0","W00","World","H5","HS","true","2204","Wine of fresh grapes, including fortified wines; grape must other than that of heading no. 2009","4","false","C00","TOTAL CPC","0","0","TOTAL MOT","7","l","184","false","7","l","184","false","184","false","0","false",,"1777.659","1777.659","0","false","true",
"C","A","20210101","2021","52","2021","380","ITA","Italy","X","Export","368","IRQ","Iraq","0","W00","World","H5","HS","true","2204","Wine of fresh grapes, including fortified wines; grape must other than that of heading no. 2009","4","false","C00","TOTAL CPC","0","0","TOTAL MOT","7","l","53194","true","-1","N/A","0","false","53204","false","0","false",,"340163.21","340163.21","2","false","true",
"C","A","20210101","2021","52","2021","380","ITA","Italy","X","Export","372","IRL","Ireland","0","W00","World","H5","HS","true","2204","Wine of fresh grapes, including fortified wines; grape must other than that of heading no. 2009","4","false","C00","TOTAL CPC","0","0","TOTAL MOT","7","l","13058389","true","-1","N/A","0","false","13139876","false","0","false",,"48181050.729","48181050.729","2","false","true",
"C","A","20210101","2021","52","2021","380","ITA","Italy","X","Export","376","ISR","Israel","0","W00","World","H5","HS","true","2204","Wine of fresh grapes, including fortified wines; grape must other than that of heading no. 2009","4","false","C00","TOTAL CPC","0","0","TOTAL MOT","7","l","4290284","true","-1","N/A","0","false","4291522","false","0","false",,"16520619.548","16520619.548","2","false","true",
"C","A","20210101","2021","52","2021","380","ITA","Italy","X","Export","384","CIV","Côte d'Ivoire","0","W00","World","H5","HS","true","2204","Wine of fresh grapes, including fortified wines; grape must other than that of heading no. 2009","4","false","C00","TOTAL CPC","0","0","TOTAL MOT","7","l","147282","false","7","l","147282","false","147364","false","0","false",,"295899.153","295899.153","0","false","true",
"C","A","20210101","2021","52","2021","380","ITA","Italy","X","Export","388","JAM","Jamaica","0","W00","World","H5","HS","true","2204","Wine of fresh grapes, including fortified wines; grape must other than that of heading no. 2009","4","false","C00","TOTAL CPC","0","0","TOTAL MOT","7","l","255668","true","-1","N/A","0","false","255974","false","0","false",,"1149223.815","1149223.815","2","false","true",
"C","A","20210101","2021","52","2021","380","ITA","Italy","X","Export","392","JPN","Japan","0","W00","World","H5","HS","true","2204","Wine of fresh grapes, including fortified wines; grape must other than that of heading no. 2009","4","false","C00","TOTAL CPC","0","0","TOTAL MOT","7","l","37677895","true","-1","N/A","0","false","37695932","false","0","false",,"183339137.269","183339137.269","2","false","true",
"C","A","20210101","2021","52","2021","380","ITA","Italy","X","Export","398","KAZ","Kazakhstan","0","W00","World","H5","HS","true","2204","Wine of fresh grapes, including fortified wines; grape must other than that of heading no. 2009","4","false","C00","TOTAL CPC","0","0","TOTAL MOT","7","l","1153785","true","-1","N/A","0","false","1165988","false","0","false",,"4619305.824","4619305.824","2","false","true",
"C","A","20210101","2021","52","2021","380","ITA","Italy","X","Export","400","JOR","Jordan","0","W00","World","H5","HS","true","2204","Wine of fresh grapes, including fortified wines; grape must other than that of heading no. 2009","4","false","C00","TOTAL CPC","0","0","TOTAL MOT","7","l","145630","false","7","l","145630","false","145640","false","0","false",,"857254.908","857254.908","0","false","true",
"C","A","20210101","2021","52","2021","380","ITA","Italy","X","Export","404","KEN","Kenya","0","W00","World","H5","HS","true","2204","Wine of fresh grapes, including fortified wines; grape must other than that of heading no. 2009","4","false","C00","TOTAL CPC","0","0","TOTAL MOT","7","l","418876","true","-1","N/A","0","false","334314","false","0","false",,"1413585.198","1413585.198","2","false","true",
"C","A","20210101","2021","52","2021","380","ITA","Italy","X","Export","410","KOR","Rep. of Korea","0","W00","World","H5","HS","true","2204","Wine of fresh grapes, including fortified wines; grape must other than that of heading no. 2009","4","false","C00","TOTAL CPC","0","0","TOTAL MOT","7","l","13118519.1","true","-1","N/A","0","false","13119584","false","0","false",,"88870112.209","88870112.209","2","false","true",
"C","A","20210101","2021","52","2021","380","ITA","Italy","X","Export","417","KGZ","Kyrgyzstan","0","W00","World","H5","HS","true","2204","Wine of fresh grapes, including fortified wines; grape must other than that of heading no. 2009","4","false","C00","TOTAL CPC","0","0","TOTAL MOT","7","l","23214","true","-1","N/A","0","false","23214","false","0","false",,"55581.698","55581.698","2","false","true",
"C","A","20210101","2021","52","2021","380","ITA","Italy","X","Export","418","LAO","Lao People's Dem. Rep.","0","W00","World","H5","HS","true","2204","Wine of fresh grapes, including fortified wines; grape must other than that of heading no. 2009","4","false","C00","TOTAL CPC","0","0","TOTAL MOT","7","l","13784","false","7","l","13784","false","13784","false","0","false",,"103220.112","103220.112","0","false","true",
"C","A","20210101","2021","52","2021","380","ITA","Italy","X","Export","422","LBN","Lebanon","0","W00","World","H5","HS","true","2204","Wine of fresh grapes, including fortified wines; grape must other than that of heading no. 2009","4","false","C00","TOTAL CPC","0","0","TOTAL MOT","7","l","152937","false","7","l","152937","false","152969","false","0","false",,"954492.719","954492.719","0","false","true",
"C","A","20210101","2021","52","2021","380","ITA","Italy","X","Export","428","LVA","Latvia","0","W00","World","H5","HS","true","2204","Wine of fresh grapes, including fortified wines; grape must other than that of heading no. 2009","4","false","C00","TOTAL CPC","0","0","TOTAL MOT","7","l","13997846","true","-1","N/A","0","false","14008209","false","0","false",,"51594318.625","51594318.625","2","false","true",
"C","A","20210101","2021","52","2021","380","ITA","Italy","X","Export","430","LBR","Liberia","0","W00","World","H5","HS","true","2204","Wine of fresh grapes, including fortified wines; grape must other than that of heading no. 2009","4","false","C00","TOTAL CPC","0","0","TOTAL MOT","7","l","90","false","7","l","90","false","90","false","0","false",,"1810.775","1810.775","0","false","true",
"C","A","20210101","2021","52","2021","380","ITA","Italy","X","Export","434","LBY","Libya","0","W00","World","H5","HS","true","2204","Wine of fresh grapes, including fortified wines; grape must other than that of heading no. 2009","4","false","C00","TOTAL CPC","0","0","TOTAL MOT","7","l","6764","true","-1","N/A","0","false","6764","false","0","false",,"27988.367","27988.367","2","false","true",
"C","A","20210101","2021","52","2021","380","ITA","Italy","X","Export","440","LTU","Lithuania","0","W00","World","H5","HS","true","2204","Wine of fresh grapes, including fortified wines; grape must other than that of heading no. 2009","4","false","C00","TOTAL CPC","0","0","TOTAL MOT","7","l","11187679","true","-1","N/A","0","false","11106217","false","0","false",,"32941172.17","32941172.17","2","false","true",
"C","A","20210101","2021","52","2021","380","ITA","Italy","X","Export","442","LUX","Luxembourg","0","W00","World","H5","HS","true","2204","Wine of fresh grapes, including fortified wines; grape must other than that of heading no. 2009","4","false","C00","TOTAL CPC","0","0","TOTAL MOT","7","l","3301099","true","-1","N/A","0","false","3189992","false","0","false",,"17929065.74","17929065.74","2","false","true",
"C","A","20210101","2021","52","2021","380","ITA","Italy","X","Export","446","MAC","China, Macao SAR","0","W00","World","H5","HS","true","2204","Wine of fresh grapes, including fortified wines; grape must other than that of heading no. 2009","4","false","C00","TOTAL CPC","0","0","TOTAL MOT","7","l","10671","false","7","l","10671","false","10671","false","0","false",,"103559.559","103559.559","0","false","true",
"C","A","20210101","2021","52","2021","380","ITA","Italy","X","Export","450","MDG","Madagascar","0","W00","World","H5","HS","true","2204","Wine of fresh grapes, including fortified wines; grape must other than that of heading no. 2009","4","false","C00","TOTAL CPC","0","0","TOTAL MOT","7","l","7904","false","7","l","7904","false","7904","false","0","false",,"21251.478","21251.478","0","false","true",
"C","A","20210101","2021","52","2021","380","ITA","Italy","X","Export","458","MYS","Malaysia","0","W00","World","H5","HS","true","2204","Wine of fresh grapes, including fortified wines; grape must other than that of heading no. 2009","4","false","C00","TOTAL CPC","0","0","TOTAL MOT","7","l","434514","true","-1","N/A","0","false","435049","false","0","false",,"3878718.786","3878718.786","2","false","true",
"C","A","20210101","2021","52","2021","380","ITA","Italy","X","Export","462","MDV","Maldives","0","W00","World","H5","HS","true","2204","Wine of fresh grapes, including fortified wines; grape must other than that of heading no. 2009","4","false","C00","TOTAL CPC","0","0","TOTAL MOT","7","l","402474","true","-1","N/A","0","false","402499","false","0","false",,"2365655.666","2365655.666","2","false","true",
"C","A","20210101","2021","52","2021","380","ITA","Italy","X","Export","466","MLI","Mali","0","W00","World","H5","HS","true","2204","Wine of fresh grapes, including fortified wines; grape must other than that of heading no. 2009","4","false","C00","TOTAL CPC","0","0","TOTAL MOT","7","l","3555","false","7","l","3555","false","3555","false","0","false",,"18246.135","18246.135","0","false","true",
"C","A","20210101","2021","52","2021","380","ITA","Italy","X","Export","470","MLT","Malta","0","W00","World","H5","HS","true","2204","Wine of fresh grapes, including fortified wines; grape must other than that of heading no. 2009","4","false","C00","TOTAL CPC","0","0","TOTAL MOT","7","l","4991299","true","-1","N/A","0","false","4991571","false","0","false",,"18624485.108","18624485.108","2","false","true",
"C","A","20210101","2021","52","2021","380","ITA","Italy","X","Export","480","MUS","Mauritius","0","W00","World","H5","HS","true","2204","Wine of fresh grapes, including fortified wines; grape must other than that of heading no. 2009","4","false","C00","TOTAL CPC","0","0","TOTAL MOT","7","l","65193","true","-1","N/A","0","false","65207","false","0","false",,"634626.516","634626.516","2","false","true",
"C","A","20210101","2021","52","2021","380","ITA","Italy","X","Export","484","MEX","Mexico","0","W00","World","H5","HS","true","2204","Wine of fresh grapes, including fortified wines; grape must other than that of heading no. 2009","4","false","C00","TOTAL CPC","0","0","TOTAL MOT","7","l","15749281.89","true","-1","N/A","0","false","15749788","false","0","false",,"45418700.416","45418700.416","2","false","true",
"C","A","20210101","2021","52","2021","380","ITA","Italy","X","Export","490","S19","Other Asia, nes","0","W00","World","H5","HS","true","2204","Wine of fresh grapes, including fortified wines; grape must other than that of heading no. 2009","4","false","C00","TOTAL CPC","0","0","TOTAL MOT","7","l","3000467","true","-1","N/A","0","false","3000461","false","0","false",,"23609192.637","23609192.637","2","false","true",
"C","A","20210101","2021","52","2021","380","ITA","Italy","X","Export","496","MNG","Mongolia","0","W00","World","H5","HS","true","2204","Wine of fresh grapes, including fortified wines; grape must other than that of heading no. 2009","4","false","C00","TOTAL CPC","0","0","TOTAL MOT","7","l","302603","true","-1","N/A","0","false","302660","false","0","false",,"1214009.598","1214009.598","2","false","true",
"C","A","20210101","2021","52","2021","380","ITA","Italy","X","Export","498","MDA","Rep. of Moldova","0","W00","World","H5","HS","true","2204","Wine of fresh grapes, including fortified wines; grape must other than that of heading no. 2009","4","false","C00","TOTAL CPC","0","0","TOTAL MOT","7","l","479811","true","-1","N/A","0","false","481223","false","0","false",,"1356109.933","1356109.933","2","false","true",
"C","A","20210101","2021","52","2021","380","ITA","Italy","X","Export","499","MNE","Montenegro","0","W00","World","H5","HS","true","2204","Wine of fresh grapes, including fortified wines; grape must other than that of heading no. 2009","4","false","C00","TOTAL CPC","0","0","TOTAL MOT","7","l","163527","true","-1","N/A","0","false","163517","false","0","false",,"1408656.719","1408656.719","2","false","true",
"C","A","20210101","2021","52","2021","380","ITA","Italy","X","Export","504","MAR","Morocco","0","W00","World","H5","HS","true","2204","Wine of fresh grapes, including fortified wines; grape must other than that of heading no. 2009","4","false","C00","TOTAL CPC","0","0","TOTAL MOT","7","l","72355","false","7","l","72355","false","72321","false","0","false",,"442642.926","442642.926","0","false","true",
"C","A","20210101","2021","52","2021","380","ITA","Italy","X","Export","508","MOZ","Mozambique","0","W00","World","H5","HS","true","2204","Wine of fresh grapes, including fortified wines; grape must other than that of heading no. 2009","4","false","C00","TOTAL CPC","0","0","TOTAL MOT","7","l","102786","true","-1","N/A","0","false","102783","false","0","false",,"423347.701","423347.701","2","false","true",
"C","A","20210101","2021","52","2021","380","ITA","Italy","X","Export","524","NPL","Nepal","0","W00","World","H5","HS","true","2204","Wine of fresh grapes, including fortified wines; grape must other than that of heading no. 2009","4","false","C00","TOTAL CPC","0","0","TOTAL MOT","7","l","59312","false","7","l","59312","false","59312","false","0","false",,"218931.145","218931.145","0","false","true",
"C","A","20210101","2021","52","2021","380","ITA","Italy","X","Export","528","NLD","Netherlands","0","W00","World","H5","HS","true","2204","Wine of fresh grapes, including fortified wines; grape must other than that of heading no. 2009","4","false","C00","TOTAL CPC","0","0","TOTAL MOT","7","l","62023729.04","true","-1","N/A","0","false","62030047","false","0","false",,"268261835.952","268261835.952","2","false","true",
"C","A","20210101","2021","52","2021","380","ITA","Italy","X","Export","531","CUW","Curaçao","0","W00","World","H5","HS","true","2204","Wine of fresh grapes, including fortified wines; grape must other than that of heading no. 2009","4","false","C00","TOTAL CPC","0","0","TOTAL MOT","7","l","149688","true","-1","N/A","0","false","149688","false","0","false",,"731391.232","731391.232","2","false","true",
"C","A","20210101","2021","52","2021","380","ITA","Italy","X","Export","533","ABW","Aruba","0","W00","World","H5","HS","true","2204","Wine of fresh grapes, including fortified wines; grape must other than that of heading no. 2009","4","false","C00","TOTAL CPC","0","0","TOTAL MOT","7","l","188446","true","-1","N/A","0","false","188456","false","0","false",,"1195511.54","1195511.54","2","false","true",
"C","A","20210101","2021","52","2021","380","ITA","Italy","X","Export","534","SXM","Sint Maarten","0","W00","World","H5","HS","true","2204","Wine of fresh grapes, including fortified wines; grape must other than that of heading no. 2009","4","false","C00","TOTAL CPC","0","0","TOTAL MOT","7","l","128375","true","-1","N/A","0","false","127942","false","0","false",,"899522.498","899522.498","2","false","true",
"C","A","20210101","2021","52","2021","380","ITA","Italy","X","Export","535","BES","Bonaire","0","W00","World","H5","HS","true","2204","Wine of fresh grapes, including fortified wines; grape must other than that of heading no. 2009","4","false","C00","TOTAL CPC","0","0","TOTAL MOT","7","l","57219","true","-1","N/A","0","false","57219","false","0","false",,"256809.586","256809.586","2","false","true",
"C","A","20210101","2021","52","2021","380","ITA","Italy","X","Export","540","NCL","New Caledonia","0","W00","World","H5","HS","true","2204","Wine of fresh grapes, including fortified wines; grape must other than that of heading no. 2009","4","false","C00","TOTAL CPC","0","0","TOTAL MOT","7","l","14338","true","-1","N/A","0","false","14338","false","0","false",,"59834.832","59834.832","2","false","true",
"C","A","20210101","2021","52","2021","380","ITA","Italy","X","Export","554","NZL","New Zealand","0","W00","World","H5","HS","true","2204","Wine of fresh grapes, including fortified wines; grape must other than that of heading no. 2009","4","false","C00","TOTAL CPC","0","0","TOTAL MOT","7","l","2869427","true","-1","N/A","0","false","2872073","false","0","false",,"13749249.657","13749249.657","2","false","true",
"C","A","20210101","2021","52","2021","380","ITA","Italy","X","Export","558","NIC","Nicaragua","0","W00","World","H5","HS","true","2204","Wine of fresh grapes, including fortified wines; grape must other than that of heading no. 2009","4","false","C00","TOTAL CPC","0","0","TOTAL MOT","7","l","136324","true","-1","N/A","0","false","136324","false","0","false",,"313490.05","313490.05","2","false","true",
"C","A","20210101","2021","52","2021","380","ITA","Italy","X","Export","562","NER","Niger","0","W00","World","H5","HS","true","2204","Wine of fresh grapes, including fortified wines; grape must other than that of heading no. 2009","4","false","C00","TOTAL CPC","0","0","TOTAL MOT","7","l","135","false","7","l","135","false","135","false","0","false",,"1215.857","1215.857","0","false","true",
"C","A","20210101","2021","52","2021","380","ITA","Italy","X","Export","566","NGA","Nigeria","0","W00","World","H5","HS","true","2204","Wine of fresh grapes, including fortified wines; grape must other than that of heading no. 2009","4","false","C00","TOTAL CPC","0","0","TOTAL MOT","7","l","2750504","true","-1","N/A","0","false","2732295","false","0","false",,"6157262.079","6157262.079","2","false","true",
"C","A","20210101","2021","52","2021","380","ITA","Italy","X","Export","568","E19","Other Europe, nes","0","W00","World","H5","HS","true","2204","Wine of fresh grapes, including fortified wines; grape must other than that of heading no. 2009","4","false","C00","TOTAL CPC","0","0","TOTAL MOT","7","l","12094","true","-1","N/A","0","false","11865","false","0","false",,"80120.011","80120.011","2","false","true",
"C","A","20210101","2021","52","2021","380","ITA","Italy","X","Export","579","NOR","Norway","0","W00","World","H5","HS","true","2204","Wine of fresh grapes, including fortified wines; grape must other than that of heading no. 2009","4","false","C00","TOTAL CPC","0","0","TOTAL MOT","7","l","27626212.412","true","-1","N/A","0","false","27629734","false","0","false",,"138798666.477","138798666.477","2","false","true",
"C","A","20210101","2021","52","2021","380","ITA","Italy","X","Export","583","FSM","FS Micronesia","0","W00","World","H5","HS","true","2204","Wine of fresh grapes, including fortified wines; grape must other than that of heading no. 2009","4","false","C00","TOTAL CPC","0","0","TOTAL MOT","7","l","6429","false","7","l","6429","false","6429","false","0","false",,"23803.831","23803.831","0","false","true",
"C","A","20210101","2021","52","2021","380","ITA","Italy","X","Export","586","PAK","Pakistan","0","W00","World","H5","HS","true","2204","Wine of fresh grapes, including fortified wines; grape must other than that of heading no. 2009","4","false","C00","TOTAL CPC","0","0","TOTAL MOT","7","l","7723","false","7","l","7723","false","7723","false","0","false",,"152963.804","152963.804","0","false","true",
"C","A","20210101","2021","52","2021","380","ITA","Italy","X","Export","591","PAN","Panama","0","W00","World","H5","HS","true","2204","Wine of fresh grapes, including fortified wines; grape must other than that of heading no. 2009","4","false","C00","TOTAL CPC","0","0","TOTAL MOT","7","l","733308","true","-1","N/A","0","false","733329","false","0","false",,"3364172.345","3364172.345","2","false","true",
"C","A","20210101","2021","52","2021","380","ITA","Italy","X","Export","600","PRY","Paraguay","0","W00","World","H5","HS","true","2204","Wine of fresh grapes, including fortified wines; grape must other than that of heading no. 2009","4","false","C00","TOTAL CPC","0","0","TOTAL MOT","7","l","170507","true","-1","N/A","0","false","170693","false","0","false",,"1157621.271","1157621.271","2","false","true",
"C","A","20210101","2021","52","2021","380","ITA","Italy","X","Export","604","PER","Peru","0","W00","World","H5","HS","true","2204","Wine of fresh grapes, including fortified wines; grape must other than that of heading no. 2009","4","false","C00","TOTAL CPC","0","0","TOTAL MOT","7","l","1282872","true","-1","N/A","0","false","1309154","false","0","false",,"5526721.931","5526721.931","2","false","true",
"C","A","20210101","2021","52","2021","380","ITA","Italy","X","Export","608","PHL","Philippines","0","W00","World","H5","HS","true","2204","Wine of fresh grapes, including fortified wines; grape must other than that of heading no. 2009","4","false","C00","TOTAL CPC","0","0","TOTAL MOT","7","l","728456","true","-1","N/A","0","false","729953","false","0","false",,"3117207.889","3117207.889","2","false","true",
"C","A","20210101","2021","52","2021","380","ITA","Italy","X","Export","616","POL","Poland","0","W00","World","H5","HS","true","2204","Wine of fresh grapes, including fortified wines; grape must other than that of heading no. 2009","4","false","C00","TOTAL CPC","0","0","TOTAL MOT","7","l","32523310.646","true","-1","N/A","0","false","32617600","false","0","false",,"109704842.089","109704842.089","2","false","true",
"C","A","20210101","2021","52","2021","380","ITA","Italy","X","Export","620","PRT","Portugal","0","W00","World","H5","HS","true","2204","Wine of fresh grapes, including fortified wines; grape must other than that of heading no. 2009","4","false","C00","TOTAL CPC","0","0","TOTAL MOT","7","l","8493020.233","true","-1","N/A","0","false","8507154","false","0","false",,"18861942.698","18861942.698","2","false","true",
"C","A","20210101","2021","52","2021","380","ITA","Italy","X","Export","634","QAT","Qatar","0","W00","World","H5","HS","true","2204","Wine of fresh grapes, including fortified wines; grape must other than that of heading no. 2009","4","false","C00","TOTAL CPC","0","0","TOTAL MOT","7","l","167606","true","-1","N/A","0","false","170771","false","0","false",,"722711.101","722711.101","2","false","true",
"C","A","20210101","2021","52","2021","380","ITA","Italy","X","Export","642","ROU","Romania","0","W00","World","H5","HS","true","2204","Wine of fresh grapes, including fortified wines; grape must other than that of heading no. 2009","4","false","C00","TOTAL CPC","0","0","TOTAL MOT","7","l","7451704.822","true","-1","N/A","0","false","7394274","false","0","false",,"29572992.701","29572992.701","2","false","true",
"C","A","20210101","2021","52","2021","380","ITA","Italy","X","Export","643","RUS","Russian Federation","0","W00","World","H5","HS","true","2204","Wine of fresh grapes, including fortified wines; grape must other than that of heading no. 2009","4","false","C00","TOTAL CPC","0","0","TOTAL MOT","7","l","58590588.323","true","-1","N/A","0","false","58665771.595","true","0","false",,"175736891.784","175736891.784","6","false","true",
"C","A","20210101","2021","52","2021","380","ITA","Italy","X","Export","646","RWA","Rwanda","0","W00","World","H5","HS","true","2204","Wine of fresh grapes, including fortified wines; grape must other than that of heading no. 2009","4","false","C00","TOTAL CPC","0","0","TOTAL MOT","7","l","28977","true","-1","N/A","0","false","28983","false","0","false",,"132258.752","132258.752","2","false","true",
"C","A","20210101","2021","52","2021","380","ITA","Italy","X","Export","652","BLM","Saint Barthélemy","0","W00","World","H5","HS","true","2204","Wine of fresh grapes, including fortified wines; grape must other than that of heading no. 2009","4","false","C00","TOTAL CPC","0","0","TOTAL MOT","7","l","3094","true","-1","N/A","0","false","3094","false","0","false",,"53126.329","53126.329","2","false","true",
"C","A","20210101","2021","52","2021","380","ITA","Italy","X","Export","659","KNA","Saint Kitts and Nevis","0","W00","World","H5","HS","true","2204","Wine of fresh grapes, including fortified wines; grape must other than that of heading no. 2009","4","false","C00","TOTAL CPC","0","0","TOTAL MOT","7","l","8934","false","7","l","8934","false","8934","false","0","false",,"64017.002","64017.002","0","false","true",
"C","A","20210101","2021","52","2021","380","ITA","Italy","X","Export","660","AIA","Anguilla","0","W00","World","H5","HS","true","2204","Wine of fresh grapes, including fortified wines; grape must other than that of heading no. 2009","4","false","C00","TOTAL CPC","0","0","TOTAL MOT","7","l","6458","true","-1","N/A","0","false","6458","false","0","false",,"49185.439","49185.439","2","false","true",
"C","A","20210101","2021","52","2021","380","ITA","Italy","X","Export","662","LCA","Saint Lucia","0","W00","World","H5","HS","true","2204","Wine of fresh grapes, including fortified wines; grape must other than that of heading no. 2009","4","false","C00","TOTAL CPC","0","0","TOTAL MOT","7","l","50226","true","-1","N/A","0","false","50235","false","0","false",,"233893.993","233893.993","2","false","true",
"C","A","20210101","2021","52","2021","380","ITA","Italy","X","Export","670","VCT","Saint Vincent and the Grenadines","0","W00","World","H5","HS","true","2204","Wine of fresh grapes, including fortified wines; grape must other than that of heading no. 2009","4","false","C00","TOTAL CPC","0","0","TOTAL MOT","7","l","8924","true","-1","N/A","0","false","8924","false","0","false",,"80959.757","80959.757","2","false","true",
"C","A","20210101","2021","52","2021","380","ITA","Italy","X","Export","678","STP","Sao Tome and Principe","0","W00","World","H5","HS","true","2204","Wine of fresh grapes, including fortified wines; grape must other than that of heading no. 2009","4","false","C00","TOTAL CPC","0","0","TOTAL MOT","7","l","7866","false","7","l","7866","false","7866","false","0","false",,"44679.198","44679.198","0","false","true",
"C","A","20210101","2021","52","2021","380","ITA","Italy","X","Export","686","SEN","Senegal","0","W00","World","H5","HS","true","2204","Wine of fresh grapes, including fortified wines; grape must other than that of heading no. 2009","4","false","C00","TOTAL CPC","0","0","TOTAL MOT","7","l","35441","true","-1","N/A","0","false","35216","false","0","false",,"132379.392","132379.392","2","false","true",
"C","A","20210101","2021","52","2021","380","ITA","Italy","X","Export","688","SRB","Serbia","0","W00","World","H5","HS","true","2204","Wine of fresh grapes, including fortified wines; grape must other than that of heading no. 2009","4","false","C00","TOTAL CPC","0","0","TOTAL MOT","7","l","1207361","true","-1","N/A","0","false","1207209","false","0","false",,"6409501.557","6409501.557","2","false","true",
"C","A","20210101","2021","52","2021","380","ITA","Italy","X","Export","690","SYC","Seychelles","0","W00","World","H5","HS","true","2204","Wine of fresh grapes, including fortified wines; grape must other than that of heading no. 2009","4","false","C00","TOTAL CPC","0","0","TOTAL MOT","7","l","167032","true","-1","N/A","0","false","167234","false","0","false",,"707071.726","707071.726","2","false","true",
"C","A","20210101","2021","52","2021","380","ITA","Italy","X","Export","694","SLE","Sierra Leone","0","W00","World","H5","HS","true","2204","Wine of fresh grapes, including fortified wines; grape must other than that of heading no. 2009","4","false","C00","TOTAL CPC","0","0","TOTAL MOT","7","l","11437","true","-1","N/A","0","false","11437","false","0","false",,"58875.63","58875.63","2","false","true",
"C","A","20210101","2021","52","2021","380","ITA","Italy","X","Export","699","IND","India","0","W00","World","H5","HS","true","2204","Wine of fresh grapes, including fortified wines; grape must other than that of heading no. 2009","4","false","C00","TOTAL CPC","0","0","TOTAL MOT","7","l","732658","true","-1","N/A","0","false","735257","false","0","false",,"3647666.918","3647666.918","2","false","true",
"C","A","20210101","2021","52","2021","380","ITA","Italy","X","Export","702","SGP","Singapore","0","W00","World","H5","HS","true","2204","Wine of fresh grapes, including fortified wines; grape must other than that of heading no. 2009","4","false","C00","TOTAL CPC","0","0","TOTAL MOT","7","l","2163660","true","-1","N/A","0","false","2163919","false","0","false",,"24197948.936","24197948.936","2","false","true",
"C","A","20210101","2021","52","2021","380","ITA","Italy","X","Export","703","SVK","Slovakia","0","W00","World","H5","HS","true","2204","Wine of fresh grapes, including fortified wines; grape must other than that of heading no. 2009","4","false","C00","TOTAL CPC","0","0","TOTAL MOT","7","l","11502563.216","true","-1","N/A","0","false","11536456","false","0","false",,"29445061.596","29445061.596","2","false","true",
"C","A","20210101","2021","52","2021","380","ITA","Italy","X","Export","704","VNM","Viet Nam","0","W00","World","H5","HS","true","2204","Wine of fresh grapes, including fortified wines; grape must other than that of heading no. 2009","4","false","C00","TOTAL CPC","0","0","TOTAL MOT","7","l","3209717","true","-1","N/A","0","false","3206433","false","0","false",,"15185256.063","15185256.063","2","false","true",
"C","A","20210101","2021","52","2021","380","ITA","Italy","X","Export","705","SVN","Slovenia","0","W00","World","H5","HS","true","2204","Wine of fresh grapes, including fortified wines; grape must other than that of heading no. 2009","4","false","C00","TOTAL CPC","0","0","TOTAL MOT","7","l","1665248","true","-1","N/A","0","false","1679503","false","0","false",,"3813406.683","3813406.683","2","false","true",
"C","A","20210101","2021","52","2021","380","ITA","Italy","X","Export","710","ZAF","South Africa","0","W00","World","H5","HS","true","2204","Wine of fresh grapes, including fortified wines; grape must other than that of heading no. 2009","4","false","C00","TOTAL CPC","0","0","TOTAL MOT","7","l","770773","true","-1","N/A","0","false","771421","false","0","false",,"4441482.001","4441482.001","2","false","true",
"C","A","20210101","2021","52","2021","380","ITA","Italy","X","Export","716","ZWE","Zimbabwe","0","W00","World","H5","HS","true","2204","Wine of fresh grapes, including fortified wines; grape must other than that of heading no. 2009","4","false","C00","TOTAL CPC","0","0","TOTAL MOT","7","l","8964","false","7","l","8964","false","8964","false","0","false",,"32979.531","32979.531","0","false","true",
"C","A","20210101","2021","52","2021","380","ITA","Italy","X","Export","724","ESP","Spain","0","W00","World","H5","HS","true","2204","Wine of fresh grapes, including fortified wines; grape must other than that of heading no. 2009","4","false","C00","TOTAL CPC","0","0","TOTAL MOT","7","l","20497600.868","true","-1","N/A","0","false","20585980","false","0","false",,"57543944.729","57543944.729","2","false","true",
"C","A","20210101","2021","52","2021","380","ITA","Italy","X","Export","740","SUR","Suriname","0","W00","World","H5","HS","true","2204","Wine of fresh grapes, including fortified wines; grape must other than that of heading no. 2009","4","false","C00","TOTAL CPC","0","0","TOTAL MOT","7","l","20399","false","7","l","20399","false","20704","false","0","false",,"113324.263","113324.263","0","false","true",
"C","A","20210101","2021","52","2021","380","ITA","Italy","X","Export","752","SWE","Sweden","0","W00","World","H5","HS","true","2204","Wine of fresh grapes, including fortified wines; grape must other than that of heading no. 2009","4","false","C00","TOTAL CPC","0","0","TOTAL MOT","7","l","51860143","true","-1","N/A","0","false","53606092","false","0","false",,"229341594.54","229341594.54","2","false","true",
"C","A","20210101","2021","52","2021","380","ITA","Italy","X","Export","757","CHE","Switzerland","0","W00","World","H5","HS","true","2204","Wine of fresh grapes, including fortified wines; grape must other than that of heading no. 2009","4","false","C00","TOTAL CPC","0","0","TOTAL MOT","7","l","78362433.367","true","-1","N/A","0","false","78334643","false","0","false",,"491161580.987","491161580.987","2","false","true",
"C","A","20210101","2021","52","2021","380","ITA","Italy","X","Export","762","TJK","Tajikistan","0","W00","World","H5","HS","true","2204","Wine of fresh grapes, including fortified wines; grape must other than that of heading no. 2009","4","false","C00","TOTAL CPC","0","0","TOTAL MOT","7","l","2160","false","7","l","2160","false","2160","false","0","false",,"27640.641","27640.641","0","false","true",
"C","A","20210101","2021","52","2021","380","ITA","Italy","X","Export","764","THA","Thailand","0","W00","World","H5","HS","true","2204","Wine of fresh grapes, including fortified wines; grape must other than that of heading no. 2009","4","false","C00","TOTAL CPC","0","0","TOTAL MOT","7","l","1276776","true","-1","N/A","0","false","1276896","false","0","false",,"12291835.651","12291835.651","2","false","true",
"C","A","20210101","2021","52","2021","380","ITA","Italy","X","Export","768","TGO","Togo","0","W00","World","H5","HS","true","2204","Wine of fresh grapes, including fortified wines; grape must other than that of heading no. 2009","4","false","C00","TOTAL CPC","0","0","TOTAL MOT","7","l","61945","true","-1","N/A","0","false","61953","false","0","false",,"116939.9","116939.9","2","false","true",
"C","A","20210101","2021","52","2021","380","ITA","Italy","X","Export","776","TON","Tonga","0","W00","World","H5","HS","true","2204","Wine of fresh grapes, including fortified wines; grape must other than that of heading no. 2009","4","false","C00","TOTAL CPC","0","0","TOTAL MOT","7","l","452","false","7","l","452","false","452","false","0","false",,"1609.71","1609.71","0","false","true",
"C","A","20210101","2021","52","2021","380","ITA","Italy","X","Export","780","TTO","Trinidad and Tobago","0","W00","World","H5","HS","true","2204","Wine of fresh grapes, including fortified wines; grape must other than that of heading no. 2009","4","false","C00","TOTAL CPC","0","0","TOTAL MOT","7","l","121962","true","-1","N/A","0","false","122082","false","0","false",,"670794.715","670794.715","2","false","true",
"C","A","20210101","2021","52","2021","380","ITA","Italy","X","Export","784","ARE","United Arab Emirates","0","W00","World","H5","HS","true","2204","Wine of fresh grapes, including fortified wines; grape must other than that of heading no. 2009","4","false","C00","TOTAL CPC","0","0","TOTAL MOT","7","l","3103751","true","-1","N/A","0","false","3103214","false","0","false",,"18864780.092","18864780.092","2","false","true",
"C","A","20210101","2021","52","2021","380","ITA","Italy","X","Export","788","TUN","Tunisia","0","W00","World","H5","HS","true","2204","Wine of fresh grapes, including fortified wines; grape must other than that of heading no. 2009","4","false","C00","TOTAL CPC","0","0","TOTAL MOT","7","l","3353","false","7","l","3353","false","3353","false","0","false",,"29782.584","29782.584","0","false","true",
"C","A","20210101","2021","52","2021","380","ITA","Italy","X","Export","792","TUR","Türkiye","0","W00","World","H5","HS","true","2204","Wine of fresh grapes, including fortified wines; grape must other than that of heading no. 2009","4","false","C00","TOTAL CPC","0","0","TOTAL MOT","7","l","2062573","true","-1","N/A","0","false","2062720","false","0","false",,"6925909.631","6925909.631","2","false","true",
"C","A","20210101","2021","52","2021","380","ITA","Italy","X","Export","795","TKM","Turkmenistan","0","W00","World","H5","HS","true","2204","Wine of fresh grapes, including fortified wines; grape must other than that of heading no. 2009","4","false","C00","TOTAL CPC","0","0","TOTAL MOT","7","l","2589","false","7","l","2589","false","2608","false","0","false",,"9375.582","9375.582","0","false","true",
"C","A","20210101","2021","52","2021","380","ITA","Italy","X","Export","796","TCA","Turks and Caicos Isds","0","W00","World","H5","HS","true","2204","Wine of fresh grapes, including fortified wines; grape must other than that of heading no. 2009","4","false","C00","TOTAL CPC","0","0","TOTAL MOT","7","l","115152","true","-1","N/A","0","false","115152","false","0","false",,"906824.737","906824.737","2","false","true",
"C","A","20210101","2021","52","2021","380","ITA","Italy","X","Export","800","UGA","Uganda","0","W00","World","H5","HS","true","2204","Wine of fresh grapes, including fortified wines; grape must other than that of heading no. 2009","4","false","C00","TOTAL CPC","0","0","TOTAL MOT","7","l","25648","true","-1","N/A","0","false","25648","false","0","false",,"97241.36","97241.36","2","false","true",
"C","A","20210101","2021","52","2021","380","ITA","Italy","X","Export","804","UKR","Ukraine","0","W00","World","H5","HS","true","2204","Wine of fresh grapes, including fortified wines; grape must other than that of heading no. 2009","4","false","C00","TOTAL CPC","0","0","TOTAL MOT","7","l","19724515","true","-1","N/A","0","false","19753540","false","0","false",,"65701223.038","65701223.038","2","false","true",
"C","A","20210101","2021","52","2021","380","ITA","Italy","X","Export","807","MKD","North Macedonia","0","W00","World","H5","HS","true","2204","Wine of fresh grapes, including fortified wines; grape must other than that of heading no. 2009","4","false","C00","TOTAL CPC","0","0","TOTAL MOT","7","l","109388","true","-1","N/A","0","false","109383","false","0","false",,"409472.975","409472.975","2","false","true",
"C","A","20210101","2021","52","2021","380","ITA","Italy","X","Export","818","EGY","Egypt","0","W00","World","H5","HS","true","2204","Wine of fresh grapes, including fortified wines; grape must other than that of heading no. 2009","4","false","C00","TOTAL CPC","0","0","TOTAL MOT","7","l","50815","false","7","l","50815","false","50854","false","0","false",,"375132.11","375132.11","0","false","true",
"C","A","20210101","2021","52","2021","380","ITA","Italy","X","Export","826","GBR","United Kingdom","0","W00","World","H5","HS","true","2204","Wine of fresh grapes, including fortified wines; grape must other than that of heading no. 2009","4","false","C00","TOTAL CPC","0","0","TOTAL MOT","7","l","272960744.01","true","-1","N/A","0","false","272754238.766","true","0","false",,"877216164.886","877216164.886","6","false","true",
"C","A","20210101","2021","52","2021","380","ITA","Italy","X","Export","834","TZA","United Rep. of Tanzania","0","W00","World","H5","HS","true","2204","Wine of fresh grapes, including fortified wines; grape must other than that of heading no. 2009","4","false","C00","TOTAL CPC","0","0","TOTAL MOT","7","l","88713","true","-1","N/A","0","false","88766","false","0","false",,"340365.458","340365.458","2","false","true",
"C","A","20210101","2021","52","2021","380","ITA","Italy","X","Export","837","X1 ","Bunkers","0","W00","World","H5","HS","true","2204","Wine of fresh grapes, including fortified wines; grape must other than that of heading no. 2009","4","false","C00","TOTAL CPC","0","0","TOTAL MOT","7","l","98541","true","-1","N/A","0","false","102165","false","0","false",,"1489647.228","1489647.228","2","false","true",
"C","A","20210101","2021","52","2021","380","ITA","Italy","X","Export","842","USA","USA","0","W00","World","H5","HS","true","2204","Wine of fresh grapes, including fortified wines; grape must other than that of heading no. 2009","4","false","C00","TOTAL CPC","0","0","TOTAL MOT","7","l","401259742.147","true","-1","N/A","0","false","401920293","false","0","false",,"2032989308.646","2032989308.646","2","false","true",
"C","A","20210101","2021","52","2021","380","ITA","Italy","X","Export","854","BFA","Burkina Faso","0","W00","World","H5","HS","true","2204","Wine of fresh grapes, including fortified wines; grape must other than that of heading no. 2009","4","false","C00","TOTAL CPC","0","0","TOTAL MOT","7","l","34341","true","-1","N/A","0","false","34338","false","0","false",,"92809.632","92809.632","2","false","true",
"C","A","20210101","2021","52","2021","380","ITA","Italy","X","Export","858","URY","Uruguay","0","W00","World","H5","HS","true","2204","Wine of fresh grapes, including fortified wines; grape must other than that of heading no. 2009","4","false","C00","TOTAL CPC","0","0","TOTAL MOT","7","l","63353","true","-1","N/A","0","false","63408","false","0","false",,"1155476.963","1155476.963","2","false","true",
"C","A","20210101","2021","52","2021","380","ITA","Italy","X","Export","860","UZB","Uzbekistan","0","W00","World","H5","HS","true","2204","Wine of fresh grapes, including fortified wines; grape must other than that of heading no. 2009","4","false","C00","TOTAL CPC","0","0","TOTAL MOT","7","l","15960","false","7","l","15960","false","16029","false","0","false",,"127692.192","127692.192","0","false","true",
"C","A","20210101","2021","52","2021","380","ITA","Italy","X","Export","862","VEN","Venezuela","0","W00","World","H5","HS","true","2204","Wine of fresh grapes, including fortified wines; grape must other than that of heading no. 2009","4","false","C00","TOTAL CPC","0","0","TOTAL MOT","7","l","1055610","true","-1","N/A","0","false","1055318","false","0","false",,"3113974.277","3113974.277","2","false","true",
"C","A","20210101","2021","52","2021","380","ITA","Italy","X","Export","894","ZMB","Zambia","0","W00","World","H5","HS","true","2204","Wine of fresh grapes, including fortified wines; grape must other than that of heading no. 2009","4","false","C00","TOTAL CPC","0","0","TOTAL MOT","7","l","20968","false","7","l","20968","false","20955","false","0","false",,"74070.295","74070.295","0","false","true",
"C","A","20210101","2021","52","2021","380","ITA","Italy","X","Export","899","_X ","Areas, nes","0","W00","World","H5","HS","true","2204","Wine of fresh grapes, including fortified wines; grape must other than that of heading no. 2009","4","false","C00","TOTAL CPC","0","0","TOTAL MOT","7","l","77151","false","7","l","77151","false","77060","false","0","false",,"1077096.763","1077096.763","0","false","true",
"C","A","20220101","2022","52","2022","380","ITA","Italy","X","Export","0","W00","World","0","W00","World","H6","HS","true","2204","Wine of fresh grapes, including fortified wines; grape must other than that of heading no. 2009","4","false","C00","TOTAL CPC","0","0","TOTAL MOT","7","l","2157641691.92","true","-1","N/A","0","false","2161222304.09","true","0","false",,"8251106624.536","8251106624.536","6","false","true",
"C","A","20220101","2022","52","2022","380","ITA","Italy","X","Export","8","ALB","Albania","0","W00","World","H6","HS","true","2204","Wine of fresh grapes, including fortified wines; grape must other than that of heading no. 2009","4","false","C00","TOTAL CPC","0","0","TOTAL MOT","7","l","3741737.39","true","-1","N/A","0","false","3742286","false","0","false",,"15226214.425","15226214.425","2","false","true",
"C","A","20220101","2022","52","2022","380","ITA","Italy","X","Export","12","DZA","Algeria","0","W00","World","H6","HS","true","2204","Wine of fresh grapes, including fortified wines; grape must other than that of heading no. 2009","4","false","C00","TOTAL CPC","0","0","TOTAL MOT","7","l","2024200","false","7","l","2024200","false","2024200","false","0","false",,"1151059.025","1151059.025","0","false","true",
"C","A","20220101","2022","52","2022","380","ITA","Italy","X","Export","20","AND","Andorra","0","W00","World","H6","HS","true","2204","Wine of fresh grapes, including fortified wines; grape must other than that of heading no. 2009","4","false","C00","TOTAL CPC","0","0","TOTAL MOT","7","l","3291","false","7","l","3291","false","3291","false","0","false",,"107155.069","107155.069","0","false","true",
"C","A","20220101","2022","52","2022","380","ITA","Italy","X","Export","24","AGO","Angola","0","W00","World","H6","HS","true","2204","Wine of fresh grapes, including fortified wines; grape must other than that of heading no. 2009","4","false","C00","TOTAL CPC","0","0","TOTAL MOT","7","l","584622","true","-1","N/A","0","false","584821","false","0","false",,"2364413.248","2364413.248","2","false","true",
"C","A","20220101","2022","52","2022","380","ITA","Italy","X","Export","28","ATG","Antigua and Barbuda","0","W00","World","H6","HS","true","2204","Wine of fresh grapes, including fortified wines; grape must other than that of heading no. 2009","4","false","C00","TOTAL CPC","0","0","TOTAL MOT","7","l","154691","true","-1","N/A","0","false","154691","false","0","false",,"691603.377","691603.377","2","false","true",
"C","A","20220101","2022","52","2022","380","ITA","Italy","X","Export","31","AZE","Azerbaijan","0","W00","World","H6","HS","true","2204","Wine of fresh grapes, including fortified wines; grape must other than that of heading no. 2009","4","false","C00","TOTAL CPC","0","0","TOTAL MOT","7","l","144916","true","-1","N/A","0","false","144921","false","0","false",,"1161891.736","1161891.736","2","false","true",
"C","A","20220101","2022","52","2022","380","ITA","Italy","X","Export","32","ARG","Argentina","0","W00","World","H6","HS","true","2204","Wine of fresh grapes, including fortified wines; grape must other than that of heading no. 2009","4","false","C00","TOTAL CPC","0","0","TOTAL MOT","7","l","137197","true","-1","N/A","0","false","69611","false","0","false",,"545108.517","545108.517","2","false","true",
"C","A","20220101","2022","52","2022","380","ITA","Italy","X","Export","36","AUS","Australia","0","W00","World","H6","HS","true","2204","Wine of fresh grapes, including fortified wines; grape must other than that of heading no. 2009","4","false","C00","TOTAL CPC","0","0","TOTAL MOT","7","l","15994065","true","-1","N/A","0","false","15993462","false","0","false",,"86612299.968","86612299.968","2","false","true",
"C","A","20220101","2022","52","2022","380","ITA","Italy","X","Export","40","AUT","Austria","0","W00","World","H6","HS","true","2204","Wine of fresh grapes, including fortified wines; grape must other than that of heading no. 2009","4","false","C00","TOTAL CPC","0","0","TOTAL MOT","7","l","49953893.591","true","-1","N/A","0","false","50062436","false","0","false",,"144202571.268","144202571.268","2","false","true",
"C","A","20220101","2022","52","2022","380","ITA","Italy","X","Export","44","BHS","Bahamas","0","W00","World","H6","HS","true","2204","Wine of fresh grapes, including fortified wines; grape must other than that of heading no. 2009","4","false","C00","TOTAL CPC","0","0","TOTAL MOT","7","l","419227","true","-1","N/A","0","false","419227","false","0","false",,"2358180.253","2358180.253","2","false","true",
"C","A","20220101","2022","52","2022","380","ITA","Italy","X","Export","48","BHR","Bahrain","0","W00","World","H6","HS","true","2204","Wine of fresh grapes, including fortified wines; grape must other than that of heading no. 2009","4","false","C00","TOTAL CPC","0","0","TOTAL MOT","7","l","132124","true","-1","N/A","0","false","132916","false","0","false",,"661008.102","661008.102","2","false","true",
"C","A","20220101","2022","52","2022","380","ITA","Italy","X","Export","50","BGD","Bangladesh","0","W00","World","H6","HS","true","2204","Wine of fresh grapes, including fortified wines; grape must other than that of heading no. 2009","4","false","C00","TOTAL CPC","0","0","TOTAL MOT","7","l","5445","false","7","l","5445","false","5445","false","0","false",,"31107.057","31107.057","0","false","true",
"C","A","20220101","2022","52","2022","380","ITA","Italy","X","Export","51","ARM","Armenia","0","W00","World","H6","HS","true","2204","Wine of fresh grapes, including fortified wines; grape must other than that of heading no. 2009","4","false","C00","TOTAL CPC","0","0","TOTAL MOT","7","l","129222","true","-1","N/A","0","false","129226","false","0","false",,"784209.527","784209.527","2","false","true",
"C","A","20220101","2022","52","2022","380","ITA","Italy","X","Export","52","BRB","Barbados","0","W00","World","H6","HS","true","2204","Wine of fresh grapes, including fortified wines; grape must other than that of heading no. 2009","4","false","C00","TOTAL CPC","0","0","TOTAL MOT","7","l","255790","true","-1","N/A","0","false","255820","false","0","false",,"1394742.903","1394742.903","2","false","true",
"C","A","20220101","2022","52","2022","380","ITA","Italy","X","Export","56","BEL","Belgium","0","W00","World","H6","HS","true","2204","Wine of fresh grapes, including fortified wines; grape must other than that of heading no. 2009","4","false","C00","TOTAL CPC","0","0","TOTAL MOT","7","l","65464451.97","true","-1","N/A","0","false","66286140","false","0","false",,"252004214.676","252004214.676","2","false","true",
"C","A","20220101","2022","52","2022","380","ITA","Italy","X","Export","60","BMU","Bermuda","0","W00","World","H6","HS","true","2204","Wine of fresh grapes, including fortified wines; grape must other than that of heading no. 2009","4","false","C00","TOTAL CPC","0","0","TOTAL MOT","7","l","223921","true","-1","N/A","0","false","223928","false","0","false",,"2069062.593","2069062.593","2","false","true",
"C","A","20220101","2022","52","2022","380","ITA","Italy","X","Export","64","BTN","Bhutan","0","W00","World","H6","HS","true","2204","Wine of fresh grapes, including fortified wines; grape must other than that of heading no. 2009","4","false","C00","TOTAL CPC","0","0","TOTAL MOT","7","l","10256","false","7","l","10256","false","10256","false","0","false",,"53724.435","53724.435","0","false","true",
"C","A","20220101","2022","52","2022","380","ITA","Italy","X","Export","70","BIH","Bosnia Herzegovina","0","W00","World","H6","HS","true","2204","Wine of fresh grapes, including fortified wines; grape must other than that of heading no. 2009","4","false","C00","TOTAL CPC","0","0","TOTAL MOT","7","l","73674","true","-1","N/A","0","false","73633","false","0","false",,"315399.648","315399.648","2","false","true",
"C","A","20220101","2022","52","2022","380","ITA","Italy","X","Export","72","BWA","Botswana","0","W00","World","H6","HS","true","2204","Wine of fresh grapes, including fortified wines; grape must other than that of heading no. 2009","4","false","C00","TOTAL CPC","0","0","TOTAL MOT","7","l","4185","false","7","l","4185","false","4185","false","0","false",,"18200.893","18200.893","0","false","true",
"C","A","20220101","2022","52","2022","380","ITA","Italy","X","Export","76","BRA","Brazil","0","W00","World","H6","HS","true","2204","Wine of fresh grapes, including fortified wines; grape must other than that of heading no. 2009","4","false","C00","TOTAL CPC","0","0","TOTAL MOT","7","l","10380500","true","-1","N/A","0","false","10382914","false","0","false",,"37876047.859","37876047.859","2","false","true",
"C","A","20220101","2022","52","2022","380","ITA","Italy","X","Export","84","BLZ","Belize","0","W00","World","H6","HS","true","2204","Wine of fresh grapes, including fortified wines; grape must other than that of heading no. 2009","4","false","C00","TOTAL CPC","0","0","TOTAL MOT","7","l","76213","true","-1","N/A","0","false","76213","false","0","false",,"297544.156","297544.156","2","false","true",
"C","A","20220101","2022","52","2022","380","ITA","Italy","X","Export","92","VGB","Br. Virgin Isds","0","W00","World","H6","HS","true","2204","Wine of fresh grapes, including fortified wines; grape must other than that of heading no. 2009","4","false","C00","TOTAL CPC","0","0","TOTAL MOT","7","l","40426","false","7","l","40426","false","40426","false","0","false",,"660336.257","660336.257","0","false","true",
"C","A","20220101","2022","52","2022","380","ITA","Italy","X","Export","100","BGR","Bulgaria","0","W00","World","H6","HS","true","2204","Wine of fresh grapes, including fortified wines; grape must other than that of heading no. 2009","4","false","C00","TOTAL CPC","0","0","TOTAL MOT","7","l","4231976.316","true","-1","N/A","0","false","4232674","false","0","false",,"14781361.402","14781361.402","2","false","true",
"C","A","20220101","2022","52","2022","380","ITA","Italy","X","Export","104","MMR","Myanmar","0","W00","World","H6","HS","true","2204","Wine of fresh grapes, including fortified wines; grape must other than that of heading no. 2009","4","false","C00","TOTAL CPC","0","0","TOTAL MOT","7","l","19816","true","-1","N/A","0","false","19816","false","0","false",,"126936.588","126936.588","2","false","true",
"C","A","20220101","2022","52","2022","380","ITA","Italy","X","Export","108","BDI","Burundi","0","W00","World","H6","HS","true","2204","Wine of fresh grapes, including fortified wines; grape must other than that of heading no. 2009","4","false","C00","TOTAL CPC","0","0","TOTAL MOT","7","l","2648","false","7","l","2648","false","2648","false","0","false",,"10492.577","10492.577","0","false","true",
"C","A","20220101","2022","52","2022","380","ITA","Italy","X","Export","112","BLR","Belarus","0","W00","World","H6","HS","true","2204","Wine of fresh grapes, including fortified wines; grape must other than that of heading no. 2009","4","false","C00","TOTAL CPC","0","0","TOTAL MOT","7","l","2027602","true","-1","N/A","0","false","2028683","false","0","false",,"5375019.257","5375019.257","2","false","true",
"C","A","20220101","2022","52","2022","380","ITA","Italy","X","Export","116","KHM","Cambodia","0","W00","World","H6","HS","true","2204","Wine of fresh grapes, including fortified wines; grape must other than that of heading no. 2009","4","false","C00","TOTAL CPC","0","0","TOTAL MOT","7","l","320467","true","-1","N/A","0","false","320468","false","0","false",,"1137566.313","1137566.313","2","false","true",
"C","A","20220101","2022","52","2022","380","ITA","Italy","X","Export","120","CMR","Cameroon","0","W00","World","H6","HS","true","2204","Wine of fresh grapes, including fortified wines; grape must other than that of heading no. 2009","4","false","C00","TOTAL CPC","0","0","TOTAL MOT","7","l","491498","true","-1","N/A","0","false","494574","false","0","false",,"1436929.084","1436929.084","2","false","true",
"C","A","20220101","2022","52","2022","380","ITA","Italy","X","Export","124","CAN","Canada","0","W00","World","H6","HS","true","2204","Wine of fresh grapes, including fortified wines; grape must other than that of heading no. 2009","4","false","C00","TOTAL CPC","0","0","TOTAL MOT","7","l","80129675.15","true","-1","N/A","0","false","80159464","false","0","false",,"450028296.237","450028296.237","2","false","true",
"C","A","20220101","2022","52","2022","380","ITA","Italy","X","Export","132","CPV","Cabo Verde","0","W00","World","H6","HS","true","2204","Wine of fresh grapes, including fortified wines; grape must other than that of heading no. 2009","4","false","C00","TOTAL CPC","0","0","TOTAL MOT","7","l","64065.378","true","-1","N/A","0","false","63534","false","0","false",,"139711.121","139711.121","2","false","true",
"C","A","20220101","2022","52","2022","380","ITA","Italy","X","Export","136","CYM","Cayman Isds","0","W00","World","H6","HS","true","2204","Wine of fresh grapes, including fortified wines; grape must other than that of heading no. 2009","4","false","C00","TOTAL CPC","0","0","TOTAL MOT","7","l","279536","true","-1","N/A","0","false","272016","false","0","false",,"2396037.351","2396037.351","2","false","true",
"C","A","20220101","2022","52","2022","380","ITA","Italy","X","Export","144","LKA","Sri Lanka","0","W00","World","H6","HS","true","2204","Wine of fresh grapes, including fortified wines; grape must other than that of heading no. 2009","4","false","C00","TOTAL CPC","0","0","TOTAL MOT","7","l","187362","true","-1","N/A","0","false","187480","false","0","false",,"890705.388","890705.388","2","false","true",
"C","A","20220101","2022","52","2022","380","ITA","Italy","X","Export","152","CHL","Chile","0","W00","World","H6","HS","true","2204","Wine of fresh grapes, including fortified wines; grape must other than that of heading no. 2009","4","false","C00","TOTAL CPC","0","0","TOTAL MOT","7","l","1340276","true","-1","N/A","0","false","1362912","false","0","false",,"6580212.354","6580212.354","2","false","true",
"C","A","20220101","2022","52","2022","380","ITA","Italy","X","Export","156","CHN","China","0","W00","World","H6","HS","true","2204","Wine of fresh grapes, including fortified wines; grape must other than that of heading no. 2009","4","false","C00","TOTAL CPC","0","0","TOTAL MOT","7","l","23077374.756","true","-1","N/A","0","false","23079068","false","0","false",,"117464882.031","117464882.031","2","false","true",
"C","A","20220101","2022","52","2022","380","ITA","Italy","X","Export","170","COL","Colombia","0","W00","World","H6","HS","true","2204","Wine of fresh grapes, including fortified wines; grape must other than that of heading no. 2009","4","false","C00","TOTAL CPC","0","0","TOTAL MOT","7","l","2538876","true","-1","N/A","0","false","2541684","false","0","false",,"7880837.982","7880837.982","2","false","true",
"C","A","20220101","2022","52","2022","380","ITA","Italy","X","Export","178","COG","Congo","0","W00","World","H6","HS","true","2204","Wine of fresh grapes, including fortified wines; grape must other than that of heading no. 2009","4","false","C00","TOTAL CPC","0","0","TOTAL MOT","7","l","16064","false","7","l","16064","false","16054","false","0","false",,"132598.83","132598.83","0","false","true",
"C","A","20220101","2022","52","2022","380","ITA","Italy","X","Export","180","COD","Dem. Rep. of the Congo","0","W00","World","H6","HS","true","2204","Wine of fresh grapes, including fortified wines; grape must other than that of heading no. 2009","4","false","C00","TOTAL CPC","0","0","TOTAL MOT","7","l","36176","false","7","l","36176","false","36287","false","0","false",,"263110.518","263110.518","0","false","true",
"C","A","20220101","2022","52","2022","380","ITA","Italy","X","Export","184","COK","Cook Isds","0","W00","World","H6","HS","true","2204","Wine of fresh grapes, including fortified wines; grape must other than that of heading no. 2009","4","false","C00","TOTAL CPC","0","0","TOTAL MOT","7","l","910","false","7","l","910","false","910","false","0","false",,"5907.603","5907.603","0","false","true",
"C","A","20220101","2022","52","2022","380","ITA","Italy","X","Export","188","CRI","Costa Rica","0","W00","World","H6","HS","true","2204","Wine of fresh grapes, including fortified wines; grape must other than that of heading no. 2009","4","false","C00","TOTAL CPC","0","0","TOTAL MOT","7","l","1180010","true","-1","N/A","0","false","1180161","false","0","false",,"4317086.588","4317086.588","2","false","true",
"C","A","20220101","2022","52","2022","380","ITA","Italy","X","Export","191","HRV","Croatia","0","W00","World","H6","HS","true","2204","Wine of fresh grapes, including fortified wines; grape must other than that of heading no. 2009","4","false","C00","TOTAL CPC","0","0","TOTAL MOT","7","l","2648616","true","-1","N/A","0","false","2675666","false","0","false",,"8629116.436","8629116.436","2","false","true",
"C","A","20220101","2022","52","2022","380","ITA","Italy","X","Export","192","CUB","Cuba","0","W00","World","H6","HS","true","2204","Wine of fresh grapes, including fortified wines; grape must other than that of heading no. 2009","4","false","C00","TOTAL CPC","0","0","TOTAL MOT","7","l","129707","false","7","l","129707","false","129707","false","0","false",,"439123.385","439123.385","0","false","true",
"C","A","20220101","2022","52","2022","380","ITA","Italy","X","Export","196","CYP","Cyprus","0","W00","World","H6","HS","true","2204","Wine of fresh grapes, including fortified wines; grape must other than that of heading no. 2009","4","false","C00","TOTAL CPC","0","0","TOTAL MOT","7","l","2441555.843","true","-1","N/A","0","false","2508076.466","true","0","false",,"11207747.155","11207747.155","6","false","true",
"C","A","20220101","2022","52","2022","380","ITA","Italy","X","Export","203","CZE","Czechia","0","W00","World","H6","HS","true","2204","Wine of fresh grapes, including fortified wines; grape must other than that of heading no. 2009","4","false","C00","TOTAL CPC","0","0","TOTAL MOT","7","l","32155112","true","-1","N/A","0","false","32190542","false","0","false",,"82629245.67","82629245.67","2","false","true",
"C","A","20220101","2022","52","2022","380","ITA","Italy","X","Export","204","BEN","Benin","0","W00","World","H6","HS","true","2204","Wine of fresh grapes, including fortified wines; grape must other than that of heading no. 2009","4","false","C00","TOTAL CPC","0","0","TOTAL MOT","7","l","48092","true","-1","N/A","0","false","48211","false","0","false",,"97140.577","97140.577","2","false","true",
"C","A","20220101","2022","52","2022","380","ITA","Italy","X","Export","208","DNK","Denmark","0","W00","World","H6","HS","true","2204","Wine of fresh grapes, including fortified wines; grape must other than that of heading no. 2009","4","false","C00","TOTAL CPC","0","0","TOTAL MOT","7","l","37348170","true","-1","N/A","0","false","36548952","false","0","false",,"166673585.461","166673585.461","2","false","true",
"C","A","20220101","2022","52","2022","380","ITA","Italy","X","Export","212","DMA","Dominica","0","W00","World","H6","HS","true","2204","Wine of fresh grapes, including fortified wines; grape must other than that of heading no. 2009","4","false","C00","TOTAL CPC","0","0","TOTAL MOT","7","l","14085","false","7","l","14085","false","14085","false","0","false",,"52181.719","52181.719","0","false","true",
"C","A","20220101","2022","52","2022","380","ITA","Italy","X","Export","214","DOM","Dominican Rep.","0","W00","World","H6","HS","true","2204","Wine of fresh grapes, including fortified wines; grape must other than that of heading no. 2009","4","false","C00","TOTAL CPC","0","0","TOTAL MOT","7","l","1000150","true","-1","N/A","0","false","1000220","false","0","false",,"5197184.617","5197184.617","2","false","true",
"C","A","20220101","2022","52","2022","380","ITA","Italy","X","Export","218","ECU","Ecuador","0","W00","World","H6","HS","true","2204","Wine of fresh grapes, including fortified wines; grape must other than that of heading no. 2009","4","false","C00","TOTAL CPC","0","0","TOTAL MOT","7","l","2221577","true","-1","N/A","0","false","2222372","false","0","false",,"4382946.355","4382946.355","2","false","true",
"C","A","20220101","2022","52","2022","380","ITA","Italy","X","Export","222","SLV","El Salvador","0","W00","World","H6","HS","true","2204","Wine of fresh grapes, including fortified wines; grape must other than that of heading no. 2009","4","false","C00","TOTAL CPC","0","0","TOTAL MOT","7","l","267174.917","true","-1","N/A","0","false","269051","false","0","false",,"963479.473","963479.473","2","false","true",
"C","A","20220101","2022","52","2022","380","ITA","Italy","X","Export","226","GNQ","Equatorial Guinea","0","W00","World","H6","HS","true","2204","Wine of fresh grapes, including fortified wines; grape must other than that of heading no. 2009","4","false","C00","TOTAL CPC","0","0","TOTAL MOT","7","l","41846","true","-1","N/A","0","false","41846","false","0","false",,"80160.168","80160.168","2","false","true",
"C","A","20220101","2022","52","2022","380","ITA","Italy","X","Export","231","ETH","Ethiopia","0","W00","World","H6","HS","true","2204","Wine of fresh grapes, including fortified wines; grape must other than that of heading no. 2009","4","false","C00","TOTAL CPC","0","0","TOTAL MOT","7","l","26591","true","-1","N/A","0","false","26591","false","0","false",,"193195.461","193195.461","2","false","true",
"C","A","20220101","2022","52","2022","380","ITA","Italy","X","Export","232","ERI","Eritrea","0","W00","World","H6","HS","true","2204","Wine of fresh grapes, including fortified wines; grape must other than that of heading no. 2009","4","false","C00","TOTAL CPC","0","0","TOTAL MOT","7","l","64","true","-1","N/A","0","false","64","false","0","false",,"3829.938","3829.938","2","false","true",
"C","A","20220101","2022","52","2022","380","ITA","Italy","X","Export","233","EST","Estonia","0","W00","World","H6","HS","true","2204","Wine of fresh grapes, including fortified wines; grape must other than that of heading no. 2009","4","false","C00","TOTAL CPC","0","0","TOTAL MOT","7","l","6080849","true","-1","N/A","0","false","6177935","false","0","false",,"24757409.174","24757409.174","2","false","true",
"C","A","20220101","2022","52","2022","380","ITA","Italy","X","Export","242","FJI","Fiji","0","W00","World","H6","HS","true","2204","Wine of fresh grapes, including fortified wines; grape must other than that of heading no. 2009","4","false","C00","TOTAL CPC","0","0","TOTAL MOT","7","l","56500","true","-1","N/A","0","false","56501","false","0","false",,"283158.458","283158.458","2","false","true",
"C","A","20220101","2022","52","2022","380","ITA","Italy","X","Export","246","FIN","Finland","0","W00","World","H6","HS","true","2204","Wine of fresh grapes, including fortified wines; grape must other than that of heading no. 2009","4","false","C00","TOTAL CPC","0","0","TOTAL MOT","7","l","10402766","true","-1","N/A","0","false","10258071","false","0","false",,"50158786.018","50158786.018","2","false","true",
"C","A","20220101","2022","52","2022","380","ITA","Italy","X","Export","251","FRA","France","0","W00","World","H6","HS","true","2204","Wine of fresh grapes, including fortified wines; grape must other than that of heading no. 2009","4","false","C00","TOTAL CPC","0","0","TOTAL MOT","7","l","91077406.24","true","-1","N/A","0","false","91418462","false","0","false",,"302368956.998","302368956.998","2","false","true",
"C","A","20220101","2022","52","2022","380","ITA","Italy","X","Export","258","PYF","French Polynesia","0","W00","World","H6","HS","true","2204","Wine of fresh grapes, including fortified wines; grape must other than that of heading no. 2009","4","false","C00","TOTAL CPC","0","0","TOTAL MOT","7","l","6396","false","7","l","6396","false","6396","false","0","false",,"53440.112","53440.112","0","false","true",
"C","A","20220101","2022","52","2022","380","ITA","Italy","X","Export","262","DJI","Djibouti","0","W00","World","H6","HS","true","2204","Wine of fresh grapes, including fortified wines; grape must other than that of heading no. 2009","4","false","C00","TOTAL CPC","0","0","TOTAL MOT","7","l","5490","true","-1","N/A","0","false","5538","false","0","false",,"50079.834","50079.834","2","false","true",
"C","A","20220101","2022","52","2022","380","ITA","Italy","X","Export","266","GAB","Gabon","0","W00","World","H6","HS","true","2204","Wine of fresh grapes, including fortified wines; grape must other than that of heading no. 2009","4","false","C00","TOTAL CPC","0","0","TOTAL MOT","7","l","17299","false","7","l","17299","false","17299","false","0","false",,"75118.171","75118.171","0","false","true",
"C","A","20220101","2022","52","2022","380","ITA","Italy","X","Export","268","GEO","Georgia","0","W00","World","H6","HS","true","2204","Wine of fresh grapes, including fortified wines; grape must other than that of heading no. 2009","4","false","C00","TOTAL CPC","0","0","TOTAL MOT","7","l","187251","true","-1","N/A","0","false","188087","false","0","false",,"1308942.606","1308942.606","2","false","true",
"C","A","20220101","2022","52","2022","380","ITA","Italy","X","Export","276","DEU","Germany","0","W00","World","H6","HS","true","2204","Wine of fresh grapes, including fortified wines; grape must other than that of heading no. 2009","4","false","C00","TOTAL CPC","0","0","TOTAL MOT","7","l","506756480.218","true","-1","N/A","0","false","506667555","false","0","false",,"1218926082.264","1218926082.264","2","false","true",
"C","A","20220101","2022","52","2022","380","ITA","Italy","X","Export","288","GHA","Ghana","0","W00","World","H6","HS","true","2204","Wine of fresh grapes, including fortified wines; grape must other than that of heading no. 2009","4","false","C00","TOTAL CPC","0","0","TOTAL MOT","7","l","337493","true","-1","N/A","0","false","337504","false","0","false",,"1034173.786","1034173.786","2","false","true",
"C","A","20220101","2022","52","2022","380","ITA","Italy","X","Export","292","GIB","Gibraltar","0","W00","World","H6","HS","true","2204","Wine of fresh grapes, including fortified wines; grape must other than that of heading no. 2009","4","false","C00","TOTAL CPC","0","0","TOTAL MOT","7","l","29911","true","-1","N/A","0","false","29911","false","0","false",,"193690.394","193690.394","2","false","true",
"C","A","20220101","2022","52","2022","380","ITA","Italy","X","Export","300","GRC","Greece","0","W00","World","H6","HS","true","2204","Wine of fresh grapes, including fortified wines; grape must other than that of heading no. 2009","4","false","C00","TOTAL CPC","0","0","TOTAL MOT","7","l","7756039","true","-1","N/A","0","false","7897592","false","0","false",,"25261577.267","25261577.267","2","false","true",
"C","A","20220101","2022","52","2022","380","ITA","Italy","X","Export","308","GRD","Grenada","0","W00","World","H6","HS","true","2204","Wine of fresh grapes, including fortified wines; grape must other than that of heading no. 2009","4","false","C00","TOTAL CPC","0","0","TOTAL MOT","7","l","37403","true","-1","N/A","0","false","37403","false","0","false",,"166326.925","166326.925","2","false","true",
"C","A","20220101","2022","52","2022","380","ITA","Italy","X","Export","316","GUM","Guam","0","W00","World","H6","HS","true","2204","Wine of fresh grapes, including fortified wines; grape must other than that of heading no. 2009","4","false","C00","TOTAL CPC","0","0","TOTAL MOT","7","l","54313","true","-1","N/A","0","false","54313","false","0","false",,"237340.312","237340.312","2","false","true",
"C","A","20220101","2022","52","2022","380","ITA","Italy","X","Export","320","GTM","Guatemala","0","W00","World","H6","HS","true","2204","Wine of fresh grapes, including fortified wines; grape must other than that of heading no. 2009","4","false","C00","TOTAL CPC","0","0","TOTAL MOT","7","l","460892","true","-1","N/A","0","false","460885","false","0","false",,"2350120.219","2350120.219","2","false","true",
"C","A","20220101","2022","52","2022","380","ITA","Italy","X","Export","324","GIN","Guinea","0","W00","World","H6","HS","true","2204","Wine of fresh grapes, including fortified wines; grape must other than that of heading no. 2009","4","false","C00","TOTAL CPC","0","0","TOTAL MOT","7","l","11835","false","7","l","11835","false","11835","false","0","false",,"49364.814","49364.814","0","false","true",
"C","A","20220101","2022","52","2022","380","ITA","Italy","X","Export","328","GUY","Guyana","0","W00","World","H6","HS","true","2204","Wine of fresh grapes, including fortified wines; grape must other than that of heading no. 2009","4","false","C00","TOTAL CPC","0","0","TOTAL MOT","7","l","28881","true","-1","N/A","0","false","28881","false","0","false",,"137750.344","137750.344","2","false","true",
"C","A","20220101","2022","52","2022","380","ITA","Italy","X","Export","332","HTI","Haiti","0","W00","World","H6","HS","true","2204","Wine of fresh grapes, including fortified wines; grape must other than that of heading no. 2009","4","false","C00","TOTAL CPC","0","0","TOTAL MOT","7","l","8769","false","7","l","8769","false","8769","false","0","false",,"61967.7","61967.7","0","false","true",
"C","A","20220101","2022","52","2022","380","ITA","Italy","X","Export","336","VAT","Holy See (Vatican City State)","0","W00","World","H6","HS","true","2204","Wine of fresh grapes, including fortified wines; grape must other than that of heading no. 2009","4","false","C00","TOTAL CPC","0","0","TOTAL MOT","7","l","45965","true","-1","N/A","0","false","46554","false","0","false",,"337552.632","337552.632","2","false","true",
"C","A","20220101","2022","52","2022","380","ITA","Italy","X","Export","340","HND","Honduras","0","W00","World","H6","HS","true","2204","Wine of fresh grapes, including fortified wines; grape must other than that of heading no. 2009","4","false","C00","TOTAL CPC","0","0","TOTAL MOT","7","l","151963.855","true","-1","N/A","0","false","152187","false","0","false",,"558380.089","558380.089","2","false","true",
"C","A","20220101","2022","52","2022","380","ITA","Italy","X","Export","344","HKG","China, Hong Kong SAR","0","W00","World","H6","HS","true","2204","Wine of fresh grapes, including fortified wines; grape must other than that of heading no. 2009","4","false","C00","TOTAL CPC","0","0","TOTAL MOT","7","l","2947165","true","-1","N/A","0","false","2906617","false","0","false",,"28774812.865","28774812.865","2","false","true",
"C","A","20220101","2022","52","2022","380","ITA","Italy","X","Export","348","HUN","Hungary","0","W00","World","H6","HS","true","2204","Wine of fresh grapes, including fortified wines; grape must other than that of heading no. 2009","4","false","C00","TOTAL CPC","0","0","TOTAL MOT","7","l","3216843","true","-1","N/A","0","false","3238049","false","0","false",,"12897243.634","12897243.634","2","false","true",
"C","A","20220101","2022","52","2022","380","ITA","Italy","X","Export","352","ISL","Iceland","0","W00","World","H6","HS","true","2204","Wine of fresh grapes, including fortified wines; grape must other than that of heading no. 2009","4","false","C00","TOTAL CPC","0","0","TOTAL MOT","7","l","1694244","true","-1","N/A","0","false","1694521","false","0","false",,"7802216.318","7802216.318","2","false","true",
"C","A","20220101","2022","52","2022","380","ITA","Italy","X","Export","360","IDN","Indonesia","0","W00","World","H6","HS","true","2204","Wine of fresh grapes, including fortified wines; grape must other than that of heading no. 2009","4","false","C00","TOTAL CPC","0","0","TOTAL MOT","7","l","630284.275","true","-1","N/A","0","false","630877","false","0","false",,"5284585.547","5284585.547","2","false","true",
"C","A","20220101","2022","52","2022","380","ITA","Italy","X","Export","368","IRQ","Iraq","0","W00","World","H6","HS","true","2204","Wine of fresh grapes, including fortified wines; grape must other than that of heading no. 2009","4","false","C00","TOTAL CPC","0","0","TOTAL MOT","7","l","150137","true","-1","N/A","0","false","150147","false","0","false",,"767609.268","767609.268","2","false","true",
"C","A","20220101","2022","52","2022","380","ITA","Italy","X","Export","372","IRL","Ireland","0","W00","World","H6","HS","true","2204","Wine of fresh grapes, including fortified wines; grape must other than that of heading no. 2009","4","false","C00","TOTAL CPC","0","0","TOTAL MOT","7","l","12795638","true","-1","N/A","0","false","12790095","false","0","false",,"48014480.995","48014480.995","2","false","true",
"C","A","20220101","2022","52","2022","380","ITA","Italy","X","Export","376","ISR","Israel","0","W00","World","H6","HS","true","2204","Wine of fresh grapes, including fortified wines; grape must other than that of heading no. 2009","4","false","C00","TOTAL CPC","0","0","TOTAL MOT","7","l","3956733.823","true","-1","N/A","0","false","3957798","false","0","false",,"15096407.226","15096407.226","2","false","true",
"C","A","20220101","2022","52","2022","380","ITA","Italy","X","Export","384","CIV","Côte d'Ivoire","0","W00","World","H6","HS","true","2204","Wine of fresh grapes, including fortified wines; grape must other than that of heading no. 2009","4","false","C00","TOTAL CPC","0","0","TOTAL MOT","7","l","181808","true","-1","N/A","0","false","181932","false","0","false",,"418147.709","418147.709","2","false","true",
"C","A","20220101","2022","52","2022","380","ITA","Italy","X","Export","388","JAM","Jamaica","0","W00","World","H6","HS","true","2204","Wine of fresh grapes, including fortified wines; grape must other than that of heading no. 2009","4","false","C00","TOTAL CPC","0","0","TOTAL MOT","7","l","408875","true","-1","N/A","0","false","409462","false","0","false",,"1793301.801","1793301.801","2","false","true",
"C","A","20220101","2022","52","2022","380","ITA","Italy","X","Export","392","JPN","Japan","0","W00","World","H6","HS","true","2204","Wine of fresh grapes, including fortified wines; grape must other than that of heading no. 2009","4","false","C00","TOTAL CPC","0","0","TOTAL MOT","7","l","45975100","true","-1","N/A","0","false","46015667","false","0","false",,"209852805.175","209852805.175","2","false","true",
"C","A","20220101","2022","52","2022","380","ITA","Italy","X","Export","398","KAZ","Kazakhstan","0","W00","World","H6","HS","true","2204","Wine of fresh grapes, including fortified wines; grape must other than that of heading no. 2009","4","false","C00","TOTAL CPC","0","0","TOTAL MOT","7","l","1391384","true","-1","N/A","0","false","1406457","false","0","false",,"5326985.497","5326985.497","2","false","true",
"C","A","20220101","2022","52","2022","380","ITA","Italy","X","Export","400","JOR","Jordan","0","W00","World","H6","HS","true","2204","Wine of fresh grapes, including fortified wines; grape must other than that of heading no. 2009","4","false","C00","TOTAL CPC","0","0","TOTAL MOT","7","l","270551","true","-1","N/A","0","false","270564","false","0","false",,"1370196.339","1370196.339","2","false","true",
"C","A","20220101","2022","52","2022","380","ITA","Italy","X","Export","404","KEN","Kenya","0","W00","World","H6","HS","true","2204","Wine of fresh grapes, including fortified wines; grape must other than that of heading no. 2009","4","false","C00","TOTAL CPC","0","0","TOTAL MOT","7","l","397986","true","-1","N/A","0","false","397959","false","0","false",,"1800183.474","1800183.474","2","false","true",
"C","A","20220101","2022","52","2022","380","ITA","Italy","X","Export","408","PRK","Dem. People's Rep. of Korea","0","W00","World","H6","HS","true","2204","Wine of fresh grapes, including fortified wines; grape must other than that of heading no. 2009","4","false","C00","TOTAL CPC","0","0","TOTAL MOT","7","l","590","false","7","l","590","false","590","false","0","false",,"4604.982","4604.982","0","false","true",
"C","A","20220101","2022","52","2022","380","ITA","Italy","X","Export","410","KOR","Rep. of Korea","0","W00","World","H6","HS","true","2204","Wine of fresh grapes, including fortified wines; grape must other than that of heading no. 2009","4","false","C00","TOTAL CPC","0","0","TOTAL MOT","7","l","11888249.405","true","-1","N/A","0","false","11903188","false","0","false",,"79660515.193","79660515.193","2","false","true",
"C","A","20220101","2022","52","2022","380","ITA","Italy","X","Export","417","KGZ","Kyrgyzstan","0","W00","World","H6","HS","true","2204","Wine of fresh grapes, including fortified wines; grape must other than that of heading no. 2009","4","false","C00","TOTAL CPC","0","0","TOTAL MOT","7","l","24158","true","-1","N/A","0","false","24158","false","0","false",,"169427.1","169427.1","2","false","true",
"C","A","20220101","2022","52","2022","380","ITA","Italy","X","Export","418","LAO","Lao People's Dem. Rep.","0","W00","World","H6","HS","true","2204","Wine of fresh grapes, including fortified wines; grape must other than that of heading no. 2009","4","false","C00","TOTAL CPC","0","0","TOTAL MOT","7","l","73425","false","7","l","73425","false","73425","false","0","false",,"225536.69","225536.69","0","false","true",
"C","A","20220101","2022","52","2022","380","ITA","Italy","X","Export","422","LBN","Lebanon","0","W00","World","H6","HS","true","2204","Wine of fresh grapes, including fortified wines; grape must other than that of heading no. 2009","4","false","C00","TOTAL CPC","0","0","TOTAL MOT","7","l","285264","true","-1","N/A","0","false","285282","false","0","false",,"1807550.602","1807550.602","2","false","true",
"C","A","20220101","2022","52","2022","380","ITA","Italy","X","Export","428","LVA","Latvia","0","W00","World","H6","HS","true","2204","Wine of fresh grapes, including fortified wines; grape must other than that of heading no. 2009","4","false","C00","TOTAL CPC","0","0","TOTAL MOT","7","l","23104099","true","-1","N/A","0","false","23104986","false","0","false",,"80003061.382","80003061.382","2","false","true",
"C","A","20220101","2022","52","2022","380","ITA","Italy","X","Export","430","LBR","Liberia","0","W00","World","H6","HS","true","2204","Wine of fresh grapes, including fortified wines; grape must other than that of heading no. 2009","4","false","C00","TOTAL CPC","0","0","TOTAL MOT","7","l","2133","false","7","l","2133","false","2133","false","0","false",,"22593.158","22593.158","0","false","true",
"C","A","20220101","2022","52","2022","380","ITA","Italy","X","Export","434","LBY","Libya","0","W00","World","H6","HS","true","2204","Wine of fresh grapes, including fortified wines; grape must other than that of heading no. 2009","4","false","C00","TOTAL CPC","0","0","TOTAL MOT","7","l","1268","false","7","l","1268","false","1268","false","0","false",,"12941.968","12941.968","0","false","true",
"C","A","20220101","2022","52","2022","380","ITA","Italy","X","Export","440","LTU","Lithuania","0","W00","World","H6","HS","true","2204","Wine of fresh grapes, including fortified wines; grape must other than that of heading no. 2009","4","false","C00","TOTAL CPC","0","0","TOTAL MOT","7","l","13846332","true","-1","N/A","0","false","14395836","false","0","false",,"39282516.458","39282516.458","2","false","true",
"C","A","20220101","2022","52","2022","380","ITA","Italy","X","Export","442","LUX","Luxembourg","0","W00","World","H6","HS","true","2204","Wine of fresh grapes, including fortified wines; grape must other than that of heading no. 2009","4","false","C00","TOTAL CPC","0","0","TOTAL MOT","7","l","3402451","true","-1","N/A","0","false","3321130","false","0","false",,"16175131.288","16175131.288","2","false","true",
"C","A","20220101","2022","52","2022","380","ITA","Italy","X","Export","446","MAC","China, Macao SAR","0","W00","World","H6","HS","true","2204","Wine of fresh grapes, including fortified wines; grape must other than that of heading no. 2009","4","false","C00","TOTAL CPC","0","0","TOTAL MOT","7","l","10734","true","-1","N/A","0","false","10734","false","0","false",,"107683.7","107683.7","2","false","true",
"C","A","20220101","2022","52","2022","380","ITA","Italy","X","Export","450","MDG","Madagascar","0","W00","World","H6","HS","true","2204","Wine of fresh grapes, including fortified wines; grape must other than that of heading no. 2009","4","false","C00","TOTAL CPC","0","0","TOTAL MOT","7","l","22855","false","7","l","22855","false","22855","false","0","false",,"52091.157","52091.157","0","false","true",
"C","A","20220101","2022","52","2022","380","ITA","Italy","X","Export","458","MYS","Malaysia","0","W00","World","H6","HS","true","2204","Wine of fresh grapes, including fortified wines; grape must other than that of heading no. 2009","4","false","C00","TOTAL CPC","0","0","TOTAL MOT","7","l","838295","true","-1","N/A","0","false","838445","false","0","false",,"6252211.925","6252211.925","2","false","true",
"C","A","20220101","2022","52","2022","380","ITA","Italy","X","Export","462","MDV","Maldives","0","W00","World","H6","HS","true","2204","Wine of fresh grapes, including fortified wines; grape must other than that of heading no. 2009","4","false","C00","TOTAL CPC","0","0","TOTAL MOT","7","l","531065","true","-1","N/A","0","false","531037","false","0","false",,"2536327.649","2536327.649","2","false","true",
"C","A","20220101","2022","52","2022","380","ITA","Italy","X","Export","466","MLI","Mali","0","W00","World","H6","HS","true","2204","Wine of fresh grapes, including fortified wines; grape must other than that of heading no. 2009","4","false","C00","TOTAL CPC","0","0","TOTAL MOT","7","l","1346","false","7","l","1346","false","1346","false","0","false",,"7312.37","7312.37","0","false","true",
"C","A","20220101","2022","52","2022","380","ITA","Italy","X","Export","470","MLT","Malta","0","W00","World","H6","HS","true","2204","Wine of fresh grapes, including fortified wines; grape must other than that of heading no. 2009","4","false","C00","TOTAL CPC","0","0","TOTAL MOT","7","l","4372282.301","true","-1","N/A","0","false","4362960.233","true","0","false",,"17954506.521","17954506.521","6","false","true",
"C","A","20220101","2022","52","2022","380","ITA","Italy","X","Export","480","MUS","Mauritius","0","W00","World","H6","HS","true","2204","Wine of fresh grapes, including fortified wines; grape must other than that of heading no. 2009","4","false","C00","TOTAL CPC","0","0","TOTAL MOT","7","l","172227","true","-1","N/A","0","false","172483","false","0","false",,"1328158.638","1328158.638","2","false","true",
"C","A","20220101","2022","52","2022","380","ITA","Italy","X","Export","484","MEX","Mexico","0","W00","World","H6","HS","true","2204","Wine of fresh grapes, including fortified wines; grape must other than that of heading no. 2009","4","false","C00","TOTAL CPC","0","0","TOTAL MOT","7","l","18281910.496","true","-1","N/A","0","false","18319456","false","0","false",,"57613823.786","57613823.786","2","false","true",
"C","A","20220101","2022","52","2022","380","ITA","Italy","X","Export","490","S19","Other Asia, nes","0","W00","World","H6","HS","true","2204","Wine of fresh grapes, including fortified wines; grape must other than that of heading no. 2009","4","false","C00","TOTAL CPC","0","0","TOTAL MOT","7","l","3322698","true","-1","N/A","0","false","3320158","false","0","false",,"23533770.878","23533770.878","2","false","true",
"C","A","20220101","2022","52","2022","380","ITA","Italy","X","Export","496","MNG","Mongolia","0","W00","World","H6","HS","true","2204","Wine of fresh grapes, including fortified wines; grape must other than that of heading no. 2009","4","false","C00","TOTAL CPC","0","0","TOTAL MOT","7","l","568350","true","-1","N/A","0","false","567191","false","0","false",,"2583581.1","2583581.1","2","false","true",
"C","A","20220101","2022","52","2022","380","ITA","Italy","X","Export","498","MDA","Rep. of Moldova","0","W00","World","H6","HS","true","2204","Wine of fresh grapes, including fortified wines; grape must other than that of heading no. 2009","4","false","C00","TOTAL CPC","0","0","TOTAL MOT","7","l","406783","true","-1","N/A","0","false","408941","false","0","false",,"1606369.873","1606369.873","2","false","true",
"C","A","20220101","2022","52","2022","380","ITA","Italy","X","Export","499","MNE","Montenegro","0","W00","World","H6","HS","true","2204","Wine of fresh grapes, including fortified wines; grape must other than that of heading no. 2009","4","false","C00","TOTAL CPC","0","0","TOTAL MOT","7","l","263107","true","-1","N/A","0","false","263499","false","0","false",,"1997039.332","1997039.332","2","false","true",
"C","A","20220101","2022","52","2022","380","ITA","Italy","X","Export","504","MAR","Morocco","0","W00","World","H6","HS","true","2204","Wine of fresh grapes, including fortified wines; grape must other than that of heading no. 2009","4","false","C00","TOTAL CPC","0","0","TOTAL MOT","7","l","107238","false","7","l","107238","false","107196","false","0","false",,"494946.546","494946.546","0","false","true",
"C","A","20220101","2022","52","2022","380","ITA","Italy","X","Export","508","MOZ","Mozambique","0","W00","World","H6","HS","true","2204","Wine of fresh grapes, including fortified wines; grape must other than that of heading no. 2009","4","false","C00","TOTAL CPC","0","0","TOTAL MOT","7","l","143896","true","-1","N/A","0","false","143896","false","0","false",,"589271.271","589271.271","2","false","true",
"C","A","20220101","2022","52","2022","380","ITA","Italy","X","Export","512","OMN","Oman","0","W00","World","H6","HS","true","2204","Wine of fresh grapes, including fortified wines; grape must other than that of heading no. 2009","4","false","C00","TOTAL CPC","0","0","TOTAL MOT","7","l","681","false","7","l","681","false","686","false","0","false",,"6767.944","6767.944","0","false","true",
"C","A","20220101","2022","52","2022","380","ITA","Italy","X","Export","516","NAM","Namibia","0","W00","World","H6","HS","true","2204","Wine of fresh grapes, including fortified wines; grape must other than that of heading no. 2009","4","false","C00","TOTAL CPC","0","0","TOTAL MOT","7","l","3591","false","7","l","3591","false","3604","false","0","false",,"18756.902","18756.902","0","false","true",
"C","A","20220101","2022","52","2022","380","ITA","Italy","X","Export","524","NPL","Nepal","0","W00","World","H6","HS","true","2204","Wine of fresh grapes, including fortified wines; grape must other than that of heading no. 2009","4","false","C00","TOTAL CPC","0","0","TOTAL MOT","7","l","77169","true","-1","N/A","0","false","77187","false","0","false",,"378514.118","378514.118","2","false","true",
"C","A","20220101","2022","52","2022","380","ITA","Italy","X","Export","528","NLD","Netherlands","0","W00","World","H6","HS","true","2204","Wine of fresh grapes, including fortified wines; grape must other than that of heading no. 2009","4","false","C00","TOTAL CPC","0","0","TOTAL MOT","7","l","59665660.443","true","-1","N/A","0","false","59726872","false","0","false",,"244217563.47","244217563.47","2","false","true",
"C","A","20220101","2022","52","2022","380","ITA","Italy","X","Export","531","CUW","Curaçao","0","W00","World","H6","HS","true","2204","Wine of fresh grapes, including fortified wines; grape must other than that of heading no. 2009","4","false","C00","TOTAL CPC","0","0","TOTAL MOT","7","l","121775","true","-1","N/A","0","false","121775","false","0","false",,"647852.366","647852.366","2","false","true",
"C","A","20220101","2022","52","2022","380","ITA","Italy","X","Export","533","ABW","Aruba","0","W00","World","H6","HS","true","2204","Wine of fresh grapes, including fortified wines; grape must other than that of heading no. 2009","4","false","C00","TOTAL CPC","0","0","TOTAL MOT","7","l","262944","true","-1","N/A","0","false","262944","false","0","false",,"1488729.599","1488729.599","2","false","true",
"C","A","20220101","2022","52","2022","380","ITA","Italy","X","Export","534","SXM","Sint Maarten","0","W00","World","H6","HS","true","2204","Wine of fresh grapes, including fortified wines; grape must other than that of heading no. 2009","4","false","C00","TOTAL CPC","0","0","TOTAL MOT","7","l","61573","false","7","l","61573","false","61659","false","0","false",,"467619.934","467619.934","0","false","true",
"C","A","20220101","2022","52","2022","380","ITA","Italy","X","Export","535","BES","Bonaire","0","W00","World","H6","HS","true","2204","Wine of fresh grapes, including fortified wines; grape must other than that of heading no. 2009","4","false","C00","TOTAL CPC","0","0","TOTAL MOT","7","l","31746","true","-1","N/A","0","false","31746","false","0","false",,"153694.554","153694.554","2","false","true",
"C","A","20220101","2022","52","2022","380","ITA","Italy","X","Export","540","NCL","New Caledonia","0","W00","World","H6","HS","true","2204","Wine of fresh grapes, including fortified wines; grape must other than that of heading no. 2009","4","false","C00","TOTAL CPC","0","0","TOTAL MOT","7","l","24211","true","-1","N/A","0","false","24211","false","0","false",,"112730.962","112730.962","2","false","true",
"C","A","20220101","2022","52","2022","380","ITA","Italy","X","Export","554","NZL","New Zealand","0","W00","World","H6","HS","true","2204","Wine of fresh grapes, including fortified wines; grape must other than that of heading no. 2009","4","false","C00","TOTAL CPC","0","0","TOTAL MOT","7","l","2480506","true","-1","N/A","0","false","2482817","false","0","false",,"11344434.973","11344434.973","2","false","true",
"C","A","20220101","2022","52","2022","380","ITA","Italy","X","Export","558","NIC","Nicaragua","0","W00","World","H6","HS","true","2204","Wine of fresh grapes, including fortified wines; grape must other than that of heading no. 2009","4","false","C00","TOTAL CPC","0","0","TOTAL MOT","7","l","78899","true","-1","N/A","0","false","78899","false","0","false",,"236255.672","236255.672","2","false","true",
"C","A","20220101","2022","52","2022","380","ITA","Italy","X","Export","562","NER","Niger","0","W00","World","H6","HS","true","2204","Wine of fresh grapes, including fortified wines; grape must other than that of heading no. 2009","4","false","C00","TOTAL CPC","0","0","TOTAL MOT","7","l","1398","false","7","l","1398","false","1398","false","0","false",,"2936.953","2936.953","0","false","true",
"C","A","20220101","2022","52","2022","380","ITA","Italy","X","Export","566","NGA","Nigeria","0","W00","World","H6","HS","true","2204","Wine of fresh grapes, including fortified wines; grape must other than that of heading no. 2009","4","false","C00","TOTAL CPC","0","0","TOTAL MOT","7","l","2552231","true","-1","N/A","0","false","2555542","false","0","false",,"6804848.687","6804848.687","2","false","true",
"C","A","20220101","2022","52","2022","380","ITA","Italy","X","Export","568","E19","Other Europe, nes","0","W00","World","H6","HS","true","2204","Wine of fresh grapes, including fortified wines; grape must other than that of heading no. 2009","4","false","C00","TOTAL CPC","0","0","TOTAL MOT","7","l","25591","true","-1","N/A","0","false","23282","false","0","false",,"229246.581","229246.581","2","false","true",
"C","A","20220101","2022","52","2022","380","ITA","Italy","X","Export","579","NOR","Norway","0","W00","World","H6","HS","true","2204","Wine of fresh grapes, including fortified wines; grape must other than that of heading no. 2009","4","false","C00","TOTAL CPC","0","0","TOTAL MOT","7","l","24016283","true","-1","N/A","0","false","24025953","false","0","false",,"116361874.668","116361874.668","2","false","true",
"C","A","20220101","2022","52","2022","380","ITA","Italy","X","Export","586","PAK","Pakistan","0","W00","World","H6","HS","true","2204","Wine of fresh grapes, including fortified wines; grape must other than that of heading no. 2009","4","false","C00","TOTAL CPC","0","0","TOTAL MOT","7","l","2360","false","7","l","2360","false","2360","false","0","false",,"57713.383","57713.383","0","false","true",
"C","A","20220101","2022","52","2022","380","ITA","Italy","X","Export","591","PAN","Panama","0","W00","World","H6","HS","true","2204","Wine of fresh grapes, including fortified wines; grape must other than that of heading no. 2009","4","false","C00","TOTAL CPC","0","0","TOTAL MOT","7","l","861946","true","-1","N/A","0","false","858363","false","0","false",,"3860225.652","3860225.652","2","false","true",
"C","A","20220101","2022","52","2022","380","ITA","Italy","X","Export","600","PRY","Paraguay","0","W00","World","H6","HS","true","2204","Wine of fresh grapes, including fortified wines; grape must other than that of heading no. 2009","4","false","C00","TOTAL CPC","0","0","TOTAL MOT","7","l","278017","true","-1","N/A","0","false","278173","false","0","false",,"1691917.438","1691917.438","2","false","true",
"C","A","20220101","2022","52","2022","380","ITA","Italy","X","Export","604","PER","Peru","0","W00","World","H6","HS","true","2204","Wine of fresh grapes, including fortified wines; grape must other than that of heading no. 2009","4","false","C00","TOTAL CPC","0","0","TOTAL MOT","7","l","2009508","true","-1","N/A","0","false","2045925","false","0","false",,"10400392.672","10400392.672","2","false","true",
"C","A","20220101","2022","52","2022","380","ITA","Italy","X","Export","608","PHL","Philippines","0","W00","World","H6","HS","true","2204","Wine of fresh grapes, including fortified wines; grape must other than that of heading no. 2009","4","false","C00","TOTAL CPC","0","0","TOTAL MOT","7","l","1212932","true","-1","N/A","0","false","1216186","false","0","false",,"4594490.135","4594490.135","2","false","true",
"C","A","20220101","2022","52","2022","380","ITA","Italy","X","Export","616","POL","Poland","0","W00","World","H6","HS","true","2204","Wine of fresh grapes, including fortified wines; grape must other than that of heading no. 2009","4","false","C00","TOTAL CPC","0","0","TOTAL MOT","7","l","34339824.57","true","-1","N/A","0","false","34820608","false","0","false",,"113374101.912","113374101.912","2","false","true",
"C","A","20220101","2022","52","2022","380","ITA","Italy","X","Export","620","PRT","Portugal","0","W00","World","H6","HS","true","2204","Wine of fresh grapes, including fortified wines; grape must other than that of heading no. 2009","4","false","C00","TOTAL CPC","0","0","TOTAL MOT","7","l","7668560","true","-1","N/A","0","false","7701036","false","0","false",,"18514749.453","18514749.453","2","false","true",
"C","A","20220101","2022","52","2022","380","ITA","Italy","X","Export","634","QAT","Qatar","0","W00","World","H6","HS","true","2204","Wine of fresh grapes, including fortified wines; grape must other than that of heading no. 2009","4","false","C00","TOTAL CPC","0","0","TOTAL MOT","7","l","545855","true","-1","N/A","0","false","546033","false","0","false",,"2208698.947","2208698.947","2","false","true",
"C","A","20220101","2022","52","2022","380","ITA","Italy","X","Export","642","ROU","Romania","0","W00","World","H6","HS","true","2204","Wine of fresh grapes, including fortified wines; grape must other than that of heading no. 2009","4","false","C00","TOTAL CPC","0","0","TOTAL MOT","7","l","8836641.007","true","-1","N/A","0","false","8747795","false","0","false",,"35413118.752","35413118.752","2","false","true",
"C","A","20220101","2022","52","2022","380","ITA","Italy","X","Export","643","RUS","Russian Federation","0","W00","World","H6","HS","true","2204","Wine of fresh grapes, including fortified wines; grape must other than that of heading no. 2009","4","false","C00","TOTAL CPC","0","0","TOTAL MOT","7","l","58512911","true","-1","N/A","0","false","58539563","false","0","false",,"181060211.584","181060211.584","2","false","true",
"C","A","20220101","2022","52","2022","380","ITA","Italy","X","Export","646","RWA","Rwanda","0","W00","World","H6","HS","true","2204","Wine of fresh grapes, including fortified wines; grape must other than that of heading no. 2009","4","false","C00","TOTAL CPC","0","0","TOTAL MOT","7","l","59152","true","-1","N/A","0","false","59165","false","0","false",,"298370.799","298370.799","2","false","true",
"C","A","20220101","2022","52","2022","380","ITA","Italy","X","Export","652","BLM","Saint Barthélemy","0","W00","World","H6","HS","true","2204","Wine of fresh grapes, including fortified wines; grape must other than that of heading no. 2009","4","false","C00","TOTAL CPC","0","0","TOTAL MOT","7","l","2347","true","-1","N/A","0","false","2347","false","0","false",,"32533.937","32533.937","2","false","true",
"C","A","20220101","2022","52","2022","380","ITA","Italy","X","Export","659","KNA","Saint Kitts and Nevis","0","W00","World","H6","HS","true","2204","Wine of fresh grapes, including fortified wines; grape must other than that of heading no. 2009","4","false","C00","TOTAL CPC","0","0","TOTAL MOT","7","l","14191","false","7","l","14191","false","14191","false","0","false",,"126064.664","126064.664","0","false","true",
"C","A","20220101","2022","52","2022","380","ITA","Italy","X","Export","660","AIA","Anguilla","0","W00","World","H6","HS","true","2204","Wine of fresh grapes, including fortified wines; grape must other than that of heading no. 2009","4","false","C00","TOTAL CPC","0","0","TOTAL MOT","7","l","16798","true","-1","N/A","0","false","16798","false","0","false",,"132856.827","132856.827","2","false","true",
"C","A","20220101","2022","52","2022","380","ITA","Italy","X","Export","662","LCA","Saint Lucia","0","W00","World","H6","HS","true","2204","Wine of fresh grapes, including fortified wines; grape must other than that of heading no. 2009","4","false","C00","TOTAL CPC","0","0","TOTAL MOT","7","l","79692","true","-1","N/A","0","false","79692","false","0","false",,"261658.364","261658.364","2","false","true",
"C","A","20220101","2022","52","2022","380","ITA","Italy","X","Export","670","VCT","Saint Vincent and the Grenadines","0","W00","World","H6","HS","true","2204","Wine of fresh grapes, including fortified wines; grape must other than that of heading no. 2009","4","false","C00","TOTAL CPC","0","0","TOTAL MOT","7","l","9302","true","-1","N/A","0","false","9302","false","0","false",,"86179.394","86179.394","2","false","true",
"C","A","20220101","2022","52","2022","380","ITA","Italy","X","Export","682","SAU","Saudi Arabia","0","W00","World","H6","HS","true","2204","Wine of fresh grapes, including fortified wines; grape must other than that of heading no. 2009","4","false","C00","TOTAL CPC","0","0","TOTAL MOT","7","l","125040","false","7","l","125040","false","125040","false","0","false",,"38674.264","38674.264","0","false","true",
"C","A","20220101","2022","52","2022","380","ITA","Italy","X","Export","686","SEN","Senegal","0","W00","World","H6","HS","true","2204","Wine of fresh grapes, including fortified wines; grape must other than that of heading no. 2009","4","false","C00","TOTAL CPC","0","0","TOTAL MOT","7","l","33725","true","-1","N/A","0","false","33951","false","0","false",,"159284.136","159284.136","2","false","true",
"C","A","20220101","2022","52","2022","380","ITA","Italy","X","Export","688","SRB","Serbia","0","W00","World","H6","HS","true","2204","Wine of fresh grapes, including fortified wines; grape must other than that of heading no. 2009","4","false","C00","TOTAL CPC","0","0","TOTAL MOT","7","l","1671552","true","-1","N/A","0","false","1670078","false","0","false",,"8708065.598","8708065.598","2","false","true",
"C","A","20220101","2022","52","2022","380","ITA","Italy","X","Export","690","SYC","Seychelles","0","W00","World","H6","HS","true","2204","Wine of fresh grapes, including fortified wines; grape must other than that of heading no. 2009","4","false","C00","TOTAL CPC","0","0","TOTAL MOT","7","l","181112","true","-1","N/A","0","false","180697","false","0","false",,"781527.412","781527.412","2","false","true",
"C","A","20220101","2022","52","2022","380","ITA","Italy","X","Export","694","SLE","Sierra Leone","0","W00","World","H6","HS","true","2204","Wine of fresh grapes, including fortified wines; grape must other than that of heading no. 2009","4","false","C00","TOTAL CPC","0","0","TOTAL MOT","7","l","67916","true","-1","N/A","0","false","68218","false","0","false",,"157827.77","157827.77","2","false","true",
"C","A","20220101","2022","52","2022","380","ITA","Italy","X","Export","699","IND","India","0","W00","World","H6","HS","true","2204","Wine of fresh grapes, including fortified wines; grape must other than that of heading no. 2009","4","false","C00","TOTAL CPC","0","0","TOTAL MOT","7","l","1168157","true","-1","N/A","0","false","1168234","false","0","false",,"5233764.367","5233764.367","2","false","true",
"C","A","20220101","2022","52","2022","380","ITA","Italy","X","Export","702","SGP","Singapore","0","W00","World","H6","HS","true","2204","Wine of fresh grapes, including fortified wines; grape must other than that of heading no. 2009","4","false","C00","TOTAL CPC","0","0","TOTAL MOT","7","l","2409399","true","-1","N/A","0","false","2409842","false","0","false",,"26002319.052","26002319.052","2","false","true",
"C","A","20220101","2022","52","2022","380","ITA","Italy","X","Export","703","SVK","Slovakia","0","W00","World","H6","HS","true","2204","Wine of fresh grapes, including fortified wines; grape must other than that of heading no. 2009","4","false","C00","TOTAL CPC","0","0","TOTAL MOT","7","l","9658256","true","-1","N/A","0","false","9668946","false","0","false",,"29355184.821","29355184.821","2","false","true",
"C","A","20220101","2022","52","2022","380","ITA","Italy","X","Export","704","VNM","Viet Nam","0","W00","World","H6","HS","true","2204","Wine of fresh grapes, including fortified wines; grape must other than that of heading no. 2009","4","false","C00","TOTAL CPC","0","0","TOTAL MOT","7","l","5711469","true","-1","N/A","0","false","5730626","false","0","false",,"25970385.353","25970385.353","2","false","true",
"C","A","20220101","2022","52","2022","380","ITA","Italy","X","Export","705","SVN","Slovenia","0","W00","World","H6","HS","true","2204","Wine of fresh grapes, including fortified wines; grape must other than that of heading no. 2009","4","false","C00","TOTAL CPC","0","0","TOTAL MOT","7","l","2000422","true","-1","N/A","0","false","2027291","false","0","false",,"4697861.601","4697861.601","2","false","true",
"C","A","20220101","2022","52","2022","380","ITA","Italy","X","Export","706","SOM","Somalia","0","W00","World","H6","HS","true","2204","Wine of fresh grapes, including fortified wines; grape must other than that of heading no. 2009","4","false","C00","TOTAL CPC","0","0","TOTAL MOT","7","l","1225","false","7","l","1225","false","1225","false","0","false",,"27968.972","27968.972","0","false","true",
"C","A","20220101","2022","52","2022","380","ITA","Italy","X","Export","710","ZAF","South Africa","0","W00","World","H6","HS","true","2204","Wine of fresh grapes, including fortified wines; grape must other than that of heading no. 2009","4","false","C00","TOTAL CPC","0","0","TOTAL MOT","7","l","994756","true","-1","N/A","0","false","994594","false","0","false",,"5198885.291","5198885.291","2","false","true",
"C","A","20220101","2022","52","2022","380","ITA","Italy","X","Export","716","ZWE","Zimbabwe","0","W00","World","H6","HS","true","2204","Wine of fresh grapes, including fortified wines; grape must other than that of heading no. 2009","4","false","C00","TOTAL CPC","0","0","TOTAL MOT","7","l","29568","true","-1","N/A","0","false","29568","false","0","false",,"111411.492","111411.492","2","false","true",
"C","A","20220101","2022","52","2022","380","ITA","Italy","X","Export","724","ESP","Spain","0","W00","World","H6","HS","true","2204","Wine of fresh grapes, including fortified wines; grape must other than that of heading no. 2009","4","false","C00","TOTAL CPC","0","0","TOTAL MOT","7","l","21871768.152","true","-1","N/A","0","false","22005071","false","0","false",,"61889328.643","61889328.643","2","false","true",
"C","A","20220101","2022","52","2022","380","ITA","Italy","X","Export","729","SDN","Sudan","0","W00","World","H6","HS","true","2204","Wine of fresh grapes, including fortified wines; grape must other than that of heading no. 2009","4","false","C00","TOTAL CPC","0","0","TOTAL MOT","7","l","24740","false","7","l","24740","false","24740","false","0","false",,"429221.569","429221.569","0","false","true",
"C","A","20220101","2022","52","2022","380","ITA","Italy","X","Export","740","SUR","Suriname","0","W00","World","H6","HS","true","2204","Wine of fresh grapes, including fortified wines; grape must other than that of heading no. 2009","4","false","C00","TOTAL CPC","0","0","TOTAL MOT","7","l","28104","true","-1","N/A","0","false","28607","false","0","false",,"122027.275","122027.275","2","false","true",
"C","A","20220101","2022","52","2022","380","ITA","Italy","X","Export","752","SWE","Sweden","0","W00","World","H6","HS","true","2204","Wine of fresh grapes, including fortified wines; grape must other than that of heading no. 2009","4","false","C00","TOTAL CPC","0","0","TOTAL MOT","7","l","52251868","true","-1","N/A","0","false","53184329","false","0","false",,"206528487.555","206528487.555","2","false","true",
"C","A","20220101","2022","52","2022","380","ITA","Italy","X","Export","757","CHE","Switzerland","0","W00","World","H6","HS","true","2204","Wine of fresh grapes, including fortified wines; grape must other than that of heading no. 2009","4","false","C00","TOTAL CPC","0","0","TOTAL MOT","7","l","73607655","true","-1","N/A","0","false","73578806","false","0","false",,"449218150.123","449218150.123","2","false","true",
"C","A","20220101","2022","52","2022","380","ITA","Italy","X","Export","764","THA","Thailand","0","W00","World","H6","HS","true","2204","Wine of fresh grapes, including fortified wines; grape must other than that of heading no. 2009","4","false","C00","TOTAL CPC","0","0","TOTAL MOT","7","l","3569172","true","-1","N/A","0","false","3582006","false","0","false",,"25616701.068","25616701.068","2","false","true",
"C","A","20220101","2022","52","2022","380","ITA","Italy","X","Export","768","TGO","Togo","0","W00","World","H6","HS","true","2204","Wine of fresh grapes, including fortified wines; grape must other than that of heading no. 2009","4","false","C00","TOTAL CPC","0","0","TOTAL MOT","7","l","48367","false","7","l","48367","false","48372","false","0","false",,"195777.536","195777.536","0","false","true",
"C","A","20220101","2022","52","2022","380","ITA","Italy","X","Export","776","TON","Tonga","0","W00","World","H6","HS","true","2204","Wine of fresh grapes, including fortified wines; grape must other than that of heading no. 2009","4","false","C00","TOTAL CPC","0","0","TOTAL MOT","7","l","450","true","-1","N/A","0","false","450","false","0","false",,"1595.369","1595.369","2","false","true",
"C","A","20220101","2022","52","2022","380","ITA","Italy","X","Export","780","TTO","Trinidad and Tobago","0","W00","World","H6","HS","true","2204","Wine of fresh grapes, including fortified wines; grape must other than that of heading no. 2009","4","false","C00","TOTAL CPC","0","0","TOTAL MOT","7","l","185283","true","-1","N/A","0","false","186061","false","0","false",,"989578.23","989578.23","2","false","true",
"C","A","20220101","2022","52","2022","380","ITA","Italy","X","Export","784","ARE","United Arab Emirates","0","W00","World","H6","HS","true","2204","Wine of fresh grapes, including fortified wines; grape must other than that of heading no. 2009","4","false","C00","TOTAL CPC","0","0","TOTAL MOT","7","l","3804861","true","-1","N/A","0","false","3805825","false","0","false",,"23024762.974","23024762.974","2","false","true",
"C","A","20220101","2022","52","2022","380","ITA","Italy","X","Export","788","TUN","Tunisia","0","W00","World","H6","HS","true","2204","Wine of fresh grapes, including fortified wines; grape must other than that of heading no. 2009","4","false","C00","TOTAL CPC","0","0","TOTAL MOT","7","l","2997","false","7","l","2997","false","3002","false","0","false",,"26082.962","26082.962","0","false","true",
"C","A","20220101","2022","52","2022","380","ITA","Italy","X","Export","792","TUR","Türkiye","0","W00","World","H6","HS","true","2204","Wine of fresh grapes, including fortified wines; grape must other than that of heading no. 2009","4","false","C00","TOTAL CPC","0","0","TOTAL MOT","7","l","3116502","true","-1","N/A","0","false","3118995","false","0","false",,"11906821.912","11906821.912","2","false","true",
"C","A","20220101","2022","52","2022","380","ITA","Italy","X","Export","795","TKM","Turkmenistan","0","W00","World","H6","HS","true","2204","Wine of fresh grapes, including fortified wines; grape must other than that of heading no. 2009","4","false","C00","TOTAL CPC","0","0","TOTAL MOT","7","l","924","true","-1","N/A","0","false","930","false","0","false",,"7710.422","7710.422","2","false","true",
"C","A","20220101","2022","52","2022","380","ITA","Italy","X","Export","796","TCA","Turks and Caicos Isds","0","W00","World","H6","HS","true","2204","Wine of fresh grapes, including fortified wines; grape must other than that of heading no. 2009","4","false","C00","TOTAL CPC","0","0","TOTAL MOT","7","l","171272","true","-1","N/A","0","false","171293","false","0","false",,"1188181.095","1188181.095","2","false","true",
"C","A","20220101","2022","52","2022","380","ITA","Italy","X","Export","798","TUV","Tuvalu","0","W00","World","H6","HS","true","2204","Wine of fresh grapes, including fortified wines; grape must other than that of heading no. 2009","4","false","C00","TOTAL CPC","0","0","TOTAL MOT","7","l","49896","false","7","l","49896","false","49896","false","0","false",,"196573.641","196573.641","0","false","true",
"C","A","20220101","2022","52","2022","380","ITA","Italy","X","Export","800","UGA","Uganda","0","W00","World","H6","HS","true","2204","Wine of fresh grapes, including fortified wines; grape must other than that of heading no. 2009","4","false","C00","TOTAL CPC","0","0","TOTAL MOT","7","l","29070","true","-1","N/A","0","false","29070","false","0","false",,"152110.769","152110.769","2","false","true",
"C","A","20220101","2022","52","2022","380","ITA","Italy","X","Export","804","UKR","Ukraine","0","W00","World","H6","HS","true","2204","Wine of fresh grapes, including fortified wines; grape must other than that of heading no. 2009","4","false","C00","TOTAL CPC","0","0","TOTAL MOT","7","l","12313912","true","-1","N/A","0","false","12327942","false","0","false",,"37585448.559","37585448.559","2","false","true",
"C","A","20220101","2022","52","2022","380","ITA","Italy","X","Export","807","MKD","North Macedonia","0","W00","World","H6","HS","true","2204","Wine of fresh grapes, including fortified wines; grape must other than that of heading no. 2009","4","false","C00","TOTAL CPC","0","0","TOTAL MOT","7","l","87626","true","-1","N/A","0","false","87619","false","0","false",,"413083.598","413083.598","2","false","true",
"C","A","20220101","2022","52","2022","380","ITA","Italy","X","Export","818","EGY","Egypt","0","W00","World","H6","HS","true","2204","Wine of fresh grapes, including fortified wines; grape must other than that of heading no. 2009","4","false","C00","TOTAL CPC","0","0","TOTAL MOT","7","l","31990","true","-1","N/A","0","false","32049","false","0","false",,"186835.047","186835.047","2","false","true",
"C","A","20220101","2022","52","2022","380","ITA","Italy","X","Export","826","GBR","United Kingdom","0","W00","World","H6","HS","true","2204","Wine of fresh grapes, including fortified wines; grape must other than that of heading no. 2009","4","false","C00","TOTAL CPC","0","0","TOTAL MOT","7","l","260790493.935","true","-1","N/A","0","false","260814474.39","true","0","false",,"854083328.308","854083328.308","6","false","true",
"C","A","20220101","2022","52","2022","380","ITA","Italy","X","Export","834","TZA","United Rep. of Tanzania","0","W00","World","H6","HS","true","2204","Wine of fresh grapes, including fortified wines; grape must other than that of heading no. 2009","4","false","C00","TOTAL CPC","0","0","TOTAL MOT","7","l","105227","false","7","l","105227","false","106111","false","0","false",,"643494.851","643494.851","0","false","true",
"C","A","20220101","2022","52","2022","380","ITA","Italy","X","Export","837","X1 ","Bunkers","0","W00","World","H6","HS","true","2204","Wine of fresh grapes, including fortified wines; grape must other than that of heading no. 2009","4","false","C00","TOTAL CPC","0","0","TOTAL MOT","7","l","370583","true","-1","N/A","0","false","370977","false","0","false",,"4395987.31","4395987.31","2","false","true",
"C","A","20220101","2022","52","2022","380","ITA","Italy","X","Export","839","XX ","Special Categories","0","W00","World","H6","HS","true","2204","Wine of fresh grapes, including fortified wines; grape must other than that of heading no. 2009","4","false","C00","TOTAL CPC","0","0","TOTAL MOT","7","l","2939","false","7","l","2939","false","2872","false","0","false",,"21571.701","21571.701","0","false","true",
"C","A","20220101","2022","52","2022","380","ITA","Italy","X","Export","842","USA","USA","0","W00","World","H6","HS","true","2204","Wine of fresh grapes, including fortified wines; grape must other than that of heading no. 2009","4","false","C00","TOTAL CPC","0","0","TOTAL MOT","7","l","372366110.888","true","-1","N/A","0","false","373090172","false","0","false",,"1958722356.567","1958722356.567","2","false","true",
"C","A","20220101","2022","52","2022","380","ITA","Italy","X","Export","854","BFA","Burkina Faso","0","W00","World","H6","HS","true","2204","Wine of fresh grapes, including fortified wines; grape must other than that of heading no. 2009","4","false","C00","TOTAL CPC","0","0","TOTAL MOT","7","l","49994","true","-1","N/A","0","false","50012","false","0","false",,"154217.919","154217.919","2","false","true",
"C","A","20220101","2022","52","2022","380","ITA","Italy","X","Export","858","URY","Uruguay","0","W00","World","H6","HS","true","2204","Wine of fresh grapes, including fortified wines; grape must other than that of heading no. 2009","4","false","C00","TOTAL CPC","0","0","TOTAL MOT","7","l","103296","true","-1","N/A","0","false","103336","false","0","false",,"1184062.622","1184062.622","2","false","true",
"C","A","20220101","2022","52","2022","380","ITA","Italy","X","Export","860","UZB","Uzbekistan","0","W00","World","H6","HS","true","2204","Wine of fresh grapes, including fortified wines; grape must other than that of heading no. 2009","4","false","C00","TOTAL CPC","0","0","TOTAL MOT","7","l","29691","false","7","l","29691","false","29939","false","0","false",,"365933.346","365933.346","0","false","true",
"C","A","20220101","2022","52","2022","380","ITA","Italy","X","Export","862","VEN","Venezuela","0","W00","World","H6","HS","true","2204","Wine of fresh grapes, including fortified wines; grape must other than that of heading no. 2009","4","false","C00","TOTAL CPC","0","0","TOTAL MOT","7","l","1114339","true","-1","N/A","0","false","1113719","false","0","false",,"3670045.069","3670045.069","2","false","true",
"C","A","20220101","2022","52","2022","380","ITA","Italy","X","Export","894","ZMB","Zambia","0","W00","World","H6","HS","true","2204","Wine of fresh grapes, including fortified wines; grape must other than that of heading no. 2009","4","false","C00","TOTAL CPC","0","0","TOTAL MOT","7","l","48863","true","-1","N/A","0","false","48863","false","0","false",,"189884.676","189884.676","2","false","true",
"C","A","20220101","2022","52","2022","380","ITA","Italy","X","Export","899","_X ","Areas, nes","0","W00","World","H6","HS","true","2204","Wine of fresh grapes, including fortified wines; grape must other than that of heading no. 2009","4","false","C00","TOTAL CPC","0","0","TOTAL MOT","7","l","114277","false","7","l","114277","false","114463","false","0","false",,"1276102.232","1276102.232","0","false","true",
"C","A","20230101","2023","52","2023","380","ITA","Italy","X","Export","0","W00","World","0","W00","World","H6","HS","true","2204","Wine of fresh grapes, including fortified wines; grape must other than that of heading no. 2009","4","false","C00","TOTAL CPC","0","0","TOTAL MOT","7","l","2136639894.567","true","-1","N/A","0","false","2145334019.168","true","0","false",,"8403232162.016","8403232162.016","6","false","true",
"C","A","20230101","2023","52","2023","380","ITA","Italy","X","Export","8","ALB","Albania","0","W00","World","H6","HS","true","2204","Wine of fresh grapes, including fortified wines; grape must other than that of heading no. 2009","4","false","C00","TOTAL CPC","0","0","TOTAL MOT","7","l","3863645","false","7","l","3863645","false","3864292","false","0","false",,"17116000.009","17116000.009","0","false","true",
"C","A","20230101","2023","52","2023","380","ITA","Italy","X","Export","12","DZA","Algeria","0","W00","World","H6","HS","true","2204","Wine of fresh grapes, including fortified wines; grape must other than that of heading no. 2009","4","false","C00","TOTAL CPC","0","0","TOTAL MOT","7","l","27486","false","7","l","27486","false","27486","false","0","false",,"106953.686","106953.686","0","false","true",
"C","A","20230101","2023","52","2023","380","ITA","Italy","X","Export","20","AND","Andorra","0","W00","World","H6","HS","true","2204","Wine of fresh grapes, including fortified wines; grape must other than that of heading no. 2009","4","false","C00","TOTAL CPC","0","0","TOTAL MOT","7","l","4548","false","7","l","4548","false","4564","false","0","false",,"215116.229","215116.229","0","false","true",
"C","A","20230101","2023","52","2023","380","ITA","Italy","X","Export","24","AGO","Angola","0","W00","World","H6","HS","true","2204","Wine of fresh grapes, including fortified wines; grape must other than that of heading no. 2009","4","false","C00","TOTAL CPC","0","0","TOTAL MOT","7","l","159527","false","7","l","159527","false","160184","false","0","false",,"633504.472","633504.472","0","false","true",
"C","A","20230101","2023","52","2023","380","ITA","Italy","X","Export","28","ATG","Antigua and Barbuda","0","W00","World","H6","HS","true","2204","Wine of fresh grapes, including fortified wines; grape must other than that of heading no. 2009","4","false","C00","TOTAL CPC","0","0","TOTAL MOT","7","l","98203","false","7","l","98203","false","98221","false","0","false",,"477000.57","477000.57","0","false","true",
"C","A","20230101","2023","52","2023","380","ITA","Italy","X","Export","31","AZE","Azerbaijan","0","W00","World","H6","HS","true","2204","Wine of fresh grapes, including fortified wines; grape must other than that of heading no. 2009","4","false","C00","TOTAL CPC","0","0","TOTAL MOT","7","l","209340","false","7","l","209340","false","209339","false","0","false",,"1570142.601","1570142.601","0","false","true",
"C","A","20230101","2023","52","2023","380","ITA","Italy","X","Export","32","ARG","Argentina","0","W00","World","H6","HS","true","2204","Wine of fresh grapes, including fortified wines; grape must other than that of heading no. 2009","4","false","C00","TOTAL CPC","0","0","TOTAL MOT","7","l","54996","false","7","l","54996","false","55025","false","0","false",,"499308.223","499308.223","0","false","true",
"C","A","20230101","2023","52","2023","380","ITA","Italy","X","Export","36","AUS","Australia","0","W00","World","H6","HS","true","2204","Wine of fresh grapes, including fortified wines; grape must other than that of heading no. 2009","4","false","C00","TOTAL CPC","0","0","TOTAL MOT","7","l","13692355","false","7","l","13692355","false","13692645","false","0","false",,"78967124.436","78967124.436","0","false","true",
"C","A","20230101","2023","52","2023","380","ITA","Italy","X","Export","40","AUT","Austria","0","W00","World","H6","HS","true","2204","Wine of fresh grapes, including fortified wines; grape must other than that of heading no. 2009","4","false","C00","TOTAL CPC","0","0","TOTAL MOT","7","l","48961461","false","7","l","48961461","false","49029796","false","0","false",,"152544604.884","152544604.884","0","false","true",
"C","A","20230101","2023","52","2023","380","ITA","Italy","X","Export","44","BHS","Bahamas","0","W00","World","H6","HS","true","2204","Wine of fresh grapes, including fortified wines; grape must other than that of heading no. 2009","4","false","C00","TOTAL CPC","0","0","TOTAL MOT","7","l","369739","false","7","l","369739","false","369740","false","0","false",,"2459704.457","2459704.457","0","false","true",
"C","A","20230101","2023","52","2023","380","ITA","Italy","X","Export","48","BHR","Bahrain","0","W00","World","H6","HS","true","2204","Wine of fresh grapes, including fortified wines; grape must other than that of heading no. 2009","4","false","C00","TOTAL CPC","0","0","TOTAL MOT","7","l","116935","false","7","l","116935","false","117012","false","0","false",,"629005.313","629005.313","0","false","true",
"C","A","20230101","2023","52","2023","380","ITA","Italy","X","Export","50","BGD","Bangladesh","0","W00","World","H6","HS","true","2204","Wine of fresh grapes, including fortified wines; grape must other than that of heading no. 2009","4","false","C00","TOTAL CPC","0","0","TOTAL MOT","7","l","26798","false","7","l","26798","false","26798","false","0","false",,"135451.601","135451.601","0","false","true",
"C","A","20230101","2023","52","2023","380","ITA","Italy","X","Export","51","ARM","Armenia","0","W00","World","H6","HS","true","2204","Wine of fresh grapes, including fortified wines; grape must other than that of heading no. 2009","4","false","C00","TOTAL CPC","0","0","TOTAL MOT","7","l","229152","false","7","l","229152","false","229165","false","0","false",,"1671495.315","1671495.315","0","false","true",
"C","A","20230101","2023","52","2023","380","ITA","Italy","X","Export","52","BRB","Barbados","0","W00","World","H6","HS","true","2204","Wine of fresh grapes, including fortified wines; grape must other than that of heading no. 2009","4","false","C00","TOTAL CPC","0","0","TOTAL MOT","7","l","159158","false","7","l","159158","false","159158","false","0","false",,"1207651.621","1207651.621","0","false","true",
"C","A","20230101","2023","52","2023","380","ITA","Italy","X","Export","56","BEL","Belgium","0","W00","World","H6","HS","true","2204","Wine of fresh grapes, including fortified wines; grape must other than that of heading no. 2009","4","false","C00","TOTAL CPC","0","0","TOTAL MOT","7","l","60515439","false","7","l","60515439","false","62007204","false","0","false",,"254494991.29","254494991.29","0","false","true",
"C","A","20230101","2023","52","2023","380","ITA","Italy","X","Export","60","BMU","Bermuda","0","W00","World","H6","HS","true","2204","Wine of fresh grapes, including fortified wines; grape must other than that of heading no. 2009","4","false","C00","TOTAL CPC","0","0","TOTAL MOT","7","l","206719","false","7","l","206719","false","206581","false","0","false",,"2080161.871","2080161.871","0","false","true",
"C","A","20230101","2023","52","2023","380","ITA","Italy","X","Export","64","BTN","Bhutan","0","W00","World","H6","HS","true","2204","Wine of fresh grapes, including fortified wines; grape must other than that of heading no. 2009","4","false","C00","TOTAL CPC","0","0","TOTAL MOT","7","l","22019","false","7","l","22019","false","22019","false","0","false",,"75580.677","75580.677","0","false","true",
"C","A","20230101","2023","52","2023","380","ITA","Italy","X","Export","68","BOL","Bolivia (Plurinational State of)","0","W00","World","H6","HS","true","2204","Wine of fresh grapes, including fortified wines; grape must other than that of heading no. 2009","4","false","C00","TOTAL CPC","0","0","TOTAL MOT","7","l","1148","false","7","l","1148","false","1148","false","0","false",,"3353.014","3353.014","0","false","true",
"C","A","20230101","2023","52","2023","380","ITA","Italy","X","Export","70","BIH","Bosnia Herzegovina","0","W00","World","H6","HS","true","2204","Wine of fresh grapes, including fortified wines; grape must other than that of heading no. 2009","4","false","C00","TOTAL CPC","0","0","TOTAL MOT","7","l","86107","false","7","l","86107","false","86054","false","0","false",,"405829.307","405829.307","0","false","true",
"C","A","20230101","2023","52","2023","380","ITA","Italy","X","Export","72","BWA","Botswana","0","W00","World","H6","HS","true","2204","Wine of fresh grapes, including fortified wines; grape must other than that of heading no. 2009","4","false","C00","TOTAL CPC","0","0","TOTAL MOT","7","l","10869","false","7","l","10869","false","10869","false","0","false",,"81941.78","81941.78","0","false","true",
"C","A","20230101","2023","52","2023","380","ITA","Italy","X","Export","76","BRA","Brazil","0","W00","World","H6","HS","true","2204","Wine of fresh grapes, including fortified wines; grape must other than that of heading no. 2009","4","false","C00","TOTAL CPC","0","0","TOTAL MOT","7","l","9795498","false","7","l","9795498","false","9796286","false","0","false",,"39763344.258","39763344.258","0","false","true",
"C","A","20230101","2023","52","2023","380","ITA","Italy","X","Export","84","BLZ","Belize","0","W00","World","H6","HS","true","2204","Wine of fresh grapes, including fortified wines; grape must other than that of heading no. 2009","4","false","C00","TOTAL CPC","0","0","TOTAL MOT","7","l","40628","false","7","l","40628","false","40628","false","0","false",,"194810.005","194810.005","0","false","true",
"C","A","20230101","2023","52","2023","380","ITA","Italy","X","Export","92","VGB","Br. Virgin Isds","0","W00","World","H6","HS","true","2204","Wine of fresh grapes, including fortified wines; grape must other than that of heading no. 2009","4","false","C00","TOTAL CPC","0","0","TOTAL MOT","7","l","47070","false","7","l","47070","false","47070","false","0","false",,"342993.544","342993.544","0","false","true",
"C","A","20230101","2023","52","2023","380","ITA","Italy","X","Export","100","BGR","Bulgaria","0","W00","World","H6","HS","true","2204","Wine of fresh grapes, including fortified wines; grape must other than that of heading no. 2009","4","false","C00","TOTAL CPC","0","0","TOTAL MOT","7","l","4687121","false","7","l","4687121","false","4702935","false","0","false",,"16439824.352","16439824.352","0","false","true",
"C","A","20230101","2023","52","2023","380","ITA","Italy","X","Export","104","MMR","Myanmar","0","W00","World","H6","HS","true","2204","Wine of fresh grapes, including fortified wines; grape must other than that of heading no. 2009","4","false","C00","TOTAL CPC","0","0","TOTAL MOT","7","l","43069","false","7","l","43069","false","43069","false","0","false",,"246371.38","246371.38","0","false","true",
"C","A","20230101","2023","52","2023","380","ITA","Italy","X","Export","112","BLR","Belarus","0","W00","World","H6","HS","true","2204","Wine of fresh grapes, including fortified wines; grape must other than that of heading no. 2009","4","false","C00","TOTAL CPC","0","0","TOTAL MOT","7","l","3063974","false","7","l","3063974","false","3064120","false","0","false",,"8944568.674","8944568.674","0","false","true",
"C","A","20230101","2023","52","2023","380","ITA","Italy","X","Export","116","KHM","Cambodia","0","W00","World","H6","HS","true","2204","Wine of fresh grapes, including fortified wines; grape must other than that of heading no. 2009","4","false","C00","TOTAL CPC","0","0","TOTAL MOT","7","l","143459","false","7","l","143459","false","143452","false","0","false",,"797508.052","797508.052","0","false","true",
"C","A","20230101","2023","52","2023","380","ITA","Italy","X","Export","120","CMR","Cameroon","0","W00","World","H6","HS","true","2204","Wine of fresh grapes, including fortified wines; grape must other than that of heading no. 2009","4","false","C00","TOTAL CPC","0","0","TOTAL MOT","7","l","690628","false","7","l","690628","false","690814","false","0","false",,"1935935.775","1935935.775","0","false","true",
"C","A","20230101","2023","52","2023","380","ITA","Italy","X","Export","124","CAN","Canada","0","W00","World","H6","HS","true","2204","Wine of fresh grapes, including fortified wines; grape must other than that of heading no. 2009","4","false","C00","TOTAL CPC","0","0","TOTAL MOT","7","l","71042528","false","7","l","71042528","false","71071976","false","0","false",,"420444182.733","420444182.733","0","false","true",
"C","A","20230101","2023","52","2023","380","ITA","Italy","X","Export","132","CPV","Cabo Verde","0","W00","World","H6","HS","true","2204","Wine of fresh grapes, including fortified wines; grape must other than that of heading no. 2009","4","false","C00","TOTAL CPC","0","0","TOTAL MOT","7","l","73420","false","7","l","73420","false","73423","false","0","false",,"168925.515","168925.515","0","false","true",
"C","A","20230101","2023","52","2023","380","ITA","Italy","X","Export","136","CYM","Cayman Isds","0","W00","World","H6","HS","true","2204","Wine of fresh grapes, including fortified wines; grape must other than that of heading no. 2009","4","false","C00","TOTAL CPC","0","0","TOTAL MOT","7","l","253494","false","7","l","253494","false","253495","false","0","false",,"2566512.172","2566512.172","0","false","true",
"C","A","20230101","2023","52","2023","380","ITA","Italy","X","Export","144","LKA","Sri Lanka","0","W00","World","H6","HS","true","2204","Wine of fresh grapes, including fortified wines; grape must other than that of heading no. 2009","4","false","C00","TOTAL CPC","0","0","TOTAL MOT","7","l","271125","false","7","l","271125","false","271304","false","0","false",,"1460694.429","1460694.429","0","false","true",
"C","A","20230101","2023","52","2023","380","ITA","Italy","X","Export","148","TCD","Chad","0","W00","World","H6","HS","true","2204","Wine of fresh grapes, including fortified wines; grape must other than that of heading no. 2009","4","false","C00","TOTAL CPC","0","0","TOTAL MOT","7","l","99","false","7","l","99","false","99","false","0","false",,"1128.844","1128.844","0","false","true",
"C","A","20230101","2023","52","2023","380","ITA","Italy","X","Export","152","CHL","Chile","0","W00","World","H6","HS","true","2204","Wine of fresh grapes, including fortified wines; grape must other than that of heading no. 2009","4","false","C00","TOTAL CPC","0","0","TOTAL MOT","7","l","637736","false","7","l","637736","false","648188","false","0","false",,"3612880.684","3612880.684","0","false","true",
"C","A","20230101","2023","52","2023","380","ITA","Italy","X","Export","156","CHN","China","0","W00","World","H6","HS","true","2204","Wine of fresh grapes, including fortified wines; grape must other than that of heading no. 2009","4","false","C00","TOTAL CPC","0","0","TOTAL MOT","7","l","17940717","false","7","l","17940717","false","17941838","false","0","false",,"108284908.872","108284908.872","0","false","true",
"C","A","20230101","2023","52","2023","380","ITA","Italy","X","Export","170","COL","Colombia","0","W00","World","H6","HS","true","2204","Wine of fresh grapes, including fortified wines; grape must other than that of heading no. 2009","4","false","C00","TOTAL CPC","0","0","TOTAL MOT","7","l","2205908","false","7","l","2205908","false","2207185","false","0","false",,"7109846.129","7109846.129","0","false","true",
"C","A","20230101","2023","52","2023","380","ITA","Italy","X","Export","178","COG","Congo","0","W00","World","H6","HS","true","2204","Wine of fresh grapes, including fortified wines; grape must other than that of heading no. 2009","4","false","C00","TOTAL CPC","0","0","TOTAL MOT","7","l","36394","false","7","l","36394","false","36420","false","0","false",,"194511.575","194511.575","0","false","true",
"C","A","20230101","2023","52","2023","380","ITA","Italy","X","Export","180","COD","Dem. Rep. of the Congo","0","W00","World","H6","HS","true","2204","Wine of fresh grapes, including fortified wines; grape must other than that of heading no. 2009","4","false","C00","TOTAL CPC","0","0","TOTAL MOT","7","l","74561","false","7","l","74561","false","74751","false","0","false",,"1337534.689","1337534.689","0","false","true",
"C","A","20230101","2023","52","2023","380","ITA","Italy","X","Export","184","COK","Cook Isds","0","W00","World","H6","HS","true","2204","Wine of fresh grapes, including fortified wines; grape must other than that of heading no. 2009","4","false","C00","TOTAL CPC","0","0","TOTAL MOT","7","l","1811","false","7","l","1811","false","1811","false","0","false",,"10793.223","10793.223","0","false","true",
"C","A","20230101","2023","52","2023","380","ITA","Italy","X","Export","188","CRI","Costa Rica","0","W00","World","H6","HS","true","2204","Wine of fresh grapes, including fortified wines; grape must other than that of heading no. 2009","4","false","C00","TOTAL CPC","0","0","TOTAL MOT","7","l","992416","false","7","l","992416","false","992532","false","0","false",,"4057184.773","4057184.773","0","false","true",
"C","A","20230101","2023","52","2023","380","ITA","Italy","X","Export","191","HRV","Croatia","0","W00","World","H6","HS","true","2204","Wine of fresh grapes, including fortified wines; grape must other than that of heading no. 2009","4","false","C00","TOTAL CPC","0","0","TOTAL MOT","7","l","3997307","false","7","l","3997307","false","4052097","false","0","false",,"10995202.181","10995202.181","0","false","true",
"C","A","20230101","2023","52","2023","380","ITA","Italy","X","Export","192","CUB","Cuba","0","W00","World","H6","HS","true","2204","Wine of fresh grapes, including fortified wines; grape must other than that of heading no. 2009","4","false","C00","TOTAL CPC","0","0","TOTAL MOT","7","l","232752","false","7","l","232752","false","232752","false","0","false",,"840560.925","840560.925","0","false","true",
"C","A","20230101","2023","52","2023","380","ITA","Italy","X","Export","196","CYP","Cyprus","0","W00","World","H6","HS","true","2204","Wine of fresh grapes, including fortified wines; grape must other than that of heading no. 2009","4","false","C00","TOTAL CPC","0","0","TOTAL MOT","7","l","3019089","false","7","l","3019089","false","3048023","false","0","false",,"14244439.253","14244439.253","0","false","true",
"C","A","20230101","2023","52","2023","380","ITA","Italy","X","Export","203","CZE","Czechia","0","W00","World","H6","HS","true","2204","Wine of fresh grapes, including fortified wines; grape must other than that of heading no. 2009","4","false","C00","TOTAL CPC","0","0","TOTAL MOT","7","l","40182930","false","7","l","40182930","false","40516368","false","0","false",,"105948063.561","105948063.561","0","false","true",
"C","A","20230101","2023","52","2023","380","ITA","Italy","X","Export","204","BEN","Benin","0","W00","World","H6","HS","true","2204","Wine of fresh grapes, including fortified wines; grape must other than that of heading no. 2009","4","false","C00","TOTAL CPC","0","0","TOTAL MOT","7","l","26714","false","7","l","26714","false","26714","false","0","false",,"182045.629","182045.629","0","false","true",
"C","A","20230101","2023","52","2023","380","ITA","Italy","X","Export","208","DNK","Denmark","0","W00","World","H6","HS","true","2204","Wine of fresh grapes, including fortified wines; grape must other than that of heading no. 2009","4","false","C00","TOTAL CPC","0","0","TOTAL MOT","7","l","36853317","false","7","l","36853317","false","36094257","false","0","false",,"156573851.838","156573851.838","0","false","true",
"C","A","20230101","2023","52","2023","380","ITA","Italy","X","Export","212","DMA","Dominica","0","W00","World","H6","HS","true","2204","Wine of fresh grapes, including fortified wines; grape must other than that of heading no. 2009","4","false","C00","TOTAL CPC","0","0","TOTAL MOT","7","l","441","false","7","l","441","false","441","false","0","false",,"3255.7","3255.7","0","false","true",
"C","A","20230101","2023","52","2023","380","ITA","Italy","X","Export","214","DOM","Dominican Rep.","0","W00","World","H6","HS","true","2204","Wine of fresh grapes, including fortified wines; grape must other than that of heading no. 2009","4","false","C00","TOTAL CPC","0","0","TOTAL MOT","7","l","843134","false","7","l","843134","false","843203","false","0","false",,"5067715.719","5067715.719","0","false","true",
"C","A","20230101","2023","52","2023","380","ITA","Italy","X","Export","218","ECU","Ecuador","0","W00","World","H6","HS","true","2204","Wine of fresh grapes, including fortified wines; grape must other than that of heading no. 2009","4","false","C00","TOTAL CPC","0","0","TOTAL MOT","7","l","3389865","false","7","l","3389865","false","3389898","false","0","false",,"6700042.078","6700042.078","0","false","true",
"C","A","20230101","2023","52","2023","380","ITA","Italy","X","Export","222","SLV","El Salvador","0","W00","World","H6","HS","true","2204","Wine of fresh grapes, including fortified wines; grape must other than that of heading no. 2009","4","false","C00","TOTAL CPC","0","0","TOTAL MOT","7","l","135932","false","7","l","135932","false","135928","false","0","false",,"631851.212","631851.212","0","false","true",
"C","A","20230101","2023","52","2023","380","ITA","Italy","X","Export","231","ETH","Ethiopia","0","W00","World","H6","HS","true","2204","Wine of fresh grapes, including fortified wines; grape must other than that of heading no. 2009","4","false","C00","TOTAL CPC","0","0","TOTAL MOT","7","l","90113","false","7","l","90113","false","90203","false","0","false",,"525154.868","525154.868","0","false","true",
"C","A","20230101","2023","52","2023","380","ITA","Italy","X","Export","233","EST","Estonia","0","W00","World","H6","HS","true","2204","Wine of fresh grapes, including fortified wines; grape must other than that of heading no. 2009","4","false","C00","TOTAL CPC","0","0","TOTAL MOT","7","l","5804800","false","7","l","5804800","false","6001412","false","0","false",,"25045448.833","25045448.833","0","false","true",
"C","A","20230101","2023","52","2023","380","ITA","Italy","X","Export","238","FLK","Falkland Isds (Malvinas)","0","W00","World","H6","HS","true","2204","Wine of fresh grapes, including fortified wines; grape must other than that of heading no. 2009","4","false","C00","TOTAL CPC","0","0","TOTAL MOT","7","l","360","false","7","l","360","false","360","false","0","false",,"2049.004","2049.004","0","false","true",
"C","A","20230101","2023","52","2023","380","ITA","Italy","X","Export","242","FJI","Fiji","0","W00","World","H6","HS","true","2204","Wine of fresh grapes, including fortified wines; grape must other than that of heading no. 2009","4","false","C00","TOTAL CPC","0","0","TOTAL MOT","7","l","25259","false","7","l","25259","false","25258","false","0","false",,"156495.251","156495.251","0","false","true",
"C","A","20230101","2023","52","2023","380","ITA","Italy","X","Export","246","FIN","Finland","0","W00","World","H6","HS","true","2204","Wine of fresh grapes, including fortified wines; grape must other than that of heading no. 2009","4","false","C00","TOTAL CPC","0","0","TOTAL MOT","7","l","10160954","false","7","l","10160954","false","9937847","false","0","false",,"51051805.951","51051805.951","0","false","true",
"C","A","20230101","2023","52","2023","380","ITA","Italy","X","Export","251","FRA","France","0","W00","World","H6","HS","true","2204","Wine of fresh grapes, including fortified wines; grape must other than that of heading no. 2009","4","false","C00","TOTAL CPC","0","0","TOTAL MOT","7","l","97130633","false","7","l","97130633","false","98133625","false","0","false",,"341897583.127","341897583.127","0","false","true",
"C","A","20230101","2023","52","2023","380","ITA","Italy","X","Export","258","PYF","French Polynesia","0","W00","World","H6","HS","true","2204","Wine of fresh grapes, including fortified wines; grape must other than that of heading no. 2009","4","false","C00","TOTAL CPC","0","0","TOTAL MOT","7","l","4952","false","7","l","4952","false","4952","false","0","false",,"61538.241","61538.241","0","false","true",
"C","A","20230101","2023","52","2023","380","ITA","Italy","X","Export","262","DJI","Djibouti","0","W00","World","H6","HS","true","2204","Wine of fresh grapes, including fortified wines; grape must other than that of heading no. 2009","4","false","C00","TOTAL CPC","0","0","TOTAL MOT","7","l","944","false","7","l","944","false","948","false","0","false",,"7308.295","7308.295","0","false","true",
"C","A","20230101","2023","52","2023","380","ITA","Italy","X","Export","266","GAB","Gabon","0","W00","World","H6","HS","true","2204","Wine of fresh grapes, including fortified wines; grape must other than that of heading no. 2009","4","false","C00","TOTAL CPC","0","0","TOTAL MOT","7","l","10018","false","7","l","10018","false","10018","false","0","false",,"45228.385","45228.385","0","false","true",
"C","A","20230101","2023","52","2023","380","ITA","Italy","X","Export","268","GEO","Georgia","0","W00","World","H6","HS","true","2204","Wine of fresh grapes, including fortified wines; grape must other than that of heading no. 2009","4","false","C00","TOTAL CPC","0","0","TOTAL MOT","7","l","331390","false","7","l","331390","false","331978","false","0","false",,"2582070.546","2582070.546","0","false","true",
"C","A","20230101","2023","52","2023","380","ITA","Italy","X","Export","276","DEU","Germany","0","W00","World","H6","HS","true","2204","Wine of fresh grapes, including fortified wines; grape must other than that of heading no. 2009","4","false","C00","TOTAL CPC","0","0","TOTAL MOT","7","l","548811065","false","7","l","548811065","false","551419365","false","0","false",,"1285155231.438","1285155231.438","0","false","true",
"C","A","20230101","2023","52","2023","380","ITA","Italy","X","Export","288","GHA","Ghana","0","W00","World","H6","HS","true","2204","Wine of fresh grapes, including fortified wines; grape must other than that of heading no. 2009","4","false","C00","TOTAL CPC","0","0","TOTAL MOT","7","l","415173","false","7","l","415173","false","414310","false","0","false",,"1502124.317","1502124.317","0","false","true",
"C","A","20230101","2023","52","2023","380","ITA","Italy","X","Export","292","GIB","Gibraltar","0","W00","World","H6","HS","true","2204","Wine of fresh grapes, including fortified wines; grape must other than that of heading no. 2009","4","false","C00","TOTAL CPC","0","0","TOTAL MOT","7","l","30270","false","7","l","30270","false","30270","false","0","false",,"189891.314","189891.314","0","false","true",
"C","A","20230101","2023","52","2023","380","ITA","Italy","X","Export","300","GRC","Greece","0","W00","World","H6","HS","true","2204","Wine of fresh grapes, including fortified wines; grape must other than that of heading no. 2009","4","false","C00","TOTAL CPC","0","0","TOTAL MOT","7","l","8006970","false","7","l","8006970","false","8117872","false","0","false",,"30087762.308","30087762.308","0","false","true",
"C","A","20230101","2023","52","2023","380","ITA","Italy","X","Export","308","GRD","Grenada","0","W00","World","H6","HS","true","2204","Wine of fresh grapes, including fortified wines; grape must other than that of heading no. 2009","4","false","C00","TOTAL CPC","0","0","TOTAL MOT","7","l","30157","false","7","l","30157","false","30157","false","0","false",,"144976.497","144976.497","0","false","true",
"C","A","20230101","2023","52","2023","380","ITA","Italy","X","Export","316","GUM","Guam","0","W00","World","H6","HS","true","2204","Wine of fresh grapes, including fortified wines; grape must other than that of heading no. 2009","4","false","C00","TOTAL CPC","0","0","TOTAL MOT","7","l","31687","false","7","l","31687","false","31687","false","0","false",,"181301.716","181301.716","0","false","true",
"C","A","20230101","2023","52","2023","380","ITA","Italy","X","Export","320","GTM","Guatemala","0","W00","World","H6","HS","true","2204","Wine of fresh grapes, including fortified wines; grape must other than that of heading no. 2009","4","false","C00","TOTAL CPC","0","0","TOTAL MOT","7","l","401412","false","7","l","401412","false","401394","false","0","false",,"2112050.646","2112050.646","0","false","true",
"C","A","20230101","2023","52","2023","380","ITA","Italy","X","Export","324","GIN","Guinea","0","W00","World","H6","HS","true","2204","Wine of fresh grapes, including fortified wines; grape must other than that of heading no. 2009","4","false","C00","TOTAL CPC","0","0","TOTAL MOT","7","l","9455","false","7","l","9455","false","9456","false","0","false",,"34305.41","34305.41","0","false","true",
"C","A","20230101","2023","52","2023","380","ITA","Italy","X","Export","328","GUY","Guyana","0","W00","World","H6","HS","true","2204","Wine of fresh grapes, including fortified wines; grape must other than that of heading no. 2009","4","false","C00","TOTAL CPC","0","0","TOTAL MOT","7","l","16926","false","7","l","16926","false","16926","false","0","false",,"82904.109","82904.109","0","false","true",
"C","A","20230101","2023","52","2023","380","ITA","Italy","X","Export","332","HTI","Haiti","0","W00","World","H6","HS","true","2204","Wine of fresh grapes, including fortified wines; grape must other than that of heading no. 2009","4","false","C00","TOTAL CPC","0","0","TOTAL MOT","7","l","16652","false","7","l","16652","false","16652","false","0","false",,"88453.179","88453.179","0","false","true",
"C","A","20230101","2023","52","2023","380","ITA","Italy","X","Export","336","VAT","Holy See (Vatican City State)","0","W00","World","H6","HS","true","2204","Wine of fresh grapes, including fortified wines; grape must other than that of heading no. 2009","4","false","C00","TOTAL CPC","0","0","TOTAL MOT","7","l","61194","false","7","l","61194","false","62057","false","0","false",,"418219.564","418219.564","0","false","true",
"C","A","20230101","2023","52","2023","380","ITA","Italy","X","Export","340","HND","Honduras","0","W00","World","H6","HS","true","2204","Wine of fresh grapes, including fortified wines; grape must other than that of heading no. 2009","4","false","C00","TOTAL CPC","0","0","TOTAL MOT","7","l","325666","false","7","l","325666","false","325733","false","0","false",,"1149640.479","1149640.479","0","false","true",
"C","A","20230101","2023","52","2023","380","ITA","Italy","X","Export","344","HKG","China, Hong Kong SAR","0","W00","World","H6","HS","true","2204","Wine of fresh grapes, including fortified wines; grape must other than that of heading no. 2009","4","false","C00","TOTAL CPC","0","0","TOTAL MOT","7","l","2670543","false","7","l","2670543","false","2671309","false","0","false",,"27343102.481","27343102.481","0","false","true",
"C","A","20230101","2023","52","2023","380","ITA","Italy","X","Export","348","HUN","Hungary","0","W00","World","H6","HS","true","2204","Wine of fresh grapes, including fortified wines; grape must other than that of heading no. 2009","4","false","C00","TOTAL CPC","0","0","TOTAL MOT","7","l","3049673","false","7","l","3049673","false","3089134","false","0","false",,"13669005.394","13669005.394","0","false","true",
"C","A","20230101","2023","52","2023","380","ITA","Italy","X","Export","352","ISL","Iceland","0","W00","World","H6","HS","true","2204","Wine of fresh grapes, including fortified wines; grape must other than that of heading no. 2009","4","false","C00","TOTAL CPC","0","0","TOTAL MOT","7","l","1620158","false","7","l","1620158","false","1621139","false","0","false",,"8240727.678","8240727.678","0","false","true",
"C","A","20230101","2023","52","2023","380","ITA","Italy","X","Export","360","IDN","Indonesia","0","W00","World","H6","HS","true","2204","Wine of fresh grapes, including fortified wines; grape must other than that of heading no. 2009","4","false","C00","TOTAL CPC","0","0","TOTAL MOT","7","l","860455","false","7","l","860455","false","860475","false","0","false",,"7206848.899","7206848.899","0","false","true",
"C","A","20230101","2023","52","2023","380","ITA","Italy","X","Export","364","IRN","Iran","0","W00","World","H6","HS","true","2204","Wine of fresh grapes, including fortified wines; grape must other than that of heading no. 2009","4","false","C00","TOTAL CPC","0","0","TOTAL MOT","7","l","75","false","7","l","75","false","75","false","0","false",,"1138.576","1138.576","0","false","true",
"C","A","20230101","2023","52","2023","380","ITA","Italy","X","Export","368","IRQ","Iraq","0","W00","World","H6","HS","true","2204","Wine of fresh grapes, including fortified wines; grape must other than that of heading no. 2009","4","false","C00","TOTAL CPC","0","0","TOTAL MOT","7","l","44882","false","7","l","44882","false","44902","false","0","false",,"310338.15","310338.15","0","false","true",
"C","A","20230101","2023","52","2023","380","ITA","Italy","X","Export","372","IRL","Ireland","0","W00","World","H6","HS","true","2204","Wine of fresh grapes, including fortified wines; grape must other than that of heading no. 2009","4","false","C00","TOTAL CPC","0","0","TOTAL MOT","7","l","13465985","false","7","l","13465985","false","13448563","false","0","false",,"51934359.024","51934359.024","0","false","true",
"C","A","20230101","2023","52","2023","380","ITA","Italy","X","Export","376","ISR","Israel","0","W00","World","H6","HS","true","2204","Wine of fresh grapes, including fortified wines; grape must other than that of heading no. 2009","4","false","C00","TOTAL CPC","0","0","TOTAL MOT","7","l","3591510","false","7","l","3591510","false","3591084","false","0","false",,"16019769.875","16019769.875","0","false","true",
"C","A","20230101","2023","52","2023","380","ITA","Italy","X","Export","384","CIV","Côte d'Ivoire","0","W00","World","H6","HS","true","2204","Wine of fresh grapes, including fortified wines; grape must other than that of heading no. 2009","4","false","C00","TOTAL CPC","0","0","TOTAL MOT","7","l","319766","false","7","l","319766","false","319941","false","0","false",,"826010.293","826010.293","0","false","true",
"C","A","20230101","2023","52","2023","380","ITA","Italy","X","Export","388","JAM","Jamaica","0","W00","World","H6","HS","true","2204","Wine of fresh grapes, including fortified wines; grape must other than that of heading no. 2009","4","false","C00","TOTAL CPC","0","0","TOTAL MOT","7","l","260626","false","7","l","260626","false","261096","false","0","false",,"1446274.631","1446274.631","0","false","true",
"C","A","20230101","2023","52","2023","380","ITA","Italy","X","Export","392","JPN","Japan","0","W00","World","H6","HS","true","2204","Wine of fresh grapes, including fortified wines; grape must other than that of heading no. 2009","4","false","C00","TOTAL CPC","0","0","TOTAL MOT","7","l","39827746","false","7","l","39827746","false","39835868","false","0","false",,"198525060.972","198525060.972","0","false","true",
"C","A","20230101","2023","52","2023","380","ITA","Italy","X","Export","398","KAZ","Kazakhstan","0","W00","World","H6","HS","true","2204","Wine of fresh grapes, including fortified wines; grape must other than that of heading no. 2009","4","false","C00","TOTAL CPC","0","0","TOTAL MOT","7","l","1833157","false","7","l","1833157","false","1850515","false","0","false",,"7962907.6","7962907.6","0","false","true",
"C","A","20230101","2023","52","2023","380","ITA","Italy","X","Export","400","JOR","Jordan","0","W00","World","H6","HS","true","2204","Wine of fresh grapes, including fortified wines; grape must other than that of heading no. 2009","4","false","C00","TOTAL CPC","0","0","TOTAL MOT","7","l","193843","false","7","l","193843","false","193854","false","0","false",,"1111540.898","1111540.898","0","false","true",
"C","A","20230101","2023","52","2023","380","ITA","Italy","X","Export","404","KEN","Kenya","0","W00","World","H6","HS","true","2204","Wine of fresh grapes, including fortified wines; grape must other than that of heading no. 2009","4","false","C00","TOTAL CPC","0","0","TOTAL MOT","7","l","432763","false","7","l","432763","false","432507","false","0","false",,"1999144.576","1999144.576","0","false","true",
"C","A","20230101","2023","52","2023","380","ITA","Italy","X","Export","410","KOR","Rep. of Korea","0","W00","World","H6","HS","true","2204","Wine of fresh grapes, including fortified wines; grape must other than that of heading no. 2009","4","false","C00","TOTAL CPC","0","0","TOTAL MOT","7","l","7326999","false","7","l","7326999","false","7328818","false","0","false",,"55210615.918","55210615.918","0","false","true",
"C","A","20230101","2023","52","2023","380","ITA","Italy","X","Export","414","KWT","Kuwait","0","W00","World","H6","HS","true","2204","Wine of fresh grapes, including fortified wines; grape must other than that of heading no. 2009","4","false","C00","TOTAL CPC","0","0","TOTAL MOT","7","l","1053","false","7","l","1053","false","1124","false","0","false",,"20911.735","20911.735","0","false","true",
"C","A","20230101","2023","52","2023","380","ITA","Italy","X","Export","417","KGZ","Kyrgyzstan","0","W00","World","H6","HS","true","2204","Wine of fresh grapes, including fortified wines; grape must other than that of heading no. 2009","4","false","C00","TOTAL CPC","0","0","TOTAL MOT","7","l","29529","false","7","l","29529","false","29529","false","0","false",,"250550.483","250550.483","0","false","true",
"C","A","20230101","2023","52","2023","380","ITA","Italy","X","Export","418","LAO","Lao People's Dem. Rep.","0","W00","World","H6","HS","true","2204","Wine of fresh grapes, including fortified wines; grape must other than that of heading no. 2009","4","false","C00","TOTAL CPC","0","0","TOTAL MOT","7","l","86322","false","7","l","86322","false","86434","false","0","false",,"422826.85","422826.85","0","false","true",
"C","A","20230101","2023","52","2023","380","ITA","Italy","X","Export","422","LBN","Lebanon","0","W00","World","H6","HS","true","2204","Wine of fresh grapes, including fortified wines; grape must other than that of heading no. 2009","4","false","C00","TOTAL CPC","0","0","TOTAL MOT","7","l","417964","false","7","l","417964","false","418449","false","0","false",,"2467251.712","2467251.712","0","false","true",
"C","A","20230101","2023","52","2023","380","ITA","Italy","X","Export","428","LVA","Latvia","0","W00","World","H6","HS","true","2204","Wine of fresh grapes, including fortified wines; grape must other than that of heading no. 2009","4","false","C00","TOTAL CPC","0","0","TOTAL MOT","7","l","24482451","false","7","l","24482451","false","24512644","false","0","false",,"97624215.52","97624215.52","0","false","true",
"C","A","20230101","2023","52","2023","380","ITA","Italy","X","Export","430","LBR","Liberia","0","W00","World","H6","HS","true","2204","Wine of fresh grapes, including fortified wines; grape must other than that of heading no. 2009","4","false","C00","TOTAL CPC","0","0","TOTAL MOT","7","l","2037","false","7","l","2037","false","2044","false","0","false",,"25699.593","25699.593","0","false","true",
"C","A","20230101","2023","52","2023","380","ITA","Italy","X","Export","440","LTU","Lithuania","0","W00","World","H6","HS","true","2204","Wine of fresh grapes, including fortified wines; grape must other than that of heading no. 2009","4","false","C00","TOTAL CPC","0","0","TOTAL MOT","7","l","12621179","false","7","l","12621179","false","13828676","false","0","false",,"43452098.642","43452098.642","0","false","true",
"C","A","20230101","2023","52","2023","380","ITA","Italy","X","Export","442","LUX","Luxembourg","0","W00","World","H6","HS","true","2204","Wine of fresh grapes, including fortified wines; grape must other than that of heading no. 2009","4","false","C00","TOTAL CPC","0","0","TOTAL MOT","7","l","3699539","false","7","l","3699539","false","3674812","false","0","false",,"16635010.638","16635010.638","0","false","true",
"C","A","20230101","2023","52","2023","380","ITA","Italy","X","Export","446","MAC","China, Macao SAR","0","W00","World","H6","HS","true","2204","Wine of fresh grapes, including fortified wines; grape must other than that of heading no. 2009","4","false","C00","TOTAL CPC","0","0","TOTAL MOT","7","l","7454","false","7","l","7454","false","7454","false","0","false",,"194906.238","194906.238","0","false","true",
"C","A","20230101","2023","52","2023","380","ITA","Italy","X","Export","450","MDG","Madagascar","0","W00","World","H6","HS","true","2204","Wine of fresh grapes, including fortified wines; grape must other than that of heading no. 2009","4","false","C00","TOTAL CPC","0","0","TOTAL MOT","7","l","22114","false","7","l","22114","false","22114","false","0","false",,"60222.337","60222.337","0","false","true",
"C","A","20230101","2023","52","2023","380","ITA","Italy","X","Export","458","MYS","Malaysia","0","W00","World","H6","HS","true","2204","Wine of fresh grapes, including fortified wines; grape must other than that of heading no. 2009","4","false","C00","TOTAL CPC","0","0","TOTAL MOT","7","l","661720","false","7","l","661720","false","661798","false","0","false",,"5703480.042","5703480.042","0","false","true",
"C","A","20230101","2023","52","2023","380","ITA","Italy","X","Export","462","MDV","Maldives","0","W00","World","H6","HS","true","2204","Wine of fresh grapes, including fortified wines; grape must other than that of heading no. 2009","4","false","C00","TOTAL CPC","0","0","TOTAL MOT","7","l","338962","false","7","l","338962","false","338964","false","0","false",,"1770528.708","1770528.708","0","false","true",
"C","A","20230101","2023","52","2023","380","ITA","Italy","X","Export","466","MLI","Mali","0","W00","World","H6","HS","true","2204","Wine of fresh grapes, including fortified wines; grape must other than that of heading no. 2009","4","false","C00","TOTAL CPC","0","0","TOTAL MOT","7","l","1395","false","7","l","1395","false","1395","false","0","false",,"8645.824","8645.824","0","false","true",
"C","A","20230101","2023","52","2023","380","ITA","Italy","X","Export","470","MLT","Malta","0","W00","World","H6","HS","true","2204","Wine of fresh grapes, including fortified wines; grape must other than that of heading no. 2009","4","false","C00","TOTAL CPC","0","0","TOTAL MOT","7","l","4863693","false","7","l","4863693","false","4885731","false","0","false",,"18054786.619","18054786.619","0","false","true",
"C","A","20230101","2023","52","2023","380","ITA","Italy","X","Export","480","MUS","Mauritius","0","W00","World","H6","HS","true","2204","Wine of fresh grapes, including fortified wines; grape must other than that of heading no. 2009","4","false","C00","TOTAL CPC","0","0","TOTAL MOT","7","l","136805","false","7","l","136805","false","136811","false","0","false",,"1447039.088","1447039.088","0","false","true",
"C","A","20230101","2023","52","2023","380","ITA","Italy","X","Export","484","MEX","Mexico","0","W00","World","H6","HS","true","2204","Wine of fresh grapes, including fortified wines; grape must other than that of heading no. 2009","4","false","C00","TOTAL CPC","0","0","TOTAL MOT","7","l","17065355.468","true","-1","N/A","0","false","17018155.758","true","0","false",,"55936474.786","55936474.786","6","false","true",
"C","A","20230101","2023","52","2023","380","ITA","Italy","X","Export","490","S19","Other Asia, nes","0","W00","World","H6","HS","true","2204","Wine of fresh grapes, including fortified wines; grape must other than that of heading no. 2009","4","false","C00","TOTAL CPC","0","0","TOTAL MOT","7","l","2612457","false","7","l","2612457","false","2611084","false","0","false",,"20808203.64","20808203.64","0","false","true",
"C","A","20230101","2023","52","2023","380","ITA","Italy","X","Export","496","MNG","Mongolia","0","W00","World","H6","HS","true","2204","Wine of fresh grapes, including fortified wines; grape must other than that of heading no. 2009","4","false","C00","TOTAL CPC","0","0","TOTAL MOT","7","l","438341","false","7","l","438341","false","430311","false","0","false",,"1812984.721","1812984.721","0","false","true",
"C","A","20230101","2023","52","2023","380","ITA","Italy","X","Export","498","MDA","Rep. of Moldova","0","W00","World","H6","HS","true","2204","Wine of fresh grapes, including fortified wines; grape must other than that of heading no. 2009","4","false","C00","TOTAL CPC","0","0","TOTAL MOT","7","l","611493","false","7","l","611493","false","614304","false","0","false",,"2757580.987","2757580.987","0","false","true",
"C","A","20230101","2023","52","2023","380","ITA","Italy","X","Export","499","MNE","Montenegro","0","W00","World","H6","HS","true","2204","Wine of fresh grapes, including fortified wines; grape must other than that of heading no. 2009","4","false","C00","TOTAL CPC","0","0","TOTAL MOT","7","l","372786","false","7","l","372786","false","372753","false","0","false",,"2682934.527","2682934.527","0","false","true",
"C","A","20230101","2023","52","2023","380","ITA","Italy","X","Export","504","MAR","Morocco","0","W00","World","H6","HS","true","2204","Wine of fresh grapes, including fortified wines; grape must other than that of heading no. 2009","4","false","C00","TOTAL CPC","0","0","TOTAL MOT","7","l","137192","false","7","l","137192","false","137207","false","0","false",,"892435.868","892435.868","0","false","true",
"C","A","20230101","2023","52","2023","380","ITA","Italy","X","Export","508","MOZ","Mozambique","0","W00","World","H6","HS","true","2204","Wine of fresh grapes, including fortified wines; grape must other than that of heading no. 2009","4","false","C00","TOTAL CPC","0","0","TOTAL MOT","7","l","189882","false","7","l","189882","false","189882","false","0","false",,"835901.738","835901.738","0","false","true",
"C","A","20230101","2023","52","2023","380","ITA","Italy","X","Export","512","OMN","Oman","0","W00","World","H6","HS","true","2204","Wine of fresh grapes, including fortified wines; grape must other than that of heading no. 2009","4","false","C00","TOTAL CPC","0","0","TOTAL MOT","7","l","2198","false","7","l","2198","false","2208","false","0","false",,"13880.245","13880.245","0","false","true",
"C","A","20230101","2023","52","2023","380","ITA","Italy","X","Export","516","NAM","Namibia","0","W00","World","H6","HS","true","2204","Wine of fresh grapes, including fortified wines; grape must other than that of heading no. 2009","4","false","C00","TOTAL CPC","0","0","TOTAL MOT","7","l","10625","false","7","l","10625","false","10662","false","0","false",,"57993.842","57993.842","0","false","true",
"C","A","20230101","2023","52","2023","380","ITA","Italy","X","Export","524","NPL","Nepal","0","W00","World","H6","HS","true","2204","Wine of fresh grapes, including fortified wines; grape must other than that of heading no. 2009","4","false","C00","TOTAL CPC","0","0","TOTAL MOT","7","l","76380","false","7","l","76380","false","76400","false","0","false",,"394646.827","394646.827","0","false","true",
"C","A","20230101","2023","52","2023","380","ITA","Italy","X","Export","528","NLD","Netherlands","0","W00","World","H6","HS","true","2204","Wine of fresh grapes, including fortified wines; grape must other than that of heading no. 2009","4","false","C00","TOTAL CPC","0","0","TOTAL MOT","7","l","60665714","false","7","l","60665714","false","60929721","false","0","false",,"260245350.815","260245350.815","0","false","true",
"C","A","20230101","2023","52","2023","380","ITA","Italy","X","Export","533","ABW","Aruba","0","W00","World","H6","HS","true","2204","Wine of fresh grapes, including fortified wines; grape must other than that of heading no. 2009","4","false","C00","TOTAL CPC","0","0","TOTAL MOT","7","l","219360","false","7","l","219360","false","219360","false","0","false",,"1344984.63","1344984.63","0","false","true",
"C","A","20230101","2023","52","2023","380","ITA","Italy","X","Export","540","NCL","New Caledonia","0","W00","World","H6","HS","true","2204","Wine of fresh grapes, including fortified wines; grape must other than that of heading no. 2009","4","false","C00","TOTAL CPC","0","0","TOTAL MOT","7","l","40817","false","7","l","40817","false","40772","false","0","false",,"181971.021","181971.021","0","false","true",
"C","A","20230101","2023","52","2023","380","ITA","Italy","X","Export","548","VUT","Vanuatu","0","W00","World","H6","HS","true","2204","Wine of fresh grapes, including fortified wines; grape must other than that of heading no. 2009","4","false","C00","TOTAL CPC","0","0","TOTAL MOT","7","l","198","false","7","l","198","false","198","false","0","false",,"1334.285","1334.285","0","false","true",
"C","A","20230101","2023","52","2023","380","ITA","Italy","X","Export","554","NZL","New Zealand","0","W00","World","H6","HS","true","2204","Wine of fresh grapes, including fortified wines; grape must other than that of heading no. 2009","4","false","C00","TOTAL CPC","0","0","TOTAL MOT","7","l","2049406","false","7","l","2049406","false","2052861","false","0","false",,"10049322.448","10049322.448","0","false","true",
"C","A","20230101","2023","52","2023","380","ITA","Italy","X","Export","558","NIC","Nicaragua","0","W00","World","H6","HS","true","2204","Wine of fresh grapes, including fortified wines; grape must other than that of heading no. 2009","4","false","C00","TOTAL CPC","0","0","TOTAL MOT","7","l","121215","false","7","l","121215","false","121215","false","0","false",,"249467.052","249467.052","0","false","true",
"C","A","20230101","2023","52","2023","380","ITA","Italy","X","Export","562","NER","Niger","0","W00","World","H6","HS","true","2204","Wine of fresh grapes, including fortified wines; grape must other than that of heading no. 2009","4","false","C00","TOTAL CPC","0","0","TOTAL MOT","7","l","5062","false","7","l","5062","false","5062","false","0","false",,"32726.757","32726.757","0","false","true",
"C","A","20230101","2023","52","2023","380","ITA","Italy","X","Export","566","NGA","Nigeria","0","W00","World","H6","HS","true","2204","Wine of fresh grapes, including fortified wines; grape must other than that of heading no. 2009","4","false","C00","TOTAL CPC","0","0","TOTAL MOT","7","l","1516776","false","7","l","1516776","false","1516718","false","0","false",,"3469402.826","3469402.826","0","false","true",
"C","A","20230101","2023","52","2023","380","ITA","Italy","X","Export","568","E19","Other Europe, nes","0","W00","World","H6","HS","true","2204","Wine of fresh grapes, including fortified wines; grape must other than that of heading no. 2009","4","false","C00","TOTAL CPC","0","0","TOTAL MOT","7","l","5233","false","7","l","5233","false","4874","false","0","false",,"78020.019","78020.019","0","false","true",
"C","A","20230101","2023","52","2023","380","ITA","Italy","X","Export","579","NOR","Norway","0","W00","World","H6","HS","true","2204","Wine of fresh grapes, including fortified wines; grape must other than that of heading no. 2009","4","false","C00","TOTAL CPC","0","0","TOTAL MOT","7","l","21505755","false","7","l","21505755","false","21554184","false","0","false",,"111989624.944","111989624.944","0","false","true",
"C","A","20230101","2023","52","2023","380","ITA","Italy","X","Export","586","PAK","Pakistan","0","W00","World","H6","HS","true","2204","Wine of fresh grapes, including fortified wines; grape must other than that of heading no. 2009","4","false","C00","TOTAL CPC","0","0","TOTAL MOT","7","l","2160","false","7","l","2160","false","2160","false","0","false",,"74278.829","74278.829","0","false","true",
"C","A","20230101","2023","52","2023","380","ITA","Italy","X","Export","591","PAN","Panama","0","W00","World","H6","HS","true","2204","Wine of fresh grapes, including fortified wines; grape must other than that of heading no. 2009","4","false","C00","TOTAL CPC","0","0","TOTAL MOT","7","l","654599","false","7","l","654599","false","654784","false","0","false",,"3350122.678","3350122.678","0","false","true",
"C","A","20230101","2023","52","2023","380","ITA","Italy","X","Export","600","PRY","Paraguay","0","W00","World","H6","HS","true","2204","Wine of fresh grapes, including fortified wines; grape must other than that of heading no. 2009","4","false","C00","TOTAL CPC","0","0","TOTAL MOT","7","l","258938","false","7","l","258938","false","258960","false","0","false",,"1826286.487","1826286.487","0","false","true",
"C","A","20230101","2023","52","2023","380","ITA","Italy","X","Export","604","PER","Peru","0","W00","World","H6","HS","true","2204","Wine of fresh grapes, including fortified wines; grape must other than that of heading no. 2009","4","false","C00","TOTAL CPC","0","0","TOTAL MOT","7","l","1610436","false","7","l","1610436","false","1643513","false","0","false",,"9583150.783","9583150.783","0","false","true",
"C","A","20230101","2023","52","2023","380","ITA","Italy","X","Export","608","PHL","Philippines","0","W00","World","H6","HS","true","2204","Wine of fresh grapes, including fortified wines; grape must other than that of heading no. 2009","4","false","C00","TOTAL CPC","0","0","TOTAL MOT","7","l","1194940","false","7","l","1194940","false","1195271","false","0","false",,"5822423.915","5822423.915","0","false","true",
"C","A","20230101","2023","52","2023","380","ITA","Italy","X","Export","616","POL","Poland","0","W00","World","H6","HS","true","2204","Wine of fresh grapes, including fortified wines; grape must other than that of heading no. 2009","4","false","C00","TOTAL CPC","0","0","TOTAL MOT","7","l","36917392","false","7","l","36917392","false","37435830","false","0","false",,"135852580.032","135852580.032","0","false","true",
"C","A","20230101","2023","52","2023","380","ITA","Italy","X","Export","620","PRT","Portugal","0","W00","World","H6","HS","true","2204","Wine of fresh grapes, including fortified wines; grape must other than that of heading no. 2009","4","false","C00","TOTAL CPC","0","0","TOTAL MOT","7","l","8298607","false","7","l","8298607","false","8323859","false","0","false",,"22360697.775","22360697.775","0","false","true",
"C","A","20230101","2023","52","2023","380","ITA","Italy","X","Export","634","QAT","Qatar","0","W00","World","H6","HS","true","2204","Wine of fresh grapes, including fortified wines; grape must other than that of heading no. 2009","4","false","C00","TOTAL CPC","0","0","TOTAL MOT","7","l","97549","false","7","l","97549","false","97561","false","0","false",,"381622.947","381622.947","0","false","true",
"C","A","20230101","2023","52","2023","380","ITA","Italy","X","Export","642","ROU","Romania","0","W00","World","H6","HS","true","2204","Wine of fresh grapes, including fortified wines; grape must other than that of heading no. 2009","4","false","C00","TOTAL CPC","0","0","TOTAL MOT","7","l","9735552","false","7","l","9735552","false","9802891","false","0","false",,"39413032.688","39413032.688","0","false","true",
"C","A","20230101","2023","52","2023","380","ITA","Italy","X","Export","643","RUS","Russian Federation","0","W00","World","H6","HS","true","2204","Wine of fresh grapes, including fortified wines; grape must other than that of heading no. 2009","4","false","C00","TOTAL CPC","0","0","TOTAL MOT","7","l","50250995","false","7","l","50250995","false","50254031","false","0","false",,"171491350.531","171491350.531","0","false","true",
"C","A","20230101","2023","52","2023","380","ITA","Italy","X","Export","646","RWA","Rwanda","0","W00","World","H6","HS","true","2204","Wine of fresh grapes, including fortified wines; grape must other than that of heading no. 2009","4","false","C00","TOTAL CPC","0","0","TOTAL MOT","7","l","45490","false","7","l","45490","false","45518","false","0","false",,"269012.064","269012.064","0","false","true",
"C","A","20230101","2023","52","2023","380","ITA","Italy","X","Export","659","KNA","Saint Kitts and Nevis","0","W00","World","H6","HS","true","2204","Wine of fresh grapes, including fortified wines; grape must other than that of heading no. 2009","4","false","C00","TOTAL CPC","0","0","TOTAL MOT","7","l","21893","false","7","l","21893","false","21893","false","0","false",,"177609.184","177609.184","0","false","true",
"C","A","20230101","2023","52","2023","380","ITA","Italy","X","Export","660","AIA","Anguilla","0","W00","World","H6","HS","true","2204","Wine of fresh grapes, including fortified wines; grape must other than that of heading no. 2009","4","false","C00","TOTAL CPC","0","0","TOTAL MOT","7","l","13262","false","7","l","13262","false","13262","false","0","false",,"128293.603","128293.603","0","false","true",
"C","A","20230101","2023","52","2023","380","ITA","Italy","X","Export","662","LCA","Saint Lucia","0","W00","World","H6","HS","true","2204","Wine of fresh grapes, including fortified wines; grape must other than that of heading no. 2009","4","false","C00","TOTAL CPC","0","0","TOTAL MOT","7","l","47062","false","7","l","47062","false","47062","false","0","false",,"303606.172","303606.172","0","false","true",
"C","A","20230101","2023","52","2023","380","ITA","Italy","X","Export","670","VCT","Saint Vincent and the Grenadines","0","W00","World","H6","HS","true","2204","Wine of fresh grapes, including fortified wines; grape must other than that of heading no. 2009","4","false","C00","TOTAL CPC","0","0","TOTAL MOT","7","l","11221","false","7","l","11221","false","11221","false","0","false",,"101353.795","101353.795","0","false","true",
"C","A","20230101","2023","52","2023","380","ITA","Italy","X","Export","682","SAU","Saudi Arabia","0","W00","World","H6","HS","true","2204","Wine of fresh grapes, including fortified wines; grape must other than that of heading no. 2009","4","false","C00","TOTAL CPC","0","0","TOTAL MOT","7","l","10208","false","7","l","10208","false","10208","false","0","false",,"20839.29","20839.29","0","false","true",
"C","A","20230101","2023","52","2023","380","ITA","Italy","X","Export","686","SEN","Senegal","0","W00","World","H6","HS","true","2204","Wine of fresh grapes, including fortified wines; grape must other than that of heading no. 2009","4","false","C00","TOTAL CPC","0","0","TOTAL MOT","7","l","38403","false","7","l","38403","false","38314","false","0","false",,"243750.385","243750.385","0","false","true",
"C","A","20230101","2023","52","2023","380","ITA","Italy","X","Export","688","SRB","Serbia","0","W00","World","H6","HS","true","2204","Wine of fresh grapes, including fortified wines; grape must other than that of heading no. 2009","4","false","C00","TOTAL CPC","0","0","TOTAL MOT","7","l","1750838","false","7","l","1750838","false","1750807","false","0","false",,"10023707.195","10023707.195","0","false","true",
"C","A","20230101","2023","52","2023","380","ITA","Italy","X","Export","690","SYC","Seychelles","0","W00","World","H6","HS","true","2204","Wine of fresh grapes, including fortified wines; grape must other than that of heading no. 2009","4","false","C00","TOTAL CPC","0","0","TOTAL MOT","7","l","230195","false","7","l","230195","false","230196","false","0","false",,"951204.98","951204.98","0","false","true",
"C","A","20230101","2023","52","2023","380","ITA","Italy","X","Export","694","SLE","Sierra Leone","0","W00","World","H6","HS","true","2204","Wine of fresh grapes, including fortified wines; grape must other than that of heading no. 2009","4","false","C00","TOTAL CPC","0","0","TOTAL MOT","7","l","42920","false","7","l","42920","false","42921","false","0","false",,"97904.548","97904.548","0","false","true",
"C","A","20230101","2023","52","2023","380","ITA","Italy","X","Export","699","IND","India","0","W00","World","H6","HS","true","2204","Wine of fresh grapes, including fortified wines; grape must other than that of heading no. 2009","4","false","C00","TOTAL CPC","0","0","TOTAL MOT","7","l","775250","false","7","l","775250","false","773342","false","0","false",,"3796044.345","3796044.345","0","false","true",
"C","A","20230101","2023","52","2023","380","ITA","Italy","X","Export","702","SGP","Singapore","0","W00","World","H6","HS","true","2204","Wine of fresh grapes, including fortified wines; grape must other than that of heading no. 2009","4","false","C00","TOTAL CPC","0","0","TOTAL MOT","7","l","2402410","false","7","l","2402410","false","2405026","false","0","false",,"24315617.384","24315617.384","0","false","true",
"C","A","20230101","2023","52","2023","380","ITA","Italy","X","Export","703","SVK","Slovakia","0","W00","World","H6","HS","true","2204","Wine of fresh grapes, including fortified wines; grape must other than that of heading no. 2009","4","false","C00","TOTAL CPC","0","0","TOTAL MOT","7","l","11426489","false","7","l","11426489","false","11506466","false","0","false",,"34476145.066","34476145.066","0","false","true",
"C","A","20230101","2023","52","2023","380","ITA","Italy","X","Export","704","VNM","Viet Nam","0","W00","World","H6","HS","true","2204","Wine of fresh grapes, including fortified wines; grape must other than that of heading no. 2009","4","false","C00","TOTAL CPC","0","0","TOTAL MOT","7","l","4321030","false","7","l","4321030","false","4323862","false","0","false",,"17630278.396","17630278.396","0","false","true",
"C","A","20230101","2023","52","2023","380","ITA","Italy","X","Export","705","SVN","Slovenia","0","W00","World","H6","HS","true","2204","Wine of fresh grapes, including fortified wines; grape must other than that of heading no. 2009","4","false","C00","TOTAL CPC","0","0","TOTAL MOT","7","l","1906790","false","7","l","1906790","false","1938861","false","0","false",,"4354539.05","4354539.05","0","false","true",
"C","A","20230101","2023","52","2023","380","ITA","Italy","X","Export","706","SOM","Somalia","0","W00","World","H6","HS","true","2204","Wine of fresh grapes, including fortified wines; grape must other than that of heading no. 2009","4","false","C00","TOTAL CPC","0","0","TOTAL MOT","7","l","1476","false","7","l","1476","false","1476","false","0","false",,"12845.471","12845.471","0","false","true",
"C","A","20230101","2023","52","2023","380","ITA","Italy","X","Export","710","ZAF","South Africa","0","W00","World","H6","HS","true","2204","Wine of fresh grapes, including fortified wines; grape must other than that of heading no. 2009","4","false","C00","TOTAL CPC","0","0","TOTAL MOT","7","l","1059183","false","7","l","1059183","false","1059108","false","0","false",,"6258753.648","6258753.648","0","false","true",
"C","A","20230101","2023","52","2023","380","ITA","Italy","X","Export","716","ZWE","Zimbabwe","0","W00","World","H6","HS","true","2204","Wine of fresh grapes, including fortified wines; grape must other than that of heading no. 2009","4","false","C00","TOTAL CPC","0","0","TOTAL MOT","7","l","5940","false","7","l","5940","false","5940","false","0","false",,"20304.062","20304.062","0","false","true",
"C","A","20230101","2023","52","2023","380","ITA","Italy","X","Export","724","ESP","Spain","0","W00","World","H6","HS","true","2204","Wine of fresh grapes, including fortified wines; grape must other than that of heading no. 2009","4","false","C00","TOTAL CPC","0","0","TOTAL MOT","7","l","20695623","false","7","l","20695623","false","20811667","false","0","false",,"65017275.737","65017275.737","0","false","true",
"C","A","20230101","2023","52","2023","380","ITA","Italy","X","Export","729","SDN","Sudan","0","W00","World","H6","HS","true","2204","Wine of fresh grapes, including fortified wines; grape must other than that of heading no. 2009","4","false","C00","TOTAL CPC","0","0","TOTAL MOT","7","l","1980","false","7","l","1980","false","1980","false","0","false",,"6630.339","6630.339","0","false","true",
"C","A","20230101","2023","52","2023","380","ITA","Italy","X","Export","740","SUR","Suriname","0","W00","World","H6","HS","true","2204","Wine of fresh grapes, including fortified wines; grape must other than that of heading no. 2009","4","false","C00","TOTAL CPC","0","0","TOTAL MOT","7","l","27035","false","7","l","27035","false","27479","false","0","false",,"181937.502","181937.502","0","false","true",
"C","A","20230101","2023","52","2023","380","ITA","Italy","X","Export","752","SWE","Sweden","0","W00","World","H6","HS","true","2204","Wine of fresh grapes, including fortified wines; grape must other than that of heading no. 2009","4","false","C00","TOTAL CPC","0","0","TOTAL MOT","7","l","53411556","false","7","l","53411556","false","54717525","false","0","false",,"208744943.814","208744943.814","0","false","true",
"C","A","20230101","2023","52","2023","380","ITA","Italy","X","Export","757","CHE","Switzerland","0","W00","World","H6","HS","true","2204","Wine of fresh grapes, including fortified wines; grape must other than that of heading no. 2009","4","false","C00","TOTAL CPC","0","0","TOTAL MOT","7","l","70933761","false","7","l","70933761","false","70908756","false","0","false",,"454498350.826","454498350.826","0","false","true",
"C","A","20230101","2023","52","2023","380","ITA","Italy","X","Export","762","TJK","Tajikistan","0","W00","World","H6","HS","true","2204","Wine of fresh grapes, including fortified wines; grape must other than that of heading no. 2009","4","false","C00","TOTAL CPC","0","0","TOTAL MOT","7","l","5986","false","7","l","5986","false","5986","false","0","false",,"72728.29","72728.29","0","false","true",
"C","A","20230101","2023","52","2023","380","ITA","Italy","X","Export","764","THA","Thailand","0","W00","World","H6","HS","true","2204","Wine of fresh grapes, including fortified wines; grape must other than that of heading no. 2009","4","false","C00","TOTAL CPC","0","0","TOTAL MOT","7","l","2713236","false","7","l","2713236","false","2699594","false","0","false",,"19831648.317","19831648.317","0","false","true",
"C","A","20230101","2023","52","2023","380","ITA","Italy","X","Export","768","TGO","Togo","0","W00","World","H6","HS","true","2204","Wine of fresh grapes, including fortified wines; grape must other than that of heading no. 2009","4","false","C00","TOTAL CPC","0","0","TOTAL MOT","7","l","61942","false","7","l","61942","false","61943","false","0","false",,"162729.846","162729.846","0","false","true",
"C","A","20230101","2023","52","2023","380","ITA","Italy","X","Export","776","TON","Tonga","0","W00","World","H6","HS","true","2204","Wine of fresh grapes, including fortified wines; grape must other than that of heading no. 2009","4","false","C00","TOTAL CPC","0","0","TOTAL MOT","7","l","468","false","7","l","468","false","468","false","0","false",,"1648.935","1648.935","0","false","true",
"C","A","20230101","2023","52","2023","380","ITA","Italy","X","Export","780","TTO","Trinidad and Tobago","0","W00","World","H6","HS","true","2204","Wine of fresh grapes, including fortified wines; grape must other than that of heading no. 2009","4","false","C00","TOTAL CPC","0","0","TOTAL MOT","7","l","150015","false","7","l","150015","false","150490","false","0","false",,"810308.11","810308.11","0","false","true",
"C","A","20230101","2023","52","2023","380","ITA","Italy","X","Export","784","ARE","United Arab Emirates","0","W00","World","H6","HS","true","2204","Wine of fresh grapes, including fortified wines; grape must other than that of heading no. 2009","4","false","C00","TOTAL CPC","0","0","TOTAL MOT","7","l","3281021","false","7","l","3281021","false","3281198","false","0","false",,"22261693.577","22261693.577","0","false","true",
"C","A","20230101","2023","52","2023","380","ITA","Italy","X","Export","788","TUN","Tunisia","0","W00","World","H6","HS","true","2204","Wine of fresh grapes, including fortified wines; grape must other than that of heading no. 2009","4","false","C00","TOTAL CPC","0","0","TOTAL MOT","7","l","5486","false","7","l","5486","false","5489","false","0","false",,"26726.798","26726.798","0","false","true",
"C","A","20230101","2023","52","2023","380","ITA","Italy","X","Export","792","TUR","Türkiye","0","W00","World","H6","HS","true","2204","Wine of fresh grapes, including fortified wines; grape must other than that of heading no. 2009","4","false","C00","TOTAL CPC","0","0","TOTAL MOT","7","l","4483880","false","7","l","4483880","false","4484468","false","0","false",,"17443540.062","17443540.062","0","false","true",
"C","A","20230101","2023","52","2023","380","ITA","Italy","X","Export","795","TKM","Turkmenistan","0","W00","World","H6","HS","true","2204","Wine of fresh grapes, including fortified wines; grape must other than that of heading no. 2009","4","false","C00","TOTAL CPC","0","0","TOTAL MOT","7","l","19909","false","7","l","19909","false","19942","false","0","false",,"173117.594","173117.594","0","false","true",
"C","A","20230101","2023","52","2023","380","ITA","Italy","X","Export","796","TCA","Turks and Caicos Isds","0","W00","World","H6","HS","true","2204","Wine of fresh grapes, including fortified wines; grape must other than that of heading no. 2009","4","false","C00","TOTAL CPC","0","0","TOTAL MOT","7","l","148900","false","7","l","148900","false","148900","false","0","false",,"1292174.389","1292174.389","0","false","true",
"C","A","20230101","2023","52","2023","380","ITA","Italy","X","Export","800","UGA","Uganda","0","W00","World","H6","HS","true","2204","Wine of fresh grapes, including fortified wines; grape must other than that of heading no. 2009","4","false","C00","TOTAL CPC","0","0","TOTAL MOT","7","l","66437","false","7","l","66437","false","66320","false","0","false",,"267128.494","267128.494","0","false","true",
"C","A","20230101","2023","52","2023","380","ITA","Italy","X","Export","804","UKR","Ukraine","0","W00","World","H6","HS","true","2204","Wine of fresh grapes, including fortified wines; grape must other than that of heading no. 2009","4","false","C00","TOTAL CPC","0","0","TOTAL MOT","7","l","18698740","false","7","l","18698740","false","18684215","false","0","false",,"62897883.278","62897883.278","0","false","true",
"C","A","20230101","2023","52","2023","380","ITA","Italy","X","Export","807","MKD","North Macedonia","0","W00","World","H6","HS","true","2204","Wine of fresh grapes, including fortified wines; grape must other than that of heading no. 2009","4","false","C00","TOTAL CPC","0","0","TOTAL MOT","7","l","92920","false","7","l","92920","false","92898","false","0","false",,"417099.37","417099.37","0","false","true",
"C","A","20230101","2023","52","2023","380","ITA","Italy","X","Export","818","EGY","Egypt","0","W00","World","H6","HS","true","2204","Wine of fresh grapes, including fortified wines; grape must other than that of heading no. 2009","4","false","C00","TOTAL CPC","0","0","TOTAL MOT","7","l","35058","false","7","l","35058","false","35070","false","0","false",,"241759.769","241759.769","0","false","true",
"C","A","20230101","2023","52","2023","380","ITA","Italy","X","Export","826","GBR","United Kingdom","0","W00","World","H6","HS","true","2204","Wine of fresh grapes, including fortified wines; grape must other than that of heading no. 2009","4","false","C00","TOTAL CPC","0","0","TOTAL MOT","7","l","256042898.099","true","-1","N/A","0","false","256079138.41","true","0","false",,"911644751.209","911644751.209","6","false","true",
"C","A","20230101","2023","52","2023","380","ITA","Italy","X","Export","834","TZA","United Rep. of Tanzania","0","W00","World","H6","HS","true","2204","Wine of fresh grapes, including fortified wines; grape must other than that of heading no. 2009","4","false","C00","TOTAL CPC","0","0","TOTAL MOT","7","l","118197","false","7","l","118197","false","118365","false","0","false",,"473101.516","473101.516","0","false","true",
"C","A","20230101","2023","52","2023","380","ITA","Italy","X","Export","837","X1 ","Bunkers","0","W00","World","H6","HS","true","2204","Wine of fresh grapes, including fortified wines; grape must other than that of heading no. 2009","4","false","C00","TOTAL CPC","0","0","TOTAL MOT","7","l","209935","false","7","l","209935","false","212274","false","0","false",,"2304325.075","2304325.075","0","false","true",
"C","A","20230101","2023","52","2023","380","ITA","Italy","X","Export","842","USA","USA","0","W00","World","H6","HS","true","2204","Wine of fresh grapes, including fortified wines; grape must other than that of heading no. 2009","4","false","C00","TOTAL CPC","0","0","TOTAL MOT","7","l","339004013","false","7","l","339004013","false","339002523","false","0","false",,"1903865154.49","1903865154.49","0","false","true",
"C","A","20230101","2023","52","2023","380","ITA","Italy","X","Export","854","BFA","Burkina Faso","0","W00","World","H6","HS","true","2204","Wine of fresh grapes, including fortified wines; grape must other than that of heading no. 2009","4","false","C00","TOTAL CPC","0","0","TOTAL MOT","7","l","35421","false","7","l","35421","false","35420","false","0","false",,"99082.05","99082.05","0","false","true",
"C","A","20230101","2023","52","2023","380","ITA","Italy","X","Export","858","URY","Uruguay","0","W00","World","H6","HS","true","2204","Wine of fresh grapes, including fortified wines; grape must other than that of heading no. 2009","4","false","C00","TOTAL CPC","0","0","TOTAL MOT","7","l","129005","false","7","l","129005","false","129082","false","0","false",,"1918314.341","1918314.341","0","false","true",
"C","A","20230101","2023","52","2023","380","ITA","Italy","X","Export","860","UZB","Uzbekistan","0","W00","World","H6","HS","true","2204","Wine of fresh grapes, including fortified wines; grape must other than that of heading no. 2009","4","false","C00","TOTAL CPC","0","0","TOTAL MOT","7","l","51180","false","7","l","51180","false","51301","false","0","false",,"353688.372","353688.372","0","false","true",
"C","A","20230101","2023","52","2023","380","ITA","Italy","X","Export","862","VEN","Venezuela","0","W00","World","H6","HS","true","2204","Wine of fresh grapes, including fortified wines; grape must other than that of heading no. 2009","4","false","C00","TOTAL CPC","0","0","TOTAL MOT","7","l","1142545","false","7","l","1142545","false","1142357","false","0","false",,"3147088.544","3147088.544","0","false","true",
"C","A","20230101","2023","52","2023","380","ITA","Italy","X","Export","894","ZMB","Zambia","0","W00","World","H6","HS","true","2204","Wine of fresh grapes, including fortified wines; grape must other than that of heading no. 2009","4","false","C00","TOTAL CPC","0","0","TOTAL MOT","7","l","40786","false","7","l","40786","false","40787","false","0","false",,"120021.898","120021.898","0","false","true",
"C","A","20230101","2023","52","2023","380","ITA","Italy","X","Export","899","_X ","Areas, nes","0","W00","World","H6","HS","true","2204","Wine of fresh grapes, including fortified wines; grape must other than that of heading no. 2009","4","false","C00","TOTAL CPC","0","0","TOTAL MOT","7","l","129259","false","7","l","129259","false","127993","false","0","false",,"841740.589","841740.589","0","false","true",
"C","A","20240101","2024","52","2024","380","ITA","Italy","X","Export","0","W00","World","0","W00","World","H6","HS","true","2204","Wine of fresh grapes, including fortified wines; grape must other than that of heading no. 2009","4","false","C00","TOTAL CPC","0","0","TOTAL MOT","7","l","2137744670.505","true","-1","N/A","0","false","2141852924.766","true","0","false",,"8462994232.636","8462994232.636","6","false","true",
"C","A","20240101","2024","52","2024","380","ITA","Italy","X","Export","8","ALB","Albania","0","W00","World","H6","HS","true","2204","Wine of fresh grapes, including fortified wines; grape must other than that of heading no. 2009","4","false","C00","TOTAL CPC","0","0","TOTAL MOT","7","l","4596907","false","7","l","4596907","false","4597069","false","0","false",,"20146656.421","20146656.421","0","false","true",
"C","A","20240101","2024","52","2024","380","ITA","Italy","X","Export","20","AND","Andorra","0","W00","World","H6","HS","true","2204","Wine of fresh grapes, including fortified wines; grape must other than that of heading no. 2009","4","false","C00","TOTAL CPC","0","0","TOTAL MOT","7","l","2982","false","7","l","2982","false","2989","false","0","false",,"77971.331","77971.331","0","false","true",
"C","A","20240101","2024","52","2024","380","ITA","Italy","X","Export","24","AGO","Angola","0","W00","World","H6","HS","true","2204","Wine of fresh grapes, including fortified wines; grape must other than that of heading no. 2009","4","false","C00","TOTAL CPC","0","0","TOTAL MOT","7","l","301936","false","7","l","301936","false","302509","false","0","false",,"1153202.156","1153202.156","0","false","true",
"C","A","20240101","2024","52","2024","380","ITA","Italy","X","Export","28","ATG","Antigua and Barbuda","0","W00","World","H6","HS","true","2204","Wine of fresh grapes, including fortified wines; grape must other than that of heading no. 2009","4","false","C00","TOTAL CPC","0","0","TOTAL MOT","7","l","128251","false","7","l","128251","false","128251","false","0","false",,"643131.185","643131.185","0","false","true",
"C","A","20240101","2024","52","2024","380","ITA","Italy","X","Export","31","AZE","Azerbaijan","0","W00","World","H6","HS","true","2204","Wine of fresh grapes, including fortified wines; grape must other than that of heading no. 2009","4","false","C00","TOTAL CPC","0","0","TOTAL MOT","7","l","248498","false","7","l","248498","false","248610","false","0","false",,"1795825.122","1795825.122","0","false","true",
"C","A","20240101","2024","52","2024","380","ITA","Italy","X","Export","32","ARG","Argentina","0","W00","World","H6","HS","true","2204","Wine of fresh grapes, including fortified wines; grape must other than that of heading no. 2009","4","false","C00","TOTAL CPC","0","0","TOTAL MOT","7","l","65426","false","7","l","65426","false","65426","false","0","false",,"702019.665","702019.665","0","false","true",
"C","A","20240101","2024","52","2024","380","ITA","Italy","X","Export","36","AUS","Australia","0","W00","World","H6","HS","true","2204","Wine of fresh grapes, including fortified wines; grape must other than that of heading no. 2009","4","false","C00","TOTAL CPC","0","0","TOTAL MOT","7","l","13674387","false","7","l","13674387","false","13673206","false","0","false",,"75674582.732","75674582.732","0","false","true",
"C","A","20240101","2024","52","2024","380","ITA","Italy","X","Export","40","AUT","Austria","0","W00","World","H6","HS","true","2204","Wine of fresh grapes, including fortified wines; grape must other than that of heading no. 2009","4","false","C00","TOTAL CPC","0","0","TOTAL MOT","7","l","53988950","true","-1","N/A","0","false","54373569","false","0","false",,"173098603.282","173098603.282","2","false","true",
"C","A","20240101","2024","52","2024","380","ITA","Italy","X","Export","44","BHS","Bahamas","0","W00","World","H6","HS","true","2204","Wine of fresh grapes, including fortified wines; grape must other than that of heading no. 2009","4","false","C00","TOTAL CPC","0","0","TOTAL MOT","7","l","334273","false","7","l","334273","false","334264","false","0","false",,"1863562.905","1863562.905","0","false","true",
"C","A","20240101","2024","52","2024","380","ITA","Italy","X","Export","48","BHR","Bahrain","0","W00","World","H6","HS","true","2204","Wine of fresh grapes, including fortified wines; grape must other than that of heading no. 2009","4","false","C00","TOTAL CPC","0","0","TOTAL MOT","7","l","90492","false","7","l","90492","false","90523","false","0","false",,"594323.264","594323.264","0","false","true",
"C","A","20240101","2024","52","2024","380","ITA","Italy","X","Export","51","ARM","Armenia","0","W00","World","H6","HS","true","2204","Wine of fresh grapes, including fortified wines; grape must other than that of heading no. 2009","4","false","C00","TOTAL CPC","0","0","TOTAL MOT","7","l","266247","false","7","l","266247","false","266271","false","0","false",,"1749082.111","1749082.111","0","false","true",
"C","A","20240101","2024","52","2024","380","ITA","Italy","X","Export","52","BRB","Barbados","0","W00","World","H6","HS","true","2204","Wine of fresh grapes, including fortified wines; grape must other than that of heading no. 2009","4","false","C00","TOTAL CPC","0","0","TOTAL MOT","7","l","170351","false","7","l","170351","false","170351","false","0","false",,"1230375.006","1230375.006","0","false","true",
"C","A","20240101","2024","52","2024","380","ITA","Italy","X","Export","56","BEL","Belgium","0","W00","World","H6","HS","true","2204","Wine of fresh grapes, including fortified wines; grape must other than that of heading no. 2009","4","false","C00","TOTAL CPC","0","0","TOTAL MOT","7","l","56636304","false","7","l","56636304","false","57562080","false","0","false",,"242935030.09","242935030.09","0","false","true",
"C","A","20240101","2024","52","2024","380","ITA","Italy","X","Export","60","BMU","Bermuda","0","W00","World","H6","HS","true","2204","Wine of fresh grapes, including fortified wines; grape must other than that of heading no. 2009","4","false","C00","TOTAL CPC","0","0","TOTAL MOT","7","l","193203","false","7","l","193203","false","193203","false","0","false",,"2086810.578","2086810.578","0","false","true",
"C","A","20240101","2024","52","2024","380","ITA","Italy","X","Export","68","BOL","Bolivia (Plurinational State of)","0","W00","World","H6","HS","true","2204","Wine of fresh grapes, including fortified wines; grape must other than that of heading no. 2009","4","false","C00","TOTAL CPC","0","0","TOTAL MOT","7","l","833","false","7","l","833","false","833","false","0","false",,"3233.742","3233.742","0","false","true",
"C","A","20240101","2024","52","2024","380","ITA","Italy","X","Export","70","BIH","Bosnia Herzegovina","0","W00","World","H6","HS","true","2204","Wine of fresh grapes, including fortified wines; grape must other than that of heading no. 2009","4","false","C00","TOTAL CPC","0","0","TOTAL MOT","7","l","114271","false","7","l","114271","false","114260","false","0","false",,"601373.115","601373.115","0","false","true",
"C","A","20240101","2024","52","2024","380","ITA","Italy","X","Export","72","BWA","Botswana","0","W00","World","H6","HS","true","2204","Wine of fresh grapes, including fortified wines; grape must other than that of heading no. 2009","4","false","C00","TOTAL CPC","0","0","TOTAL MOT","7","l","3438","false","7","l","3438","false","3438","false","0","false",,"37753.888","37753.888","0","false","true",
"C","A","20240101","2024","52","2024","380","ITA","Italy","X","Export","76","BRA","Brazil","0","W00","World","H6","HS","true","2204","Wine of fresh grapes, including fortified wines; grape must other than that of heading no. 2009","4","false","C00","TOTAL CPC","0","0","TOTAL MOT","7","l","11039210","false","7","l","11039210","false","11023668","false","0","false",,"43288854.242","43288854.242","0","false","true",
"C","A","20240101","2024","52","2024","380","ITA","Italy","X","Export","84","BLZ","Belize","0","W00","World","H6","HS","true","2204","Wine of fresh grapes, including fortified wines; grape must other than that of heading no. 2009","4","false","C00","TOTAL CPC","0","0","TOTAL MOT","7","l","45234","false","7","l","45234","false","45234","false","0","false",,"245133.59","245133.59","0","false","true",
"C","A","20240101","2024","52","2024","380","ITA","Italy","X","Export","92","VGB","Br. Virgin Isds","0","W00","World","H6","HS","true","2204","Wine of fresh grapes, including fortified wines; grape must other than that of heading no. 2009","4","false","C00","TOTAL CPC","0","0","TOTAL MOT","7","l","29958","false","7","l","29958","false","29958","false","0","false",,"231358.226","231358.226","0","false","true",
"C","A","20240101","2024","52","2024","380","ITA","Italy","X","Export","100","BGR","Bulgaria","0","W00","World","H6","HS","true","2204","Wine of fresh grapes, including fortified wines; grape must other than that of heading no. 2009","4","false","C00","TOTAL CPC","0","0","TOTAL MOT","7","l","5015594","false","7","l","5015594","false","5033780","false","0","false",,"17602114.133","17602114.133","0","false","true",
"C","A","20240101","2024","52","2024","380","ITA","Italy","X","Export","104","MMR","Myanmar","0","W00","World","H6","HS","true","2204","Wine of fresh grapes, including fortified wines; grape must other than that of heading no. 2009","4","false","C00","TOTAL CPC","0","0","TOTAL MOT","7","l","16225","false","7","l","16225","false","16225","false","0","false",,"122288.06","122288.06","0","false","true",
"C","A","20240101","2024","52","2024","380","ITA","Italy","X","Export","108","BDI","Burundi","0","W00","World","H6","HS","true","2204","Wine of fresh grapes, including fortified wines; grape must other than that of heading no. 2009","4","false","C00","TOTAL CPC","0","0","TOTAL MOT","7","l","7772","false","7","l","7772","false","7772","false","0","false",,"21003.606","21003.606","0","false","true",
"C","A","20240101","2024","52","2024","380","ITA","Italy","X","Export","112","BLR","Belarus","0","W00","World","H6","HS","true","2204","Wine of fresh grapes, including fortified wines; grape must other than that of heading no. 2009","4","false","C00","TOTAL CPC","0","0","TOTAL MOT","7","l","3516842","false","7","l","3516842","false","3516737","false","0","false",,"10274261.018","10274261.018","0","false","true",
"C","A","20240101","2024","52","2024","380","ITA","Italy","X","Export","116","KHM","Cambodia","0","W00","World","H6","HS","true","2204","Wine of fresh grapes, including fortified wines; grape must other than that of heading no. 2009","4","false","C00","TOTAL CPC","0","0","TOTAL MOT","7","l","231803","false","7","l","231803","false","231810","false","0","false",,"932577.314","932577.314","0","false","true",
"C","A","20240101","2024","52","2024","380","ITA","Italy","X","Export","120","CMR","Cameroon","0","W00","World","H6","HS","true","2204","Wine of fresh grapes, including fortified wines; grape must other than that of heading no. 2009","4","false","C00","TOTAL CPC","0","0","TOTAL MOT","7","l","691369","false","7","l","691369","false","691291","false","0","false",,"1879578.627","1879578.627","0","false","true",
"C","A","20240101","2024","52","2024","380","ITA","Italy","X","Export","124","CAN","Canada","0","W00","World","H6","HS","true","2204","Wine of fresh grapes, including fortified wines; grape must other than that of heading no. 2009","4","false","C00","TOTAL CPC","0","0","TOTAL MOT","7","l","73496792","false","7","l","73496792","false","73504154","false","0","false",,"468334860.201","468334860.201","0","false","true",
"C","A","20240101","2024","52","2024","380","ITA","Italy","X","Export","132","CPV","Cabo Verde","0","W00","World","H6","HS","true","2204","Wine of fresh grapes, including fortified wines; grape must other than that of heading no. 2009","4","false","C00","TOTAL CPC","0","0","TOTAL MOT","7","l","37756","false","7","l","37756","false","37756","false","0","false",,"126496.494","126496.494","0","false","true",
"C","A","20240101","2024","52","2024","380","ITA","Italy","X","Export","136","CYM","Cayman Isds","0","W00","World","H6","HS","true","2204","Wine of fresh grapes, including fortified wines; grape must other than that of heading no. 2009","4","false","C00","TOTAL CPC","0","0","TOTAL MOT","7","l","249582","false","7","l","249582","false","249572","false","0","false",,"2263794.57","2263794.57","0","false","true",
"C","A","20240101","2024","52","2024","380","ITA","Italy","X","Export","144","LKA","Sri Lanka","0","W00","World","H6","HS","true","2204","Wine of fresh grapes, including fortified wines; grape must other than that of heading no. 2009","4","false","C00","TOTAL CPC","0","0","TOTAL MOT","7","l","275477","false","7","l","275477","false","275446","false","0","false",,"1315621.733","1315621.733","0","false","true",
"C","A","20240101","2024","52","2024","380","ITA","Italy","X","Export","152","CHL","Chile","0","W00","World","H6","HS","true","2204","Wine of fresh grapes, including fortified wines; grape must other than that of heading no. 2009","4","false","C00","TOTAL CPC","0","0","TOTAL MOT","7","l","631402","false","7","l","631402","false","644323","false","0","false",,"3689551.109","3689551.109","0","false","true",
"C","A","20240101","2024","52","2024","380","ITA","Italy","X","Export","156","CHN","China","0","W00","World","H6","HS","true","2204","Wine of fresh grapes, including fortified wines; grape must other than that of heading no. 2009","4","false","C00","TOTAL CPC","0","0","TOTAL MOT","7","l","15731994","false","7","l","15731994","false","15746449","false","0","false",,"93714542.107","93714542.107","0","false","true",
"C","A","20240101","2024","52","2024","380","ITA","Italy","X","Export","170","COL","Colombia","0","W00","World","H6","HS","true","2204","Wine of fresh grapes, including fortified wines; grape must other than that of heading no. 2009","4","false","C00","TOTAL CPC","0","0","TOTAL MOT","7","l","2609920","false","7","l","2609920","false","2610856","false","0","false",,"7921343.999","7921343.999","0","false","true",
"C","A","20240101","2024","52","2024","380","ITA","Italy","X","Export","178","COG","Congo","0","W00","World","H6","HS","true","2204","Wine of fresh grapes, including fortified wines; grape must other than that of heading no. 2009","4","false","C00","TOTAL CPC","0","0","TOTAL MOT","7","l","39471","false","7","l","39471","false","39478","false","0","false",,"251060.371","251060.371","0","false","true",
"C","A","20240101","2024","52","2024","380","ITA","Italy","X","Export","180","COD","Dem. Rep. of the Congo","0","W00","World","H6","HS","true","2204","Wine of fresh grapes, including fortified wines; grape must other than that of heading no. 2009","4","false","C00","TOTAL CPC","0","0","TOTAL MOT","7","l","12851","false","7","l","12851","false","12874","false","0","false",,"131635.105","131635.105","0","false","true",
"C","A","20240101","2024","52","2024","380","ITA","Italy","X","Export","184","COK","Cook Isds","0","W00","World","H6","HS","true","2204","Wine of fresh grapes, including fortified wines; grape must other than that of heading no. 2009","4","false","C00","TOTAL CPC","0","0","TOTAL MOT","7","l","500","false","7","l","500","false","500","false","0","false",,"2578.82","2578.82","0","false","true",
"C","A","20240101","2024","52","2024","380","ITA","Italy","X","Export","188","CRI","Costa Rica","0","W00","World","H6","HS","true","2204","Wine of fresh grapes, including fortified wines; grape must other than that of heading no. 2009","4","false","C00","TOTAL CPC","0","0","TOTAL MOT","7","l","1154927","false","7","l","1154927","false","1155155","false","0","false",,"5092177.903","5092177.903","0","false","true",
"C","A","20240101","2024","52","2024","380","ITA","Italy","X","Export","191","HRV","Croatia","0","W00","World","H6","HS","true","2204","Wine of fresh grapes, including fortified wines; grape must other than that of heading no. 2009","4","false","C00","TOTAL CPC","0","0","TOTAL MOT","7","l","7890114","false","7","l","7890114","false","7939134","false","0","false",,"16257919.992","16257919.992","0","false","true",
"C","A","20240101","2024","52","2024","380","ITA","Italy","X","Export","192","CUB","Cuba","0","W00","World","H6","HS","true","2204","Wine of fresh grapes, including fortified wines; grape must other than that of heading no. 2009","4","false","C00","TOTAL CPC","0","0","TOTAL MOT","7","l","71103","false","7","l","71103","false","71102","false","0","false",,"334826.451","334826.451","0","false","true",
"C","A","20240101","2024","52","2024","380","ITA","Italy","X","Export","196","CYP","Cyprus","0","W00","World","H6","HS","true","2204","Wine of fresh grapes, including fortified wines; grape must other than that of heading no. 2009","4","false","C00","TOTAL CPC","0","0","TOTAL MOT","7","l","2620385","false","7","l","2620385","false","2617714","false","0","false",,"12527541.578","12527541.578","0","false","true",
"C","A","20240101","2024","52","2024","380","ITA","Italy","X","Export","203","CZE","Czechia","0","W00","World","H6","HS","true","2204","Wine of fresh grapes, including fortified wines; grape must other than that of heading no. 2009","4","false","C00","TOTAL CPC","0","0","TOTAL MOT","7","l","36121911","false","7","l","36121911","false","36580856","false","0","false",,"110195299.949","110195299.949","0","false","true",
"C","A","20240101","2024","52","2024","380","ITA","Italy","X","Export","204","BEN","Benin","0","W00","World","H6","HS","true","2204","Wine of fresh grapes, including fortified wines; grape must other than that of heading no. 2009","4","false","C00","TOTAL CPC","0","0","TOTAL MOT","7","l","55997","false","7","l","55997","false","56237","false","0","false",,"143654.232","143654.232","0","false","true",
"C","A","20240101","2024","52","2024","380","ITA","Italy","X","Export","208","DNK","Denmark","0","W00","World","H6","HS","true","2204","Wine of fresh grapes, including fortified wines; grape must other than that of heading no. 2009","4","false","C00","TOTAL CPC","0","0","TOTAL MOT","7","l","40849267","false","7","l","40849267","false","39857421","false","0","false",,"157916619.334","157916619.334","0","false","true",
"C","A","20240101","2024","52","2024","380","ITA","Italy","X","Export","212","DMA","Dominica","0","W00","World","H6","HS","true","2204","Wine of fresh grapes, including fortified wines; grape must other than that of heading no. 2009","4","false","C00","TOTAL CPC","0","0","TOTAL MOT","7","l","225","false","7","l","225","false","225","false","0","false",,"2078.984","2078.984","0","false","true",
"C","A","20240101","2024","52","2024","380","ITA","Italy","X","Export","214","DOM","Dominican Rep.","0","W00","World","H6","HS","true","2204","Wine of fresh grapes, including fortified wines; grape must other than that of heading no. 2009","4","false","C00","TOTAL CPC","0","0","TOTAL MOT","7","l","1042286","false","7","l","1042286","false","1042370","false","0","false",,"5849785.241","5849785.241","0","false","true",
"C","A","20240101","2024","52","2024","380","ITA","Italy","X","Export","218","ECU","Ecuador","0","W00","World","H6","HS","true","2204","Wine of fresh grapes, including fortified wines; grape must other than that of heading no. 2009","4","false","C00","TOTAL CPC","0","0","TOTAL MOT","7","l","3759907","false","7","l","3759907","false","3760381","false","0","false",,"7132788.72","7132788.72","0","false","true",
"C","A","20240101","2024","52","2024","380","ITA","Italy","X","Export","222","SLV","El Salvador","0","W00","World","H6","HS","true","2204","Wine of fresh grapes, including fortified wines; grape must other than that of heading no. 2009","4","false","C00","TOTAL CPC","0","0","TOTAL MOT","7","l","170234","false","7","l","170234","false","170309","false","0","false",,"683442.937","683442.937","0","false","true",
"C","A","20240101","2024","52","2024","380","ITA","Italy","X","Export","226","GNQ","Equatorial Guinea","0","W00","World","H6","HS","true","2204","Wine of fresh grapes, including fortified wines; grape must other than that of heading no. 2009","4","false","C00","TOTAL CPC","0","0","TOTAL MOT","7","l","7735","false","7","l","7735","false","7735","false","0","false",,"17357.001","17357.001","0","false","true",
"C","A","20240101","2024","52","2024","380","ITA","Italy","X","Export","231","ETH","Ethiopia","0","W00","World","H6","HS","true","2204","Wine of fresh grapes, including fortified wines; grape must other than that of heading no. 2009","4","false","C00","TOTAL CPC","0","0","TOTAL MOT","7","l","39600","false","7","l","39600","false","39600","false","0","false",,"239199.474","239199.474","0","false","true",
"C","A","20240101","2024","52","2024","380","ITA","Italy","X","Export","232","ERI","Eritrea","0","W00","World","H6","HS","true","2204","Wine of fresh grapes, including fortified wines; grape must other than that of heading no. 2009","4","false","C00","TOTAL CPC","0","0","TOTAL MOT","7","l","12692","false","7","l","12692","false","12692","false","0","false",,"50694.097","50694.097","0","false","true",
"C","A","20240101","2024","52","2024","380","ITA","Italy","X","Export","233","EST","Estonia","0","W00","World","H6","HS","true","2204","Wine of fresh grapes, including fortified wines; grape must other than that of heading no. 2009","4","false","C00","TOTAL CPC","0","0","TOTAL MOT","7","l","5370725","false","7","l","5370725","false","5549332","false","0","false",,"23081626.455","23081626.455","0","false","true",
"C","A","20240101","2024","52","2024","380","ITA","Italy","X","Export","242","FJI","Fiji","0","W00","World","H6","HS","true","2204","Wine of fresh grapes, including fortified wines; grape must other than that of heading no. 2009","4","false","C00","TOTAL CPC","0","0","TOTAL MOT","7","l","24553","false","7","l","24553","false","24553","false","0","false",,"193571.853","193571.853","0","false","true",
"C","A","20240101","2024","52","2024","380","ITA","Italy","X","Export","246","FIN","Finland","0","W00","World","H6","HS","true","2204","Wine of fresh grapes, including fortified wines; grape must other than that of heading no. 2009","4","false","C00","TOTAL CPC","0","0","TOTAL MOT","7","l","10533292","false","7","l","10533292","false","10191711","false","0","false",,"49453410.654","49453410.654","0","false","true",
"C","A","20240101","2024","52","2024","380","ITA","Italy","X","Export","251","FRA","France","0","W00","World","H6","HS","true","2204","Wine of fresh grapes, including fortified wines; grape must other than that of heading no. 2009","4","false","C00","TOTAL CPC","0","0","TOTAL MOT","7","l","89201208","false","7","l","89201208","false","89816056","false","0","false",,"313332801.44","313332801.44","0","false","true",
"C","A","20240101","2024","52","2024","380","ITA","Italy","X","Export","258","PYF","French Polynesia","0","W00","World","H6","HS","true","2204","Wine of fresh grapes, including fortified wines; grape must other than that of heading no. 2009","4","false","C00","TOTAL CPC","0","0","TOTAL MOT","7","l","3178","false","7","l","3178","false","3178","false","0","false",,"32754.477","32754.477","0","false","true",
"C","A","20240101","2024","52","2024","380","ITA","Italy","X","Export","262","DJI","Djibouti","0","W00","World","H6","HS","true","2204","Wine of fresh grapes, including fortified wines; grape must other than that of heading no. 2009","4","false","C00","TOTAL CPC","0","0","TOTAL MOT","7","l","4758","false","7","l","4758","false","4758","false","0","false",,"47998.962","47998.962","0","false","true",
"C","A","20240101","2024","52","2024","380","ITA","Italy","X","Export","266","GAB","Gabon","0","W00","World","H6","HS","true","2204","Wine of fresh grapes, including fortified wines; grape must other than that of heading no. 2009","4","false","C00","TOTAL CPC","0","0","TOTAL MOT","7","l","26609","false","7","l","26609","false","26609","false","0","false",,"131783.904","131783.904","0","false","true",
"C","A","20240101","2024","52","2024","380","ITA","Italy","X","Export","268","GEO","Georgia","0","W00","World","H6","HS","true","2204","Wine of fresh grapes, including fortified wines; grape must other than that of heading no. 2009","4","false","C00","TOTAL CPC","0","0","TOTAL MOT","7","l","326933","false","7","l","326933","false","327477","false","0","false",,"2267925.293","2267925.293","0","false","true",
"C","A","20240101","2024","52","2024","380","ITA","Italy","X","Export","276","DEU","Germany","0","W00","World","H6","HS","true","2204","Wine of fresh grapes, including fortified wines; grape must other than that of heading no. 2009","4","false","C00","TOTAL CPC","0","0","TOTAL MOT","7","l","488612404","false","7","l","488612404","false","489792768","false","0","false",,"1188202718.906","1188202718.906","0","false","true",
"C","A","20240101","2024","52","2024","380","ITA","Italy","X","Export","288","GHA","Ghana","0","W00","World","H6","HS","true","2204","Wine of fresh grapes, including fortified wines; grape must other than that of heading no. 2009","4","false","C00","TOTAL CPC","0","0","TOTAL MOT","7","l","405963","false","7","l","405963","false","405982","false","0","false",,"1293913.954","1293913.954","0","false","true",
"C","A","20240101","2024","52","2024","380","ITA","Italy","X","Export","292","GIB","Gibraltar","0","W00","World","H6","HS","true","2204","Wine of fresh grapes, including fortified wines; grape must other than that of heading no. 2009","4","false","C00","TOTAL CPC","0","0","TOTAL MOT","7","l","17486","false","7","l","17486","false","17486","false","0","false",,"112947.303","112947.303","0","false","true",
"C","A","20240101","2024","52","2024","380","ITA","Italy","X","Export","300","GRC","Greece","0","W00","World","H6","HS","true","2204","Wine of fresh grapes, including fortified wines; grape must other than that of heading no. 2009","4","false","C00","TOTAL CPC","0","0","TOTAL MOT","7","l","12498146","false","7","l","12498146","false","11957699","false","0","false",,"33640104.024","33640104.024","0","false","true",
"C","A","20240101","2024","52","2024","380","ITA","Italy","X","Export","308","GRD","Grenada","0","W00","World","H6","HS","true","2204","Wine of fresh grapes, including fortified wines; grape must other than that of heading no. 2009","4","false","C00","TOTAL CPC","0","0","TOTAL MOT","7","l","24665","false","7","l","24665","false","24665","false","0","false",,"112866.616","112866.616","0","false","true",
"C","A","20240101","2024","52","2024","380","ITA","Italy","X","Export","316","GUM","Guam","0","W00","World","H6","HS","true","2204","Wine of fresh grapes, including fortified wines; grape must other than that of heading no. 2009","4","false","C00","TOTAL CPC","0","0","TOTAL MOT","7","l","22879","false","7","l","22879","false","22879","false","0","false",,"130222.57","130222.57","0","false","true",
"C","A","20240101","2024","52","2024","380","ITA","Italy","X","Export","320","GTM","Guatemala","0","W00","World","H6","HS","true","2204","Wine of fresh grapes, including fortified wines; grape must other than that of heading no. 2009","4","false","C00","TOTAL CPC","0","0","TOTAL MOT","7","l","522620","false","7","l","522620","false","521891","false","0","false",,"2868560.956","2868560.956","0","false","true",
"C","A","20240101","2024","52","2024","380","ITA","Italy","X","Export","324","GIN","Guinea","0","W00","World","H6","HS","true","2204","Wine of fresh grapes, including fortified wines; grape must other than that of heading no. 2009","4","false","C00","TOTAL CPC","0","0","TOTAL MOT","7","l","324","false","7","l","324","false","324","false","0","false",,"1798.153","1798.153","0","false","true",
"C","A","20240101","2024","52","2024","380","ITA","Italy","X","Export","328","GUY","Guyana","0","W00","World","H6","HS","true","2204","Wine of fresh grapes, including fortified wines; grape must other than that of heading no. 2009","4","false","C00","TOTAL CPC","0","0","TOTAL MOT","7","l","19591","false","7","l","19591","false","19591","false","0","false",,"119664.181","119664.181","0","false","true",
"C","A","20240101","2024","52","2024","380","ITA","Italy","X","Export","332","HTI","Haiti","0","W00","World","H6","HS","true","2204","Wine of fresh grapes, including fortified wines; grape must other than that of heading no. 2009","4","false","C00","TOTAL CPC","0","0","TOTAL MOT","7","l","4551","false","7","l","4551","false","4551","false","0","false",,"65796.071","65796.071","0","false","true",
"C","A","20240101","2024","52","2024","380","ITA","Italy","X","Export","336","VAT","Holy See (Vatican City State)","0","W00","World","H6","HS","true","2204","Wine of fresh grapes, including fortified wines; grape must other than that of heading no. 2009","4","false","C00","TOTAL CPC","0","0","TOTAL MOT","7","l","54237","false","7","l","54237","false","54969","false","0","false",,"276112.967","276112.967","0","false","true",
"C","A","20240101","2024","52","2024","380","ITA","Italy","X","Export","340","HND","Honduras","0","W00","World","H6","HS","true","2204","Wine of fresh grapes, including fortified wines; grape must other than that of heading no. 2009","4","false","C00","TOTAL CPC","0","0","TOTAL MOT","7","l","178745","false","7","l","178745","false","178745","false","0","false",,"655398.658","655398.658","0","false","true",
"C","A","20240101","2024","52","2024","380","ITA","Italy","X","Export","344","HKG","China, Hong Kong SAR","0","W00","World","H6","HS","true","2204","Wine of fresh grapes, including fortified wines; grape must other than that of heading no. 2009","4","false","C00","TOTAL CPC","0","0","TOTAL MOT","7","l","2599664.501","true","-1","N/A","0","false","2602502","true","0","false",,"23382180.058","23382180.058","6","false","true",
"C","A","20240101","2024","52","2024","380","ITA","Italy","X","Export","348","HUN","Hungary","0","W00","World","H6","HS","true","2204","Wine of fresh grapes, including fortified wines; grape must other than that of heading no. 2009","4","false","C00","TOTAL CPC","0","0","TOTAL MOT","7","l","3855361","false","7","l","3855361","false","3889201","false","0","false",,"16786331.919","16786331.919","0","false","true",
"C","A","20240101","2024","52","2024","380","ITA","Italy","X","Export","352","ISL","Iceland","0","W00","World","H6","HS","true","2204","Wine of fresh grapes, including fortified wines; grape must other than that of heading no. 2009","4","false","C00","TOTAL CPC","0","0","TOTAL MOT","7","l","1704695","false","7","l","1704695","false","1705220","false","0","false",,"8847956.808","8847956.808","0","false","true",
"C","A","20240101","2024","52","2024","380","ITA","Italy","X","Export","360","IDN","Indonesia","0","W00","World","H6","HS","true","2204","Wine of fresh grapes, including fortified wines; grape must other than that of heading no. 2009","4","false","C00","TOTAL CPC","0","0","TOTAL MOT","7","l","575103","false","7","l","575103","false","575084","false","0","false",,"4384169.633","4384169.633","0","false","true",
"C","A","20240101","2024","52","2024","380","ITA","Italy","X","Export","364","IRN","Iran","0","W00","World","H6","HS","true","2204","Wine of fresh grapes, including fortified wines; grape must other than that of heading no. 2009","4","false","C00","TOTAL CPC","0","0","TOTAL MOT","7","l","156","false","7","l","156","false","156","false","0","false",,"1404.152","1404.152","0","false","true",
"C","A","20240101","2024","52","2024","380","ITA","Italy","X","Export","368","IRQ","Iraq","0","W00","World","H6","HS","true","2204","Wine of fresh grapes, including fortified wines; grape must other than that of heading no. 2009","4","false","C00","TOTAL CPC","0","0","TOTAL MOT","7","l","40796","false","7","l","40796","false","40812","false","0","false",,"283294.054","283294.054","0","false","true",
"C","A","20240101","2024","52","2024","380","ITA","Italy","X","Export","372","IRL","Ireland","0","W00","World","H6","HS","true","2204","Wine of fresh grapes, including fortified wines; grape must other than that of heading no. 2009","4","false","C00","TOTAL CPC","0","0","TOTAL MOT","7","l","16068140","false","7","l","16068140","false","16019245","false","0","false",,"61159781.844","61159781.844","0","false","true",
"C","A","20240101","2024","52","2024","380","ITA","Italy","X","Export","376","ISR","Israel","0","W00","World","H6","HS","true","2204","Wine of fresh grapes, including fortified wines; grape must other than that of heading no. 2009","4","false","C00","TOTAL CPC","0","0","TOTAL MOT","7","l","3618293","false","7","l","3618293","false","3616187","false","0","false",,"18049654.545","18049654.545","0","false","true",
"C","A","20240101","2024","52","2024","380","ITA","Italy","X","Export","384","CIV","Côte d'Ivoire","0","W00","World","H6","HS","true","2204","Wine of fresh grapes, including fortified wines; grape must other than that of heading no. 2009","4","false","C00","TOTAL CPC","0","0","TOTAL MOT","7","l","301913","false","7","l","301913","false","301942","false","0","false",,"497178.964","497178.964","0","false","true",
"C","A","20240101","2024","52","2024","380","ITA","Italy","X","Export","388","JAM","Jamaica","0","W00","World","H6","HS","true","2204","Wine of fresh grapes, including fortified wines; grape must other than that of heading no. 2009","4","false","C00","TOTAL CPC","0","0","TOTAL MOT","7","l","215918","false","7","l","215918","false","215907","false","0","false",,"1201717.72","1201717.72","0","false","true",
"C","A","20240101","2024","52","2024","380","ITA","Italy","X","Export","392","JPN","Japan","0","W00","World","H6","HS","true","2204","Wine of fresh grapes, including fortified wines; grape must other than that of heading no. 2009","4","false","C00","TOTAL CPC","0","0","TOTAL MOT","7","l","44739914","false","7","l","44739914","false","44745853","false","0","false",,"192924049.34","192924049.34","0","false","true",
"C","A","20240101","2024","52","2024","380","ITA","Italy","X","Export","398","KAZ","Kazakhstan","0","W00","World","H6","HS","true","2204","Wine of fresh grapes, including fortified wines; grape must other than that of heading no. 2009","4","false","C00","TOTAL CPC","0","0","TOTAL MOT","7","l","2059507","false","7","l","2059507","false","2072576","false","0","false",,"8625421.072","8625421.072","0","false","true",
"C","A","20240101","2024","52","2024","380","ITA","Italy","X","Export","400","JOR","Jordan","0","W00","World","H6","HS","true","2204","Wine of fresh grapes, including fortified wines; grape must other than that of heading no. 2009","4","false","C00","TOTAL CPC","0","0","TOTAL MOT","7","l","148659","false","7","l","148659","false","148670","false","0","false",,"854155.397","854155.397","0","false","true",
"C","A","20240101","2024","52","2024","380","ITA","Italy","X","Export","404","KEN","Kenya","0","W00","World","H6","HS","true","2204","Wine of fresh grapes, including fortified wines; grape must other than that of heading no. 2009","4","false","C00","TOTAL CPC","0","0","TOTAL MOT","7","l","459346","false","7","l","459346","false","459281","false","0","false",,"2180948.525","2180948.525","0","false","true",
"C","A","20240101","2024","52","2024","380","ITA","Italy","X","Export","410","KOR","Rep. of Korea","0","W00","World","H6","HS","true","2204","Wine of fresh grapes, including fortified wines; grape must other than that of heading no. 2009","4","false","C00","TOTAL CPC","0","0","TOTAL MOT","7","l","7900087","false","7","l","7900087","false","7901704","false","0","false",,"52958330.38","52958330.38","0","false","true",
"C","A","20240101","2024","52","2024","380","ITA","Italy","X","Export","414","KWT","Kuwait","0","W00","World","H6","HS","true","2204","Wine of fresh grapes, including fortified wines; grape must other than that of heading no. 2009","4","false","C00","TOTAL CPC","0","0","TOTAL MOT","7","l","12778","false","7","l","12778","false","12772","false","0","false",,"280137.855","280137.855","0","false","true",
"C","A","20240101","2024","52","2024","380","ITA","Italy","X","Export","417","KGZ","Kyrgyzstan","0","W00","World","H6","HS","true","2204","Wine of fresh grapes, including fortified wines; grape must other than that of heading no. 2009","4","false","C00","TOTAL CPC","0","0","TOTAL MOT","7","l","103170","false","7","l","103170","false","103170","false","0","false",,"1584019.196","1584019.196","0","false","true",
"C","A","20240101","2024","52","2024","380","ITA","Italy","X","Export","418","LAO","Lao People's Dem. Rep.","0","W00","World","H6","HS","true","2204","Wine of fresh grapes, including fortified wines; grape must other than that of heading no. 2009","4","false","C00","TOTAL CPC","0","0","TOTAL MOT","7","l","118077","false","7","l","118077","false","118077","false","0","false",,"910799.328","910799.328","0","false","true",
"C","A","20240101","2024","52","2024","380","ITA","Italy","X","Export","422","LBN","Lebanon","0","W00","World","H6","HS","true","2204","Wine of fresh grapes, including fortified wines; grape must other than that of heading no. 2009","4","false","C00","TOTAL CPC","0","0","TOTAL MOT","7","l","536555","false","7","l","536555","false","537163","false","0","false",,"2854254.319","2854254.319","0","false","true",
"C","A","20240101","2024","52","2024","380","ITA","Italy","X","Export","428","LVA","Latvia","0","W00","World","H6","HS","true","2204","Wine of fresh grapes, including fortified wines; grape must other than that of heading no. 2009","4","false","C00","TOTAL CPC","0","0","TOTAL MOT","7","l","23207360","false","7","l","23207360","false","23138191","false","0","false",,"85969636.053","85969636.053","0","false","true",
"C","A","20240101","2024","52","2024","380","ITA","Italy","X","Export","430","LBR","Liberia","0","W00","World","H6","HS","true","2204","Wine of fresh grapes, including fortified wines; grape must other than that of heading no. 2009","4","false","C00","TOTAL CPC","0","0","TOTAL MOT","7","l","2130","false","7","l","2130","false","2130","false","0","false",,"20434.61","20434.61","0","false","true",
"C","A","20240101","2024","52","2024","380","ITA","Italy","X","Export","434","LBY","Libya","0","W00","World","H6","HS","true","2204","Wine of fresh grapes, including fortified wines; grape must other than that of heading no. 2009","4","false","C00","TOTAL CPC","0","0","TOTAL MOT","7","l","12495","false","7","l","12495","false","12495","false","0","false",,"47622.775","47622.775","0","false","true",
"C","A","20240101","2024","52","2024","380","ITA","Italy","X","Export","440","LTU","Lithuania","0","W00","World","H6","HS","true","2204","Wine of fresh grapes, including fortified wines; grape must other than that of heading no. 2009","4","false","C00","TOTAL CPC","0","0","TOTAL MOT","7","l","12220574","false","7","l","12220574","false","13070569","false","0","false",,"40347484.835","40347484.835","0","false","true",
"C","A","20240101","2024","52","2024","380","ITA","Italy","X","Export","442","LUX","Luxembourg","0","W00","World","H6","HS","true","2204","Wine of fresh grapes, including fortified wines; grape must other than that of heading no. 2009","4","false","C00","TOTAL CPC","0","0","TOTAL MOT","7","l","3773558","false","7","l","3773558","false","3677224","false","0","false",,"17640624.587","17640624.587","0","false","true",
"C","A","20240101","2024","52","2024","380","ITA","Italy","X","Export","446","MAC","China, Macao SAR","0","W00","World","H6","HS","true","2204","Wine of fresh grapes, including fortified wines; grape must other than that of heading no. 2009","4","false","C00","TOTAL CPC","0","0","TOTAL MOT","7","l","10268","false","7","l","10268","false","10264","false","0","false",,"123650.298","123650.298","0","false","true",
"C","A","20240101","2024","52","2024","380","ITA","Italy","X","Export","450","MDG","Madagascar","0","W00","World","H6","HS","true","2204","Wine of fresh grapes, including fortified wines; grape must other than that of heading no. 2009","4","false","C00","TOTAL CPC","0","0","TOTAL MOT","7","l","29976","false","7","l","29976","false","29977","false","0","false",,"73146.914","73146.914","0","false","true",
"C","A","20240101","2024","52","2024","380","ITA","Italy","X","Export","454","MWI","Malawi","0","W00","World","H6","HS","true","2204","Wine of fresh grapes, including fortified wines; grape must other than that of heading no. 2009","4","false","C00","TOTAL CPC","0","0","TOTAL MOT","7","l","6270","false","7","l","6270","false","6270","false","0","false",,"20966.931","20966.931","0","false","true",
"C","A","20240101","2024","52","2024","380","ITA","Italy","X","Export","458","MYS","Malaysia","0","W00","World","H6","HS","true","2204","Wine of fresh grapes, including fortified wines; grape must other than that of heading no. 2009","4","false","C00","TOTAL CPC","0","0","TOTAL MOT","7","l","563529","false","7","l","563529","false","563805","false","0","false",,"4614256.786","4614256.786","0","false","true",
"C","A","20240101","2024","52","2024","380","ITA","Italy","X","Export","462","MDV","Maldives","0","W00","World","H6","HS","true","2204","Wine of fresh grapes, including fortified wines; grape must other than that of heading no. 2009","4","false","C00","TOTAL CPC","0","0","TOTAL MOT","7","l","472305","false","7","l","472305","false","472291","false","0","false",,"2331129.97","2331129.97","0","false","true",
"C","A","20240101","2024","52","2024","380","ITA","Italy","X","Export","466","MLI","Mali","0","W00","World","H6","HS","true","2204","Wine of fresh grapes, including fortified wines; grape must other than that of heading no. 2009","4","false","C00","TOTAL CPC","0","0","TOTAL MOT","7","l","2498","false","7","l","2498","false","2498","false","0","false",,"13689.439","13689.439","0","false","true",
"C","A","20240101","2024","52","2024","380","ITA","Italy","X","Export","470","MLT","Malta","0","W00","World","H6","HS","true","2204","Wine of fresh grapes, including fortified wines; grape must other than that of heading no. 2009","4","false","C00","TOTAL CPC","0","0","TOTAL MOT","7","l","5197105","false","7","l","5197105","false","5204854","false","0","false",,"19559900.91","19559900.91","0","false","true",
"C","A","20240101","2024","52","2024","380","ITA","Italy","X","Export","480","MUS","Mauritius","0","W00","World","H6","HS","true","2204","Wine of fresh grapes, including fortified wines; grape must other than that of heading no. 2009","4","false","C00","TOTAL CPC","0","0","TOTAL MOT","7","l","149922","false","7","l","149922","false","149898","false","0","false",,"1397884.112","1397884.112","0","false","true",
"C","A","20240101","2024","52","2024","380","ITA","Italy","X","Export","484","MEX","Mexico","0","W00","World","H6","HS","true","2204","Wine of fresh grapes, including fortified wines; grape must other than that of heading no. 2009","4","false","C00","TOTAL CPC","0","0","TOTAL MOT","7","l","18550583","false","7","l","18550583","false","18553086","false","0","false",,"59502853.602","59502853.602","0","false","true",
"C","A","20240101","2024","52","2024","380","ITA","Italy","X","Export","490","S19","Other Asia, nes","0","W00","World","H6","HS","true","2204","Wine of fresh grapes, including fortified wines; grape must other than that of heading no. 2009","4","false","C00","TOTAL CPC","0","0","TOTAL MOT","7","l","2340808","false","7","l","2340808","false","2341422","false","0","false",,"18275562.438","18275562.438","0","false","true",
"C","A","20240101","2024","52","2024","380","ITA","Italy","X","Export","496","MNG","Mongolia","0","W00","World","H6","HS","true","2204","Wine of fresh grapes, including fortified wines; grape must other than that of heading no. 2009","4","false","C00","TOTAL CPC","0","0","TOTAL MOT","7","l","340082","false","7","l","340082","false","340085","false","0","false",,"1852086.578","1852086.578","0","false","true",
"C","A","20240101","2024","52","2024","380","ITA","Italy","X","Export","498","MDA","Rep. of Moldova","0","W00","World","H6","HS","true","2204","Wine of fresh grapes, including fortified wines; grape must other than that of heading no. 2009","4","false","C00","TOTAL CPC","0","0","TOTAL MOT","7","l","1437350","false","7","l","1437350","false","1439011","false","0","false",,"5000614.585","5000614.585","0","false","true",
"C","A","20240101","2024","52","2024","380","ITA","Italy","X","Export","499","MNE","Montenegro","0","W00","World","H6","HS","true","2204","Wine of fresh grapes, including fortified wines; grape must other than that of heading no. 2009","4","false","C00","TOTAL CPC","0","0","TOTAL MOT","7","l","431362","false","7","l","431362","false","431360","false","0","false",,"3027321.354","3027321.354","0","false","true",
"C","A","20240101","2024","52","2024","380","ITA","Italy","X","Export","504","MAR","Morocco","0","W00","World","H6","HS","true","2204","Wine of fresh grapes, including fortified wines; grape must other than that of heading no. 2009","4","false","C00","TOTAL CPC","0","0","TOTAL MOT","7","l","168965","false","7","l","168965","false","168878","false","0","false",,"1148994.937","1148994.937","0","false","true",
"C","A","20240101","2024","52","2024","380","ITA","Italy","X","Export","508","MOZ","Mozambique","0","W00","World","H6","HS","true","2204","Wine of fresh grapes, including fortified wines; grape must other than that of heading no. 2009","4","false","C00","TOTAL CPC","0","0","TOTAL MOT","7","l","160944","false","7","l","160944","false","160943","false","0","false",,"746789.076","746789.076","0","false","true",
"C","A","20240101","2024","52","2024","380","ITA","Italy","X","Export","512","OMN","Oman","0","W00","World","H6","HS","true","2204","Wine of fresh grapes, including fortified wines; grape must other than that of heading no. 2009","4","false","C00","TOTAL CPC","0","0","TOTAL MOT","7","l","11417","false","7","l","11417","false","11445","false","0","false",,"62911.271","62911.271","0","false","true",
"C","A","20240101","2024","52","2024","380","ITA","Italy","X","Export","516","NAM","Namibia","0","W00","World","H6","HS","true","2204","Wine of fresh grapes, including fortified wines; grape must other than that of heading no. 2009","4","false","C00","TOTAL CPC","0","0","TOTAL MOT","7","l","8449","false","7","l","8449","false","8450","false","0","false",,"69067.537","69067.537","0","false","true",
"C","A","20240101","2024","52","2024","380","ITA","Italy","X","Export","524","NPL","Nepal","0","W00","World","H6","HS","true","2204","Wine of fresh grapes, including fortified wines; grape must other than that of heading no. 2009","4","false","C00","TOTAL CPC","0","0","TOTAL MOT","7","l","54369","false","7","l","54369","false","54401","false","0","false",,"296022.592","296022.592","0","false","true",
"C","A","20240101","2024","52","2024","380","ITA","Italy","X","Export","528","NLD","Netherlands","0","W00","World","H6","HS","true","2204","Wine of fresh grapes, including fortified wines; grape must other than that of heading no. 2009","4","false","C00","TOTAL CPC","0","0","TOTAL MOT","7","l","61586347","false","7","l","61586347","false","61455212","false","0","false",,"257730394.269","257730394.269","0","false","true",
"C","A","20240101","2024","52","2024","380","ITA","Italy","X","Export","531","CUW","Curaçao","0","W00","World","H6","HS","true","2204","Wine of fresh grapes, including fortified wines; grape must other than that of heading no. 2009","4","false","C00","TOTAL CPC","0","0","TOTAL MOT","7","l","100776","false","7","l","100776","false","100816","false","0","false",,"480127.942","480127.942","0","false","true",
"C","A","20240101","2024","52","2024","380","ITA","Italy","X","Export","533","ABW","Aruba","0","W00","World","H6","HS","true","2204","Wine of fresh grapes, including fortified wines; grape must other than that of heading no. 2009","4","false","C00","TOTAL CPC","0","0","TOTAL MOT","7","l","281054","false","7","l","281054","false","281054","false","0","false",,"1766253.041","1766253.041","0","false","true",
"C","A","20240101","2024","52","2024","380","ITA","Italy","X","Export","534","SXM","Sint Maarten","0","W00","World","H6","HS","true","2204","Wine of fresh grapes, including fortified wines; grape must other than that of heading no. 2009","4","false","C00","TOTAL CPC","0","0","TOTAL MOT","7","l","127459.125","true","-1","N/A","0","false","131600","false","0","false",,"979008.655","979008.655","2","false","true",
"C","A","20240101","2024","52","2024","380","ITA","Italy","X","Export","535","BES","Bonaire","0","W00","World","H6","HS","true","2204","Wine of fresh grapes, including fortified wines; grape must other than that of heading no. 2009","4","false","C00","TOTAL CPC","0","0","TOTAL MOT","7","l","41458","false","7","l","41458","false","41477","false","0","false",,"255905.745","255905.745","0","false","true",
"C","A","20240101","2024","52","2024","380","ITA","Italy","X","Export","540","NCL","New Caledonia","0","W00","World","H6","HS","true","2204","Wine of fresh grapes, including fortified wines; grape must other than that of heading no. 2009","4","false","C00","TOTAL CPC","0","0","TOTAL MOT","7","l","21362","false","7","l","21362","false","21362","false","0","false",,"88525.528","88525.528","0","false","true",
"C","A","20240101","2024","52","2024","380","ITA","Italy","X","Export","554","NZL","New Zealand","0","W00","World","H6","HS","true","2204","Wine of fresh grapes, including fortified wines; grape must other than that of heading no. 2009","4","false","C00","TOTAL CPC","0","0","TOTAL MOT","7","l","2107478","false","7","l","2107478","false","2107358","false","0","false",,"10585798.814","10585798.814","0","false","true",
"C","A","20240101","2024","52","2024","380","ITA","Italy","X","Export","558","NIC","Nicaragua","0","W00","World","H6","HS","true","2204","Wine of fresh grapes, including fortified wines; grape must other than that of heading no. 2009","4","false","C00","TOTAL CPC","0","0","TOTAL MOT","7","l","73938","false","7","l","73938","false","73959","false","0","false",,"236403.744","236403.744","0","false","true",
"C","A","20240101","2024","52","2024","380","ITA","Italy","X","Export","562","NER","Niger","0","W00","World","H6","HS","true","2204","Wine of fresh grapes, including fortified wines; grape must other than that of heading no. 2009","4","false","C00","TOTAL CPC","0","0","TOTAL MOT","7","l","1641","false","7","l","1641","false","1641","false","0","false",,"7719.695","7719.695","0","false","true",
"C","A","20240101","2024","52","2024","380","ITA","Italy","X","Export","566","NGA","Nigeria","0","W00","World","H6","HS","true","2204","Wine of fresh grapes, including fortified wines; grape must other than that of heading no. 2009","4","false","C00","TOTAL CPC","0","0","TOTAL MOT","7","l","936161","false","7","l","936161","false","935887","false","0","false",,"2396827.541","2396827.541","0","false","true",
"C","A","20240101","2024","52","2024","380","ITA","Italy","X","Export","568","E19","Other Europe, nes","0","W00","World","H6","HS","true","2204","Wine of fresh grapes, including fortified wines; grape must other than that of heading no. 2009","4","false","C00","TOTAL CPC","0","0","TOTAL MOT","7","l","27221","false","7","l","27221","false","26269","false","0","false",,"215505.972","215505.972","0","false","true",
"C","A","20240101","2024","52","2024","380","ITA","Italy","X","Export","579","NOR","Norway","0","W00","World","H6","HS","true","2204","Wine of fresh grapes, including fortified wines; grape must other than that of heading no. 2009","4","false","C00","TOTAL CPC","0","0","TOTAL MOT","7","l","19533323","false","7","l","19533323","false","19547559","false","0","false",,"96616862.347","96616862.347","0","false","true",
"C","A","20240101","2024","52","2024","380","ITA","Italy","X","Export","586","PAK","Pakistan","0","W00","World","H6","HS","true","2204","Wine of fresh grapes, including fortified wines; grape must other than that of heading no. 2009","4","false","C00","TOTAL CPC","0","0","TOTAL MOT","7","l","840","false","7","l","840","false","840","false","0","false",,"11891.285","11891.285","0","false","true",
"C","A","20240101","2024","52","2024","380","ITA","Italy","X","Export","591","PAN","Panama","0","W00","World","H6","HS","true","2204","Wine of fresh grapes, including fortified wines; grape must other than that of heading no. 2009","4","false","C00","TOTAL CPC","0","0","TOTAL MOT","7","l","719067","false","7","l","719067","false","718993","false","0","false",,"3786946.899","3786946.899","0","false","true",
"C","A","20240101","2024","52","2024","380","ITA","Italy","X","Export","600","PRY","Paraguay","0","W00","World","H6","HS","true","2204","Wine of fresh grapes, including fortified wines; grape must other than that of heading no. 2009","4","false","C00","TOTAL CPC","0","0","TOTAL MOT","7","l","277462","false","7","l","277462","false","276943","false","0","false",,"2039934.938","2039934.938","0","false","true",
"C","A","20240101","2024","52","2024","380","ITA","Italy","X","Export","604","PER","Peru","0","W00","World","H6","HS","true","2204","Wine of fresh grapes, including fortified wines; grape must other than that of heading no. 2009","4","false","C00","TOTAL CPC","0","0","TOTAL MOT","7","l","1266472","false","7","l","1266472","false","1290127","false","0","false",,"7362531.123","7362531.123","0","false","true",
"C","A","20240101","2024","52","2024","380","ITA","Italy","X","Export","608","PHL","Philippines","0","W00","World","H6","HS","true","2204","Wine of fresh grapes, including fortified wines; grape must other than that of heading no. 2009","4","false","C00","TOTAL CPC","0","0","TOTAL MOT","7","l","1129196","false","7","l","1129196","false","1130957","false","0","false",,"4898905.742","4898905.742","0","false","true",
"C","A","20240101","2024","52","2024","380","ITA","Italy","X","Export","616","POL","Poland","0","W00","World","H6","HS","true","2204","Wine of fresh grapes, including fortified wines; grape must other than that of heading no. 2009","4","false","C00","TOTAL CPC","0","0","TOTAL MOT","7","l","37533683","false","7","l","37533683","false","37849842","false","0","false",,"129305329.26","129305329.26","0","false","true",
"C","A","20240101","2024","52","2024","380","ITA","Italy","X","Export","620","PRT","Portugal","0","W00","World","H6","HS","true","2204","Wine of fresh grapes, including fortified wines; grape must other than that of heading no. 2009","4","false","C00","TOTAL CPC","0","0","TOTAL MOT","7","l","7474706.775","true","-1","N/A","0","false","7483240.467","true","0","false",,"20433727.016","20433727.016","6","false","true",
"C","A","20240101","2024","52","2024","380","ITA","Italy","X","Export","634","QAT","Qatar","0","W00","World","H6","HS","true","2204","Wine of fresh grapes, including fortified wines; grape must other than that of heading no. 2009","4","false","C00","TOTAL CPC","0","0","TOTAL MOT","7","l","76817","false","7","l","76817","false","76870","false","0","false",,"333354.186","333354.186","0","false","true",
"C","A","20240101","2024","52","2024","380","ITA","Italy","X","Export","642","ROU","Romania","0","W00","World","H6","HS","true","2204","Wine of fresh grapes, including fortified wines; grape must other than that of heading no. 2009","4","false","C00","TOTAL CPC","0","0","TOTAL MOT","7","l","10398772","false","7","l","10398772","false","10328666","false","0","false",,"42310235.397","42310235.397","0","false","true",
"C","A","20240101","2024","52","2024","380","ITA","Italy","X","Export","643","RUS","Russian Federation","0","W00","World","H6","HS","true","2204","Wine of fresh grapes, including fortified wines; grape must other than that of heading no. 2009","4","false","C00","TOTAL CPC","0","0","TOTAL MOT","7","l","76035486","false","7","l","76035486","false","76059677","false","0","false",,"258784840.535","258784840.535","0","false","true",
"C","A","20240101","2024","52","2024","380","ITA","Italy","X","Export","646","RWA","Rwanda","0","W00","World","H6","HS","true","2204","Wine of fresh grapes, including fortified wines; grape must other than that of heading no. 2009","4","false","C00","TOTAL CPC","0","0","TOTAL MOT","7","l","56325","false","7","l","56325","false","56325","false","0","false",,"284188.939","284188.939","0","false","true",
"C","A","20240101","2024","52","2024","380","ITA","Italy","X","Export","652","BLM","Saint Barthélemy","0","W00","World","H6","HS","true","2204","Wine of fresh grapes, including fortified wines; grape must other than that of heading no. 2009","4","false","C00","TOTAL CPC","0","0","TOTAL MOT","7","l","256","false","7","l","256","false","256","false","0","false",,"21145.07","21145.07","0","false","true",
"C","A","20240101","2024","52","2024","380","ITA","Italy","X","Export","659","KNA","Saint Kitts and Nevis","0","W00","World","H6","HS","true","2204","Wine of fresh grapes, including fortified wines; grape must other than that of heading no. 2009","4","false","C00","TOTAL CPC","0","0","TOTAL MOT","7","l","12926","false","7","l","12926","false","12926","false","0","false",,"97416.747","97416.747","0","false","true",
"C","A","20240101","2024","52","2024","380","ITA","Italy","X","Export","660","AIA","Anguilla","0","W00","World","H6","HS","true","2204","Wine of fresh grapes, including fortified wines; grape must other than that of heading no. 2009","4","false","C00","TOTAL CPC","0","0","TOTAL MOT","7","l","14110","false","7","l","14110","false","14110","false","0","false",,"136897.534","136897.534","0","false","true",
"C","A","20240101","2024","52","2024","380","ITA","Italy","X","Export","662","LCA","Saint Lucia","0","W00","World","H6","HS","true","2204","Wine of fresh grapes, including fortified wines; grape must other than that of heading no. 2009","4","false","C00","TOTAL CPC","0","0","TOTAL MOT","7","l","47585","false","7","l","47585","false","47585","false","0","false",,"297704.431","297704.431","0","false","true",
"C","A","20240101","2024","52","2024","380","ITA","Italy","X","Export","670","VCT","Saint Vincent and the Grenadines","0","W00","World","H6","HS","true","2204","Wine of fresh grapes, including fortified wines; grape must other than that of heading no. 2009","4","false","C00","TOTAL CPC","0","0","TOTAL MOT","7","l","6520","false","7","l","6520","false","6520","false","0","false",,"52847.48","52847.48","0","false","true",
"C","A","20240101","2024","52","2024","380","ITA","Italy","X","Export","682","SAU","Saudi Arabia","0","W00","World","H6","HS","true","2204","Wine of fresh grapes, including fortified wines; grape must other than that of heading no. 2009","4","false","C00","TOTAL CPC","0","0","TOTAL MOT","7","l","1304","false","7","l","1304","false","1304","false","0","false",,"11549.678","11549.678","0","false","true",
"C","A","20240101","2024","52","2024","380","ITA","Italy","X","Export","686","SEN","Senegal","0","W00","World","H6","HS","true","2204","Wine of fresh grapes, including fortified wines; grape must other than that of heading no. 2009","4","false","C00","TOTAL CPC","0","0","TOTAL MOT","7","l","63428","false","7","l","63428","false","63419","false","0","false",,"198404.652","198404.652","0","false","true",
"C","A","20240101","2024","52","2024","380","ITA","Italy","X","Export","688","SRB","Serbia","0","W00","World","H6","HS","true","2204","Wine of fresh grapes, including fortified wines; grape must other than that of heading no. 2009","4","false","C00","TOTAL CPC","0","0","TOTAL MOT","7","l","1881009","false","7","l","1881009","false","1881005","false","0","false",,"10242044.489","10242044.489","0","false","true",
"C","A","20240101","2024","52","2024","380","ITA","Italy","X","Export","690","SYC","Seychelles","0","W00","World","H6","HS","true","2204","Wine of fresh grapes, including fortified wines; grape must other than that of heading no. 2009","4","false","C00","TOTAL CPC","0","0","TOTAL MOT","7","l","238213","false","7","l","238213","false","238249","false","0","false",,"995496.968","995496.968","0","false","true",
"C","A","20240101","2024","52","2024","380","ITA","Italy","X","Export","694","SLE","Sierra Leone","0","W00","World","H6","HS","true","2204","Wine of fresh grapes, including fortified wines; grape must other than that of heading no. 2009","4","false","C00","TOTAL CPC","0","0","TOTAL MOT","7","l","38770","false","7","l","38770","false","38770","false","0","false",,"145142.214","145142.214","0","false","true",
"C","A","20240101","2024","52","2024","380","ITA","Italy","X","Export","699","IND","India","0","W00","World","H6","HS","true","2204","Wine of fresh grapes, including fortified wines; grape must other than that of heading no. 2009","4","false","C00","TOTAL CPC","0","0","TOTAL MOT","7","l","557258","false","7","l","557258","false","557050","false","0","false",,"2720307.601","2720307.601","0","false","true",
"C","A","20240101","2024","52","2024","380","ITA","Italy","X","Export","702","SGP","Singapore","0","W00","World","H6","HS","true","2204","Wine of fresh grapes, including fortified wines; grape must other than that of heading no. 2009","4","false","C00","TOTAL CPC","0","0","TOTAL MOT","7","l","2392613","false","7","l","2392613","false","2393791","false","0","false",,"22794826.211","22794826.211","0","false","true",
"C","A","20240101","2024","52","2024","380","ITA","Italy","X","Export","703","SVK","Slovakia","0","W00","World","H6","HS","true","2204","Wine of fresh grapes, including fortified wines; grape must other than that of heading no. 2009","4","false","C00","TOTAL CPC","0","0","TOTAL MOT","7","l","11143906","false","7","l","11143906","false","11328301","false","0","false",,"37125378.189","37125378.189","0","false","true",
"C","A","20240101","2024","52","2024","380","ITA","Italy","X","Export","704","VNM","Viet Nam","0","W00","World","H6","HS","true","2204","Wine of fresh grapes, including fortified wines; grape must other than that of heading no. 2009","4","false","C00","TOTAL CPC","0","0","TOTAL MOT","7","l","3097157","false","7","l","3097157","false","3098247","false","0","false",,"13803479.236","13803479.236","0","false","true",
"C","A","20240101","2024","52","2024","380","ITA","Italy","X","Export","705","SVN","Slovenia","0","W00","World","H6","HS","true","2204","Wine of fresh grapes, including fortified wines; grape must other than that of heading no. 2009","4","false","C00","TOTAL CPC","0","0","TOTAL MOT","7","l","2876956","false","7","l","2876956","false","2915289","false","0","false",,"6752406.952","6752406.952","0","false","true",
"C","A","20240101","2024","52","2024","380","ITA","Italy","X","Export","706","SOM","Somalia","0","W00","World","H6","HS","true","2204","Wine of fresh grapes, including fortified wines; grape must other than that of heading no. 2009","4","false","C00","TOTAL CPC","0","0","TOTAL MOT","7","l","842","false","7","l","842","false","842","false","0","false",,"14695.399","14695.399","0","false","true",
"C","A","20240101","2024","52","2024","380","ITA","Italy","X","Export","710","ZAF","South Africa","0","W00","World","H6","HS","true","2204","Wine of fresh grapes, including fortified wines; grape must other than that of heading no. 2009","4","false","C00","TOTAL CPC","0","0","TOTAL MOT","7","l","977239","false","7","l","977239","false","977490","false","0","false",,"5439553.705","5439553.705","0","false","true",
"C","A","20240101","2024","52","2024","380","ITA","Italy","X","Export","716","ZWE","Zimbabwe","0","W00","World","H6","HS","true","2204","Wine of fresh grapes, including fortified wines; grape must other than that of heading no. 2009","4","false","C00","TOTAL CPC","0","0","TOTAL MOT","7","l","10084","false","7","l","10084","false","10084","false","0","false",,"41773.537","41773.537","0","false","true",
"C","A","20240101","2024","52","2024","380","ITA","Italy","X","Export","724","ESP","Spain","0","W00","World","H6","HS","true","2204","Wine of fresh grapes, including fortified wines; grape must other than that of heading no. 2009","4","false","C00","TOTAL CPC","0","0","TOTAL MOT","7","l","19641602","false","7","l","19641602","false","19626297","false","0","false",,"64017575.885","64017575.885","0","false","true",
"C","A","20240101","2024","52","2024","380","ITA","Italy","X","Export","740","SUR","Suriname","0","W00","World","H6","HS","true","2204","Wine of fresh grapes, including fortified wines; grape must other than that of heading no. 2009","4","false","C00","TOTAL CPC","0","0","TOTAL MOT","7","l","56335","false","7","l","56335","false","56874","false","0","false",,"198832.185","198832.185","0","false","true",
"C","A","20240101","2024","52","2024","380","ITA","Italy","X","Export","752","SWE","Sweden","0","W00","World","H6","HS","true","2204","Wine of fresh grapes, including fortified wines; grape must other than that of heading no. 2009","4","false","C00","TOTAL CPC","0","0","TOTAL MOT","7","l","48160824.657","true","-1","N/A","0","false","49063296.762","true","0","false",,"186688071.864","186688071.864","6","false","true",
"C","A","20240101","2024","52","2024","380","ITA","Italy","X","Export","757","CHE","Switzerland","0","W00","World","H6","HS","true","2204","Wine of fresh grapes, including fortified wines; grape must other than that of heading no. 2009","4","false","C00","TOTAL CPC","0","0","TOTAL MOT","7","l","68043728.447","true","-1","N/A","0","false","68018015.537","true","0","false",,"430862188.992","430862188.992","6","false","true",
"C","A","20240101","2024","52","2024","380","ITA","Italy","X","Export","762","TJK","Tajikistan","0","W00","World","H6","HS","true","2204","Wine of fresh grapes, including fortified wines; grape must other than that of heading no. 2009","4","false","C00","TOTAL CPC","0","0","TOTAL MOT","7","l","8046","false","7","l","8046","false","8046","false","0","false",,"97930.206","97930.206","0","false","true",
"C","A","20240101","2024","52","2024","380","ITA","Italy","X","Export","764","THA","Thailand","0","W00","World","H6","HS","true","2204","Wine of fresh grapes, including fortified wines; grape must other than that of heading no. 2009","4","false","C00","TOTAL CPC","0","0","TOTAL MOT","7","l","3403570","false","7","l","3403570","false","3404466","false","0","false",,"22682978.129","22682978.129","0","false","true",
"C","A","20240101","2024","52","2024","380","ITA","Italy","X","Export","768","TGO","Togo","0","W00","World","H6","HS","true","2204","Wine of fresh grapes, including fortified wines; grape must other than that of heading no. 2009","4","false","C00","TOTAL CPC","0","0","TOTAL MOT","7","l","81605","false","7","l","81605","false","81610","false","0","false",,"176297.634","176297.634","0","false","true",
"C","A","20240101","2024","52","2024","380","ITA","Italy","X","Export","776","TON","Tonga","0","W00","World","H6","HS","true","2204","Wine of fresh grapes, including fortified wines; grape must other than that of heading no. 2009","4","false","C00","TOTAL CPC","0","0","TOTAL MOT","7","l","243","false","7","l","243","false","243","false","0","false",,"1900.845","1900.845","0","false","true",
"C","A","20240101","2024","52","2024","380","ITA","Italy","X","Export","780","TTO","Trinidad and Tobago","0","W00","World","H6","HS","true","2204","Wine of fresh grapes, including fortified wines; grape must other than that of heading no. 2009","4","false","C00","TOTAL CPC","0","0","TOTAL MOT","7","l","157934","false","7","l","157934","false","158444","false","0","false",,"837085.513","837085.513","0","false","true",
"C","A","20240101","2024","52","2024","380","ITA","Italy","X","Export","784","ARE","United Arab Emirates","0","W00","World","H6","HS","true","2204","Wine of fresh grapes, including fortified wines; grape must other than that of heading no. 2009","4","false","C00","TOTAL CPC","0","0","TOTAL MOT","7","l","4341814","false","7","l","4341814","false","4342463","false","0","false",,"29017715.729","29017715.729","0","false","true",
"C","A","20240101","2024","52","2024","380","ITA","Italy","X","Export","788","TUN","Tunisia","0","W00","World","H6","HS","true","2204","Wine of fresh grapes, including fortified wines; grape must other than that of heading no. 2009","4","false","C00","TOTAL CPC","0","0","TOTAL MOT","7","l","3763","false","7","l","3763","false","3761","false","0","false",,"35056.658","35056.658","0","false","true",
"C","A","20240101","2024","52","2024","380","ITA","Italy","X","Export","792","TUR","Türkiye","0","W00","World","H6","HS","true","2204","Wine of fresh grapes, including fortified wines; grape must other than that of heading no. 2009","4","false","C00","TOTAL CPC","0","0","TOTAL MOT","7","l","3520339","false","7","l","3520339","false","3521653","false","0","false",,"12393437.679","12393437.679","0","false","true",
"C","A","20240101","2024","52","2024","380","ITA","Italy","X","Export","795","TKM","Turkmenistan","0","W00","World","H6","HS","true","2204","Wine of fresh grapes, including fortified wines; grape must other than that of heading no. 2009","4","false","C00","TOTAL CPC","0","0","TOTAL MOT","7","l","6494","false","7","l","6494","false","6494","false","0","false",,"83769.223","83769.223","0","false","true",
"C","A","20240101","2024","52","2024","380","ITA","Italy","X","Export","796","TCA","Turks and Caicos Isds","0","W00","World","H6","HS","true","2204","Wine of fresh grapes, including fortified wines; grape must other than that of heading no. 2009","4","false","C00","TOTAL CPC","0","0","TOTAL MOT","7","l","179750","false","7","l","179750","false","179750","false","0","false",,"1277722.19","1277722.19","0","false","true",
"C","A","20240101","2024","52","2024","380","ITA","Italy","X","Export","800","UGA","Uganda","0","W00","World","H6","HS","true","2204","Wine of fresh grapes, including fortified wines; grape must other than that of heading no. 2009","4","false","C00","TOTAL CPC","0","0","TOTAL MOT","7","l","70772","false","7","l","70772","false","69877","false","0","false",,"345203.557","345203.557","0","false","true",
"C","A","20240101","2024","52","2024","380","ITA","Italy","X","Export","804","UKR","Ukraine","0","W00","World","H6","HS","true","2204","Wine of fresh grapes, including fortified wines; grape must other than that of heading no. 2009","4","false","C00","TOTAL CPC","0","0","TOTAL MOT","7","l","21834923","false","7","l","21834923","false","21860101","false","0","false",,"73364691.093","73364691.093","0","false","true",
"C","A","20240101","2024","52","2024","380","ITA","Italy","X","Export","807","MKD","North Macedonia","0","W00","World","H6","HS","true","2204","Wine of fresh grapes, including fortified wines; grape must other than that of heading no. 2009","4","false","C00","TOTAL CPC","0","0","TOTAL MOT","7","l","144616","false","7","l","144616","false","144609","false","0","false",,"729022.356","729022.356","0","false","true",
"C","A","20240101","2024","52","2024","380","ITA","Italy","X","Export","818","EGY","Egypt","0","W00","World","H6","HS","true","2204","Wine of fresh grapes, including fortified wines; grape must other than that of heading no. 2009","4","false","C00","TOTAL CPC","0","0","TOTAL MOT","7","l","30588","false","7","l","30588","false","30578","false","0","false",,"225755.238","225755.238","0","false","true",
"C","A","20240101","2024","52","2024","380","ITA","Italy","X","Export","826","GBR","United Kingdom","0","W00","World","H6","HS","true","2204","Wine of fresh grapes, including fortified wines; grape must other than that of heading no. 2009","4","false","C00","TOTAL CPC","0","0","TOTAL MOT","7","l","260775867","false","7","l","260775867","false","260809731","false","0","false",,"890539759.529","890539759.529","0","false","true",
"C","A","20240101","2024","52","2024","380","ITA","Italy","X","Export","834","TZA","United Rep. of Tanzania","0","W00","World","H6","HS","true","2204","Wine of fresh grapes, including fortified wines; grape must other than that of heading no. 2009","4","false","C00","TOTAL CPC","0","0","TOTAL MOT","7","l","126264","false","7","l","126264","false","126501","false","0","false",,"576979.885","576979.885","0","false","true",
"C","A","20240101","2024","52","2024","380","ITA","Italy","X","Export","837","X1 ","Bunkers","0","W00","World","H6","HS","true","2204","Wine of fresh grapes, including fortified wines; grape must other than that of heading no. 2009","4","false","C00","TOTAL CPC","0","0","TOTAL MOT","7","l","3137","false","7","l","3137","false","3042","false","0","false",,"18880.612","18880.612","0","false","true",
"C","A","20240101","2024","52","2024","380","ITA","Italy","X","Export","842","USA","USA","0","W00","World","H6","HS","true","2204","Wine of fresh grapes, including fortified wines; grape must other than that of heading no. 2009","4","false","C00","TOTAL CPC","0","0","TOTAL MOT","7","l","362222403","false","7","l","362222403","false","362332631","false","0","false",,"2030915066.945","2030915066.945","0","false","true",
"C","A","20240101","2024","52","2024","380","ITA","Italy","X","Export","854","BFA","Burkina Faso","0","W00","World","H6","HS","true","2204","Wine of fresh grapes, including fortified wines; grape must other than that of heading no. 2009","4","false","C00","TOTAL CPC","0","0","TOTAL MOT","7","l","35833","false","7","l","35833","false","35833","false","0","false",,"120124.198","120124.198","0","false","true",
"C","A","20240101","2024","52","2024","380","ITA","Italy","X","Export","858","URY","Uruguay","0","W00","World","H6","HS","true","2204","Wine of fresh grapes, including fortified wines; grape must other than that of heading no. 2009","4","false","C00","TOTAL CPC","0","0","TOTAL MOT","7","l","166807","false","7","l","166807","false","166820","false","0","false",,"2859776.62","2859776.62","0","false","true",
"C","A","20240101","2024","52","2024","380","ITA","Italy","X","Export","860","UZB","Uzbekistan","0","W00","World","H6","HS","true","2204","Wine of fresh grapes, including fortified wines; grape must other than that of heading no. 2009","4","false","C00","TOTAL CPC","0","0","TOTAL MOT","7","l","68882","false","7","l","68882","false","68999","false","0","false",,"421479.426","421479.426","0","false","true",
"C","A","20240101","2024","52","2024","380","ITA","Italy","X","Export","862","VEN","Venezuela","0","W00","World","H6","HS","true","2204","Wine of fresh grapes, including fortified wines; grape must other than that of heading no. 2009","4","false","C00","TOTAL CPC","0","0","TOTAL MOT","7","l","995109","false","7","l","995109","false","995055","false","0","false",,"2701235.228","2701235.228","0","false","true",
"C","A","20240101","2024","52","2024","380","ITA","Italy","X","Export","894","ZMB","Zambia","0","W00","World","H6","HS","true","2204","Wine of fresh grapes, including fortified wines; grape must other than that of heading no. 2009","4","false","C00","TOTAL CPC","0","0","TOTAL MOT","7","l","53102","false","7","l","53102","false","53107","false","0","false",,"156634.259","156634.259","0","false","true",
"C","A","20240101","2024","52","2024","380","ITA","Italy","X","Export","899","_X ","Areas, nes","0","W00","World","H6","HS","true","2204","Wine of fresh grapes, including fortified wines; grape must other than that of heading no. 2009","4","false","C00","TOTAL CPC","0","0","TOTAL MOT","7","l","86896","false","7","l","86896","false","86756","false","0","false",,"730781.738","730781.738","0","false","true",
