typeCode,freqCode,refPeriodId,refYear,refMonth,period,reporterCode,reporterISO,reporterDesc,flowCode,flowDesc,partnerCode,partnerISO,partnerDesc,partner2Code,partner2ISO,partner2Desc,classificationCode,classificationSearchCode,isOriginalClassification,cmdCode,cmdDesc,aggrLevel,isLeaf,customsCode,customsDesc,mosCode,motCode,motDesc,qtyUnitCode,qtyUnitAbbr,qty,isQtyEstimated,altQtyUnitCode,altQtyUnitAbbr,altQty,isAltQtyEstimated,netWgt,isNetWgtEstimated,grossWgt,isGrossWgtEstimated,cifvalue,fobvalue,primaryValue,legacyEstimationFlag,isReported,isAggregate
"C","A","20180101","2018","52","2018","8","ALB","Albania","M","Import","0","W00","World","0","W00","World","H5","HS","true","2204","Wine of fresh grapes, including fortified wines; grape must other than that of heading no. 2009","4","false","C00","TOTAL CPC","0 ","0","TOTAL MOT","7","l","2449804.1","false","7","l","2449804.1","false","2451472.3","false",,"false","9740335.905",,"9740335.905","0","false","true",
"C","A","20180101","2018","52","2018","20","AND","Andorra","M","Import","0","W00","World","0","W00","World","H5","HS","true","2204","Wine of fresh grapes, including fortified wines; grape must other than that of heading no. 2009","4","false","C00","TOTAL CPC","0","0","TOTAL MOT","7","l","4130581.766","true","-1","N/A","0","false","3169090.18","false","0","false","17447125.452",,"17447125.452","2","false","true",
"C","A","20180101","2018","52","2018","24","AGO","Angola","M","Import","0","W00","World","0","W00","World","H5","HS","true","2204","Wine of fresh grapes, including fortified wines; grape must other than that of heading no. 2009","4","false","C00","TOTAL CPC","0","0","TOTAL MOT","7","l","41701080.588","true","-1","N/A","0","false","41775831.203","true","0","false","62449000.903",,"62449000.903","6","false","true",
"C","A","20180101","2018","52","2018","28","ATG","Antigua and Barbuda","M","Import","0","W00","World","0","W00","World","H3","HS","true","2204","Wine of fresh grapes, including fortified wines; grape must other than that of heading no. 2009","4","false","C00","TOTAL CPC","0 ","0","TOTAL MOT","7","l","2505772.502","true","-1","N/A","0","false","1656773.279","true",,"false","4762857.811",,"4762857.811","0","false","true",
"C","A","20180101","2018","52","2018","31","AZE","Azerbaijan","M","Import","0","W00","World","0","W00","World","H5","HS","true","2204","Wine of fresh grapes, including fortified wines; grape must other than that of heading no. 2009","4","false","C00","TOTAL CPC","0","0","TOTAL MOT","7","l","268426.65","false","7","l","268426.65","false","370804.49","false","0","false","2537931.85",,"2537931.85","0","false","true",
"C","A","20180101","2018","52","2018","32","ARG","Argentina","M","Import","0","W00","World","0","W00","World","H5","HS","true","2204","Wine of fresh grapes, including fortified wines; grape must other than that of heading no. 2009","4","false","C00","TOTAL CPC","0","0","TOTAL MOT","7","l","2783657.96","false","7","l","2783657.96","false","2770602.65","false","0","false","10794555.57","10389140.96","10794555.57","0","false","true",
"C","A","20180101","2018","52","2018","36","AUS","Australia","M","Import","0","W00","World","0","W00","World","H5","HS","true","2204","Wine of fresh grapes, including fortified wines; grape must other than that of heading no. 2009","4","false","C00","TOTAL CPC","0","0","TOTAL MOT","7","l","101371000.515","true","-1","N/A","0","false","101371167.641","true","0","false","644503395.896","626065013.58","644503395.896","6","false","true",
"C","A","20180101","2018","52","2018","40","AUT","Austria","M","Import","0","W00","World","0","W00","World","H5","HS","true","2204","Wine of fresh grapes, including fortified wines; grape must other than that of heading no. 2009","4","false","C00","TOTAL CPC","0 ","0","TOTAL MOT","7","l","70902278.229","true","-1","N/A","0","false","70647545.863","true",,"false","255996855.512",,"255996855.512","0","false","true",
"C","A","20180101","2018","52","2018","44","BHS","Bahamas","M","Import","0","W00","World","0","W00","World","H4","HS","true","2204","Wine of fresh grapes, including fortified wines; grape must other than that of heading no. 2009","4","false","C00","TOTAL CPC","0","0","TOTAL MOT","7","l","4545339.766","true","-1","N/A","0","false","4970807.589","true","0","false","19272833.89",,"19272833.89","6","false","true",
"C","A","20180101","2018","52","2018","48","BHR","Bahrain","M","Import","0","W00","World","0","W00","World","H5","HS","true","2204","Wine of fresh grapes, including fortified wines; grape must other than that of heading no. 2009","4","false","C00","TOTAL CPC","0 ","0","TOTAL MOT","7","l","1324177.38","false","7","l","1324177.38","false","1549363.34","false",,"false","5349886.252",,"5349886.252","0","false","true",
"C","A","20180101","2018","52","2018","50","BGD","Bangladesh","M","Import","0","W00","World","0","W00","World","H5","HS","true","2204","Wine of fresh grapes, including fortified wines; grape must other than that of heading no. 2009","4","false","C00","TOTAL CPC","0","0","TOTAL MOT","7","l","282964","false","7","l","282964","false","282964","false","0","false","819917.109",,"819917.109","0","false","true",
"C","A","20180101","2018","52","2018","51","ARM","Armenia","M","Import","0","W00","World","0","W00","World","H5","HS","true","2204","Wine of fresh grapes, including fortified wines; grape must other than that of heading no. 2009","4","false","C00","TOTAL CPC","0","0","TOTAL MOT","7","l","389528.7","false","7","l","389528.7","false","393670.66","false","0","false","1519278.13","0","1519278.13","0","false","true",
"C","A","20180101","2018","52","2018","52","BRB","Barbados","M","Import","0","W00","World","0","W00","World","H2","HS","true","2204","Wine of fresh grapes, including fortified wines; grape must other than that of heading no. 2009","4","false","C00","TOTAL CPC","0 ","0","TOTAL MOT","7","l","2874625.977","true","-1","N/A","0","false","2873863.57","true",,"false","10954675",,"10954675","0","false","true",
"C","A","20180101","2018","52","2018","56","BEL","Belgium","M","Import","0","W00","World","0","W00","World","H5","HS","true","2204","Wine of fresh grapes, including fortified wines; grape must other than that of heading no. 2009","4","false","C00","TOTAL CPC","0","0","TOTAL MOT","7","l","286795182.983","true","-1","N/A","0","false","310157564.054","true","0","false","1110544357.865","0","1110544357.865","6","false","true",
"C","A","20180101","2018","52","2018","60","BMU","Bermuda","M","Import","0","W00","World","0","W00","World","H5","HS","true","2204","Wine of fresh grapes, including fortified wines; grape must other than that of heading no. 2009","4","false","C00","TOTAL CPC","0 ","0","TOTAL MOT","7","l","1403274.01","false","7","l","1403274.01","false","1403274.01","false",,"false","15015695.5",,"15015695.5","0","false","true",
"C","A","20180101","2018","52","2018","64","BTN","Bhutan","M","Import","0","W00","World","0","W00","World","H5","HS","true","2204","Wine of fresh grapes, including fortified wines; grape must other than that of heading no. 2009","4","false","C00","TOTAL CPC","0","0","TOTAL MOT","7","l","133805.85","false","7","l","133805.85","false","133805.85","false","0","false","298057.857",,"298057.857","0","false","true",
"C","A","20180101","2018","52","2018","68","BOL","Bolivia (Plurinational State of)","M","Import","0","W00","World","0","W00","World","H5","HS","true","2204","Wine of fresh grapes, including fortified wines; grape must other than that of heading no. 2009","4","false","C00","TOTAL CPC","0","0","TOTAL MOT","7","l","578787","false","7","l","578787","false","608193.01","false","0","false","2620052.82","2469908.99","2620052.82","0","false","true",
"C","A","20180101","2018","52","2018","70","BIH","Bosnia Herzegovina","M","Import","0","W00","World","0","W00","World","H5","HS","true","2204","Wine of fresh grapes, including fortified wines; grape must other than that of heading no. 2009","4","false","C00","TOTAL CPC","0 ","0","TOTAL MOT","7","l","8207753.328","true","-1","N/A","0","false","8318965.54","false",,"false","18182837.43",,"18182837.43","0","false","true",
"C","A","20180101","2018","52","2018","72","BWA","Botswana","M","Import","0","W00","World","0","W00","World","H5","HS","true","2204","Wine of fresh grapes, including fortified wines; grape must other than that of heading no. 2009","4","false","C00","TOTAL CPC","0","0","TOTAL MOT","7","l","5416651.68","false","7","l","5416651.68","false","5283257.965","false","0","false","9997924.538",,"9997924.538","0","false","true",
"C","A","20180101","2018","52","2018","76","BRA","Brazil","M","Import","0","W00","World","0","W00","World","H5","HS","true","2204","Wine of fresh grapes, including fortified wines; grape must other than that of heading no. 2009","4","false","C00","TOTAL CPC","0","0","TOTAL MOT","7","l","116658188","false","7","l","116658188","false","116558879","false","0","false","392568035","375611013","392568035","0","false","true",
"C","A","20180101","2018","52","2018","84","BLZ","Belize","M","Import","0","W00","World","0","W00","World","H5","HS","true","2204","Wine of fresh grapes, including fortified wines; grape must other than that of heading no. 2009","4","false","C00","TOTAL CPC","0","0","TOTAL MOT","7","l","693463.9","true","-1","N/A","0","false","693463.9","false","0","false","2410935.09",,"2410935.09","2","false","true",
"C","A","20180101","2018","52","2018","90","SLB","Solomon Isds","M","Import","0","W00","World","0","W00","World","H4","HS","true","2204","Wine of fresh grapes, including fortified wines; grape must other than that of heading no. 2009","4","false","C00","TOTAL CPC","0 ","0","TOTAL MOT","7","l","162085.6","false","7","l","162085.6","false","162085.6","false",,"false","981698.822",,"981698.822","0","false","true",
"C","A","20180101","2018","52","2018","96","BRN","Brunei Darussalam","M","Import","0","W00","World","0","W00","World","H5","HS","true","2204","Wine of fresh grapes, including fortified wines; grape must other than that of heading no. 2009","4","false","C00","TOTAL CPC","0 ","0","TOTAL MOT","7","l","24585","false","7","l","24585","false","24585","false",,"false","186070.843",,"186070.843","0","false","true",
"C","A","20180101","2018","52","2018","100","BGR","Bulgaria","M","Import","0","W00","World","0","W00","World","H5","HS","true","2204","Wine of fresh grapes, including fortified wines; grape must other than that of heading no. 2009","4","false","C00","TOTAL CPC","0","0","TOTAL MOT","7","l","8560635","false","7","l","8560635","false","8537107","false","0","false","23360555.948",,"23360555.948","0","false","true",
"C","A","20180101","2018","52","2018","104","MMR","Myanmar","M","Import","0","W00","World","0","W00","World","H5","HS","true","2204","Wine of fresh grapes, including fortified wines; grape must other than that of heading no. 2009","4","false","C00","TOTAL CPC","0","0","TOTAL MOT","7","l","2769346.32","true","-1","N/A","0","false","2769346.32","false","0","false","5266909.01",,"5266909.01","2","false","true",
"C","A","20180101","2018","52","2018","108","BDI","Burundi","M","Import","0","W00","World","0","W00","World","H4","HS","true","2204","Wine of fresh grapes, including fortified wines; grape must other than that of heading no. 2009","4","false","C00","TOTAL CPC","0","0","TOTAL MOT","-1","N/A","0","false","-1","N/A","0","false","0","false","0","false","1001411.521",,"1001411.521","0","false","true",
"C","A","20180101","2018","52","2018","112","BLR","Belarus","M","Import","0","W00","World","0","W00","World","H5","HS","true","2204","Wine of fresh grapes, including fortified wines; grape must other than that of heading no. 2009","4","false","C00","TOTAL CPC","0 ","0","TOTAL MOT","7","l","57168029","false","7","l","57168029","false","57193996","false",,"false","58984000",,"58984000","0","false","true",
"C","A","20180101","2018","52","2018","116","KHM","Cambodia","M","Import","0","W00","World","0","W00","World","H5","HS","true","2204","Wine of fresh grapes, including fortified wines; grape must other than that of heading no. 2009","4","false","C00","TOTAL CPC","0","0","TOTAL MOT","7","l","612508.22","true","-1","N/A","0","false","663833.37","true","0","false","2257902.49",,"2257902.49","6","false","true",
"C","A","20180101","2018","52","2018","120","CMR","Cameroon","M","Import","0","W00","World","0","W00","World","H4","HS","true","2204","Wine of fresh grapes, including fortified wines; grape must other than that of heading no. 2009","4","false","C00","TOTAL CPC","0","0","TOTAL MOT","7","l","8641683","true","-1","N/A","0","false","8641683","false","0","false","16248568.351","0","16248568.351","2","false","true",
"C","A","20180101","2018","52","2018","124","CAN","Canada","M","Import","0","W00","World","0","W00","World","H5","HS","true","2204","Wine of fresh grapes, including fortified wines; grape must other than that of heading no. 2009","4","false","C00","TOTAL CPC","0","0","TOTAL MOT","7","l","421883685","false","7","l","421883685","false","421883745.978","true","0","false","0","1996662585.973","1996662585.973","4","false","true",
"C","A","20180101","2018","52","2018","132","CPV","Cabo Verde","M","Import","0","W00","World","0","W00","World","H4","HS","true","2204","Wine of fresh grapes, including fortified wines; grape must other than that of heading no. 2009","4","false","C00","TOTAL CPC","0 ","0","TOTAL MOT","7","l","6013133","true","-1","N/A","0","false","6522665","false",,"false","5614814.18",,"5614814.18","0","false","true",
"C","A","20180101","2018","52","2018","140","CAF","Central African Rep.","M","Import","0","W00","World","0","W00","World","H4","HS","true","2204","Wine of fresh grapes, including fortified wines; grape must other than that of heading no. 2009","4","false","C00","TOTAL CPC","0","0","TOTAL MOT","7","l","379357","true","-1","N/A","0","false","379357","false","0","false","438722",,"438722","2","false","true",
"C","A","20180101","2018","52","2018","152","CHL","Chile","M","Import","0","W00","World","0","W00","World","H5","HS","true","2204","Wine of fresh grapes, including fortified wines; grape must other than that of heading no. 2009","4","false","C00","TOTAL CPC","0","0","TOTAL MOT","7","l","3111162.622","true","-1","N/A","0","false","3111174.982","true","0","false","11364647.99","10731237.729","11364647.99","6","false","true",
"C","A","20180101","2018","52","2018","156","CHN","China","M","Import","0","W00","World","0","W00","World","H5","HS","true","2204","Wine of fresh grapes, including fortified wines; grape must other than that of heading no. 2009","4","false","C00","TOTAL CPC","0","0","TOTAL MOT","7","l","687127804","true","-1","N/A","0","false","684236217","false","0","false","2856629091","0","2856629091","2","false","true",
"C","A","20180101","2018","52","2018","170","COL","Colombia","M","Import","0","W00","World","0","W00","World","H5","HS","true","2204","Wine of fresh grapes, including fortified wines; grape must other than that of heading no. 2009","4","false","C00","TOTAL CPC","0 ","0","TOTAL MOT","7","l","18966284.33","false","7","l","18966284.33","false","19791118.68","false",,"false","57184891.7","55493703.87","57184891.7","0","false","true",
"C","A","20180101","2018","52","2018","174","COM","Comoros","M","Import","0","W00","World","0","W00","World","H5","HS","true","2204","Wine of fresh grapes, including fortified wines; grape must other than that of heading no. 2009","4","false","C00","TOTAL CPC","0","0","TOTAL MOT","7","l","248814","true","-1","N/A","0","false","248814","false","0","false","125596.376",,"125596.376","2","false","true",
"C","A","20180101","2018","52","2018","178","COG","Congo","M","Import","0","W00","World","0","W00","World","H5","HS","true","2204","Wine of fresh grapes, including fortified wines; grape must other than that of heading no. 2009","4","false","C00","TOTAL CPC","0","0","TOTAL MOT","-1","N/A","0","true","-1","N/A","0","false","1843019.6","false","0","false","4067905.816",,"4067905.816","2","false","true",
"C","A","20180101","2018","52","2018","180","COD","Dem. Rep. of the Congo","M","Import","0","W00","World","0","W00","World","H4","HS","true","2204","Wine of fresh grapes, including fortified wines; grape must other than that of heading no. 2009","4","false","C00","TOTAL CPC","0","0","TOTAL MOT","7","l","1664997.434","true","-1","N/A","0","false","1780398","false","0","false","2165622.321","0","2165622.321","2","false","true",
"C","A","20180101","2018","52","2018","188","CRI","Costa Rica","M","Import","0","W00","World","0","W00","World","H5","HS","true","2204","Wine of fresh grapes, including fortified wines; grape must other than that of heading no. 2009","4","false","C00","TOTAL CPC","0 ","0","TOTAL MOT","7","l","11452388.83","true","-1","N/A","0","false","11443526","false",,"false","27601521.68",,"27601521.68","0","false","true",
"C","A","20180101","2018","52","2018","191","HRV","Croatia","M","Import","0","W00","World","0","W00","World","H5","HS","true","2204","Wine of fresh grapes, including fortified wines; grape must other than that of heading no. 2009","4","false","C00","TOTAL CPC","0","0","TOTAL MOT","7","l","24139941.81","false","7","l","24139941.81","false","24086757.17","false","0","false","35967086",,"35967086","0","false","true",
"C","A","20180101","2018","52","2018","192","CUB","Cuba","M","Import","0","W00","World","0","W00","World","H5","HS","true","2204","Wine of fresh grapes, including fortified wines; grape must other than that of heading no. 2009","4","false","C00","TOTAL CPC","0","0","TOTAL MOT","7","l","6794370.6","false","7","l","6794370.6","false","6794370.6","false","0","false","15388769.53",,"15388769.53","0","false","true",
"C","A","20180101","2018","52","2018","196","CYP","Cyprus","M","Import","0","W00","World","0","W00","World","H5","HS","true","2204","Wine of fresh grapes, including fortified wines; grape must other than that of heading no. 2009","4","false","C00","TOTAL CPC","0","0","TOTAL MOT","-1","N/A","0","false","-1","N/A","0","false",,"false","0","false","30359408.022",,"30359408.022","0","false","true",
"C","A","20180101","2018","52","2018","203","CZE","Czechia","M","Import","0","W00","World","0","W00","World","H5","HS","true","2204","Wine of fresh grapes, including fortified wines; grape must other than that of heading no. 2009","4","false","C00","TOTAL CPC","0 ","0","TOTAL MOT","7","l","149802826.868","true","-1","N/A","0","false","160327552.42","true",,"false","263411476","254521682","263411476","0","false","true",
"C","A","20180101","2018","52","2018","204","BEN","Benin","M","Import","0","W00","World","0","W00","World","H4","HS","true","2204","Wine of fresh grapes, including fortified wines; grape must other than that of heading no. 2009","4","false","C00","TOTAL CPC","0","0","TOTAL MOT","7","l","1560769.387","true","-1","N/A","0","false","1561213.67","true","0","false","1537464.767",,"1537464.767","6","false","true",
"C","A","20180101","2018","52","2018","208","DNK","Denmark","M","Import","0","W00","World","0","W00","World","H5","HS","true","2204","Wine of fresh grapes, including fortified wines; grape must other than that of heading no. 2009","4","false","C00","TOTAL CPC","0","0","TOTAL MOT","7","l","185257282.372","true","-1","N/A","0","false","188080824.997","true","0","false","749387687.829","0","749387687.829","6","false","true",
"C","A","20180101","2018","52","2018","212","DMA","Dominica","M","Import","0","W00","World","0","W00","World","H3","HS","true","2204","Wine of fresh grapes, including fortified wines; grape must other than that of heading no. 2009","4","false","C00","TOTAL CPC","0","0","TOTAL MOT","7","l","525116","true","-1","N/A","0","false","525116","false","0","false","1053370.648",,"1053370.648","2","false","true",
"C","A","20180101","2018","52","2018","214","DOM","Dominican Rep.","M","Import","0","W00","World","0","W00","World","H5","HS","true","2204","Wine of fresh grapes, including fortified wines; grape must other than that of heading no. 2009","4","false","C00","TOTAL CPC","0","0","TOTAL MOT","7","l","11022184.526","true","-1","N/A","0","false",,"false","0","false",,"57879333.89","57879333.89","2","false","true",
"C","A","20180101","2018","52","2018","218","ECU","Ecuador","M","Import","0","W00","World","0","W00","World","H5","HS","true","2204","Wine of fresh grapes, including fortified wines; grape must other than that of heading no. 2009","4","false","C00","TOTAL CPC","0","0","TOTAL MOT","7","l","8252841.37","false","7","l","8252841.37","false","9488829.02","false","0","false","21928248.766","21188140.514","21928248.766","0","false","true",
"C","A","20180101","2018","52","2018","222","SLV","El Salvador","M","Import","0","W00","World","0","W00","World","H5","HS","true","2204","Wine of fresh grapes, including fortified wines; grape must other than that of heading no. 2009","4","false","C00","TOTAL CPC","0","0","TOTAL MOT","7","l","2317605.19","true","-1","N/A","0","false","2322872.04","false","0","false","5586550.36","0","5586550.36","2","false","true",
"C","A","20180101","2018","52","2018","231","ETH","Ethiopia","M","Import","0","W00","World","0","W00","World","H4","HS","true","2204","Wine of fresh grapes, including fortified wines; grape must other than that of heading no. 2009","4","false","C00","TOTAL CPC","0","0","TOTAL MOT","7","l","439744.72","true","-1","N/A","0","false","439744.72","false","0","false","1929056.775",,"1929056.775","2","false","true",
"C","A","20180101","2018","52","2018","233","EST","Estonia","M","Import","0","W00","World","0","W00","World","H5","HS","true","2204","Wine of fresh grapes, including fortified wines; grape must other than that of heading no. 2009","4","false","C00","TOTAL CPC","0","0","TOTAL MOT","7","l","22677341.8","false","7","l","22677341.8","false","22679038.6","false","0","false","87430281.431","0","87430281.431","0","false","true",
"C","A","20180101","2018","52","2018","242","FJI","Fiji","M","Import","0","W00","World","0","W00","World","H5","HS","true","2204","Wine of fresh grapes, including fortified wines; grape must other than that of heading no. 2009","4","false","C00","TOTAL CPC","0","0","TOTAL MOT","7","l","1518780.42","false","7","l","1518780.42","false","1518780.42","false","0","false","8064052.283","0","8064052.283","0","false","true",
"C","A","20180101","2018","52","2018","246","FIN","Finland","M","Import","0","W00","World","0","W00","World","H5","HS","true","2204","Wine of fresh grapes, including fortified wines; grape must other than that of heading no. 2009","4","false","C00","TOTAL CPC","0 ","0","TOTAL MOT","7","l","78453070.172","true","-1","N/A","0","false","78220321.835","true","0","false","263573573.226",,"263573573.226","6","false","true",
"C","A","20180101","2018","52","2018","251","FRA","France","M","Import","0","W00","World","0","W00","World","H5","HS","true","2204","Wine of fresh grapes, including fortified wines; grape must other than that of heading no. 2009","4","false","C00","TOTAL CPC","0 ","0","TOTAL MOT","7","l","0","true","-1","N/A","0","false","542446211.972","true","0","false","1134344549.593",,"1134344549.593","6","false","true",
"C","A","20180101","2018","52","2018","258","PYF","French Polynesia","M","Import","0","W00","World","0","W00","World","H4","HS","true","2204","Wine of fresh grapes, including fortified wines; grape must other than that of heading no. 2009","4","false","C00","TOTAL CPC","0","0","TOTAL MOT","-1","N/A","0","false","-1","N/A","0","false","0","false","0","false","12966579.3","0","12966579.3","0","false","true",
"C","A","20180101","2018","52","2018","266","GAB","Gabon","M","Import","0","W00","World","0","W00","World","H3","HS","true","2204","Wine of fresh grapes, including fortified wines; grape must other than that of heading no. 2009","4","false","C00","TOTAL CPC","0","0","TOTAL MOT","7","l","4892250.938","true","-1","N/A","0","false","5800726","false","0","false","9650428.705",,"9650428.705","2","false","true",
"C","A","20180101","2018","52","2018","268","GEO","Georgia","M","Import","0","W00","World","0","W00","World","H5","HS","true","2204","Wine of fresh grapes, including fortified wines; grape must other than that of heading no. 2009","4","false","C00","TOTAL CPC","0","0","TOTAL MOT","7","l","513168.233","true","-1","N/A","0","false","513168.233","true","0","false","3403544.58",,"3403544.58","6","false","true",
"C","A","20180101","2018","52","2018","270","GMB","Gambia","M","Import","0","W00","World","0","W00","World","H4","HS","true","2204","Wine of fresh grapes, including fortified wines; grape must other than that of heading no. 2009","4","false","C00","TOTAL CPC","0","0","TOTAL MOT","7","l","24366.5","false","7","l","24366.5","false","35466","false","0","false","33536.079",,"33536.079","0","false","true",
"C","A","20180101","2018","52","2018","275","PSE","State of Palestine","M","Import","0","W00","World","0","W00","World","H4","HS","true","2204","Wine of fresh grapes, including fortified wines; grape must other than that of heading no. 2009","4","false","C00","TOTAL CPC","0 ","0","TOTAL MOT","7","l","25906.506","true","-1","N/A","0","false","26421.294","true",,"false","51097.693",,"51097.693","0","false","true",
"C","A","20180101","2018","52","2018","276","DEU","Germany","M","Import","0","W00","World","0","W00","World","H5","HS","true","2204","Wine of fresh grapes, including fortified wines; grape must other than that of heading no. 2009","4","false","C00","TOTAL CPC","0 ","0","TOTAL MOT","-1","N/A","0","true","-1","N/A","0","false",,"true",,"false","3161442061.241",,"3161442061.241","0","false","true",
"C","A","20180101","2018","52","2018","288","GHA","Ghana","M","Import","0","W00","World","0","W00","World","H5","HS","true","2204","Wine of fresh grapes, including fortified wines; grape must other than that of heading no. 2009","4","false","C00","TOTAL CPC","0 ","0","TOTAL MOT","7","l","8132445.992","true","-1","N/A","0","false","8167494.73","false",,"false","6781643.232",,"6781643.232","0","false","true",
"C","A","20180101","2018","52","2018","296","KIR","Kiribati","M","Import","0","W00","World","0","W00","World","H4","HS","true","2204","Wine of fresh grapes, including fortified wines; grape must other than that of heading no. 2009","4","false","C00","TOTAL CPC","0","0","TOTAL MOT","7","l","9941.958","false","7","l","9941.958","false","9941.958","false","0","false","46964.845","0","46964.845","0","false","true",
"C","A","20180101","2018","52","2018","300","GRC","Greece","M","Import","0","W00","World","0","W00","World","H5","HS","true","2204","Wine of fresh grapes, including fortified wines; grape must other than that of heading no. 2009","4","false","C00","TOTAL CPC","0 ","0","TOTAL MOT","7","l","16208609","false","7","l","16208609","false","17475143","false",,"false","49870385.033",,"49870385.033","0","false","true",
"C","A","20180101","2018","52","2018","304","GRL","Greenland","M","Import","0","W00","World","0","W00","World","H5","HS","true","2204","Wine of fresh grapes, including fortified wines; grape must other than that of heading no. 2009","4","false","C00","TOTAL CPC","0 ","0","TOTAL MOT","7","l","544193.961","true","-1","N/A","0","false","521837.518","true",,"false","3136091.11",,"3136091.11","0","false","true",
"C","A","20180101","2018","52","2018","308","GRD","Grenada","M","Import","0","W00","World","0","W00","World","H4","HS","true","2204","Wine of fresh grapes, including fortified wines; grape must other than that of heading no. 2009","4","false","C00","TOTAL CPC","0","0","TOTAL MOT","7","l","1964435","true","-1","N/A","0","false","1964435","false","0","false","2280815.867","0","2280815.867","2","false","true",
"C","A","20180101","2018","52","2018","320","GTM","Guatemala","M","Import","0","W00","World","0","W00","World","H5","HS","true","2204","Wine of fresh grapes, including fortified wines; grape must other than that of heading no. 2009","4","false","C00","TOTAL CPC","0","0","TOTAL MOT","7","l","4683879.883","true","-1","N/A","0","false","4685730","false","0","false","12385003",,"12385003","2","false","true",
"C","A","20180101","2018","52","2018","328","GUY","Guyana","M","Import","0","W00","World","0","W00","World","H3","HS","true","2204","Wine of fresh grapes, including fortified wines; grape must other than that of heading no. 2009","4","false","C00","TOTAL CPC","0","0","TOTAL MOT","7","l","139332.619","true","-1","N/A","0","false","185770.85","false","0","false","512312.385","0","512312.385","2","false","true",
"C","A","20180101","2018","52","2018","340","HND","Honduras","M","Import","0","W00","World","0","W00","World","H5","HS","true","2204","Wine of fresh grapes, including fortified wines; grape must other than that of heading no. 2009","4","false","C00","TOTAL CPC","0","0","TOTAL MOT","7","l","2306434.27","true","-1","N/A","0","false","2306434.27","false","0","false","5096977.83",,"5096977.83","2","false","true",
"C","A","20180101","2018","52","2018","344","HKG","China, Hong Kong SAR","M","Import","0","W00","World","0","W00","World","H5","HS","true","2204","Wine of fresh grapes, including fortified wines; grape must other than that of heading no. 2009","4","false","C00","TOTAL CPC","0 ","0","TOTAL MOT","7","l","51984484.485","true","-1","N/A","0","false","51996654.65","true",,"false","1538652672.579",,"1538652672.579","0","false","true",
"C","A","20180101","2018","52","2018","348","HUN","Hungary","M","Import","0","W00","World","0","W00","World","H5","HS","true","2204","Wine of fresh grapes, including fortified wines; grape must other than that of heading no. 2009","4","false","C00","TOTAL CPC","0 ","0","TOTAL MOT","-1","N/A","0","false","-1","N/A","0","false",,"false",,"false","20043822",,"20043822","0","false","true",
"C","A","20180101","2018","52","2018","352","ISL","Iceland","M","Import","0","W00","World","0","W00","World","H5","HS","true","2204","Wine of fresh grapes, including fortified wines; grape must other than that of heading no. 2009","4","false","C00","TOTAL CPC","0 ","0","TOTAL MOT","7","l","4603461.08","true","-1","N/A","0","false","4604643","false",,"false","25430421.351","23534562.061","25430421.351","0","false","true",
"C","A","20180101","2018","52","2018","360","IDN","Indonesia","M","Import","0","W00","World","0","W00","World","H5","HS","true","2204","Wine of fresh grapes, including fortified wines; grape must other than that of heading no. 2009","4","false","C00","TOTAL CPC","0","0","TOTAL MOT","7","l","6073788.844","true","-1","N/A","0","false","6067680","false","0","false","18646024","0","18646024","2","false","true",
"C","A","20180101","2018","52","2018","372","IRL","Ireland","M","Import","0","W00","World","0","W00","World","H5","HS","true","2204","Wine of fresh grapes, including fortified wines; grape must other than that of heading no. 2009","4","false","C00","TOTAL CPC","0","0","TOTAL MOT","7","l","78561358.421","true","-1","N/A","0","false","115107758.651","true","0","false","326881423.153","0","326881423.153","6","false","true",
"C","A","20180101","2018","52","2018","376","ISR","Israel","M","Import","0","W00","World","0","W00","World","H5","HS","true","2204","Wine of fresh grapes, including fortified wines; grape must other than that of heading no. 2009","4","false","C00","TOTAL CPC","0 ","0","TOTAL MOT","7","l","9313314.677","true","-1","N/A","0","false","10134947.873","true",,"false","40776000",,"40776000","0","false","true",
"C","A","20180101","2018","52","2018","380","ITA","Italy","M","Import","0","W00","World","0","W00","World","H5","HS","true","2204","Wine of fresh grapes, including fortified wines; grape must other than that of heading no. 2009","4","false","C00","TOTAL CPC","0","0","TOTAL MOT","7","l","204900313.015","true","-1","N/A","0","false","207967124.46","true","0","false","414014440.095",,"414014440.095","6","false","true",
"C","A","20180101","2018","52","2018","384","CIV","Côte d'Ivoire","M","Import","0","W00","World","0","W00","World","H5","HS","true","2204","Wine of fresh grapes, including fortified wines; grape must other than that of heading no. 2009","4","false","C00","TOTAL CPC","0","0","TOTAL MOT","7","l","38006771.686","true","-1","N/A","0","false","41016860","false","0","false","41799326.603",,"41799326.603","2","false","true",
"C","A","20180101","2018","52","2018","388","JAM","Jamaica","M","Import","0","W00","World","0","W00","World","H5","HS","true","2204","Wine of fresh grapes, including fortified wines; grape must other than that of heading no. 2009","4","false","C00","TOTAL CPC","0","0","TOTAL MOT","7","l","3329677.13","false","7","l","3329677.13","false","5326482.54","false","0","false","10431593.84","0","10431593.84","0","false","true",
"C","A","20180101","2018","52","2018","392","JPN","Japan","M","Import","0","W00","World","0","W00","World","H5","HS","true","2204","Wine of fresh grapes, including fortified wines; grape must other than that of heading no. 2009","4","false","C00","TOTAL CPC","0","0","TOTAL MOT","7","l","266763697","false","7","l","266763697","false","266763697","false","0","false","1689399387.454","0","1689399387.454","0","false","true",
"C","A","20180101","2018","52","2018","398","KAZ","Kazakhstan","M","Import","0","W00","World","0","W00","World","H5","HS","true","2204","Wine of fresh grapes, including fortified wines; grape must other than that of heading no. 2009","4","false","C00","TOTAL CPC","0","0","TOTAL MOT","7","l","23825926.838","true","-1","N/A","0","false","24003593.23","false","0","false","41699851.85",,"41699851.85","2","false","true",
"C","A","20180101","2018","52","2018","400","JOR","Jordan","M","Import","0","W00","World","0","W00","World","H5","HS","true","2204","Wine of fresh grapes, including fortified wines; grape must other than that of heading no. 2009","4","false","C00","TOTAL CPC","0 ","0","TOTAL MOT","7","l","283100","true","-1","N/A","0","false","283100","false",,"false","2032101.835",,"2032101.835","0","false","true",
"C","A","20180101","2018","52","2018","404","KEN","Kenya","M","Import","0","W00","World","0","W00","World","H4","HS","true","2204","Wine of fresh grapes, including fortified wines; grape must other than that of heading no. 2009","4","false","C00","TOTAL CPC","0 ","0","TOTAL MOT","7","l","9188734","false","7","l","9188734","false","10517415","false","0","false","23426291.064",,"23426291.064","0","false","true",
"C","A","20180101","2018","52","2018","410","KOR","Rep. of Korea","M","Import","0","W00","World","0","W00","World","H5","HS","true","2204","Wine of fresh grapes, including fortified wines; grape must other than that of heading no. 2009","4","false","C00","TOTAL CPC","0","0","TOTAL MOT","7","l","39747337.598","true","-1","N/A","0","false","40405701.324","true","0","false","244001146",,"244001146","6","false","true",
"C","A","20180101","2018","52","2018","414","KWT","Kuwait","M","Import","0","W00","World","0","W00","World","H5","HS","true","2204","Wine of fresh grapes, including fortified wines; grape must other than that of heading no. 2009","4","false","C00","TOTAL CPC","0 ","0","TOTAL MOT","7","l","2184","false","7","l","2184","false","2184","false",,"false","941",,"941","0","false","true",
"C","A","20180101","2018","52","2018","417","KGZ","Kyrgyzstan","M","Import","0","W00","World","0","W00","World","H5","HS","true","2204","Wine of fresh grapes, including fortified wines; grape must other than that of heading no. 2009","4","false","C00","TOTAL CPC","0 ","0","TOTAL MOT","7","l","1645908.871","true","-1","N/A","0","false","1956400","false",,"false","2969307",,"2969307","0","false","true",
"C","A","20180101","2018","52","2018","418","LAO","Lao People's Dem. Rep.","M","Import","0","W00","World","0","W00","World","H5","HS","true","2204","Wine of fresh grapes, including fortified wines; grape must other than that of heading no. 2009","4","false","C00","TOTAL CPC","0","0","TOTAL MOT","7","l","993175.366","true","-1","N/A","0","false","1065318.55","true","0","false","3353839",,"3353839","6","false","true",
"C","A","20180101","2018","52","2018","422","LBN","Lebanon","M","Import","0","W00","World","0","W00","World","H4","HS","true","2204","Wine of fresh grapes, including fortified wines; grape must other than that of heading no. 2009","4","false","C00","TOTAL CPC","0","0","TOTAL MOT","7","l","3305573.674","true","-1","N/A","0","false","3548686.076","true","0","false","14243294",,"14243294","6","false","true",
"C","A","20180101","2018","52","2018","426","LSO","Lesotho","M","Import","0","W00","World","0","W00","World","H5","HS","true","2204","Wine of fresh grapes, including fortified wines; grape must other than that of heading no. 2009","4","false","C00","TOTAL CPC","0","0","TOTAL MOT","7","l","1472916.673","true","-1","N/A","0","false","1417414.094","true","1328747.431","false","3697404.801",,"3697404.801","6","false","true",
"C","A","20180101","2018","52","2018","428","LVA","Latvia","M","Import","0","W00","World","0","W00","World","H5","HS","true","2204","Wine of fresh grapes, including fortified wines; grape must other than that of heading no. 2009","4","false","C00","TOTAL CPC","0","0","TOTAL MOT","7","l","34793601.918","true","-1","N/A","0","false","34797513.275","true","0","false","110267248.011",,"110267248.011","6","false","true",
"C","A","20180101","2018","52","2018","430","LBR","Liberia","M","Import","0","W00","World","0","W00","World","H5","HS","true","2204","Wine of fresh grapes, including fortified wines; grape must other than that of heading no. 2009","4","false","C00","TOTAL CPC","0","0","TOTAL MOT","7","l","358397.07","true","-1","N/A","0","false","358397.07","false","0","false","589703.54",,"589703.54","2","false","true",
"C","A","20180101","2018","52","2018","440","LTU","Lithuania","M","Import","0","W00","World","0","W00","World","H5","HS","true","2204","Wine of fresh grapes, including fortified wines; grape must other than that of heading no. 2009","4","false","C00","TOTAL CPC","0 ","0","TOTAL MOT","7","l","91013943.86","false","7","l","91013943.86","false","91025748.91","false",,"false","245736464",,"245736464","0","false","true",
"C","A","20180101","2018","52","2018","442","LUX","Luxembourg","M","Import","0","W00","World","0","W00","World","H5","HS","true","2204","Wine of fresh grapes, including fortified wines; grape must other than that of heading no. 2009","4","false","C00","TOTAL CPC","0 ","0","TOTAL MOT","7","l","22991367.463","true","-1","N/A","0","false","36182520.619","false","0","false","134921765.244","133833242.65","134921765.244","2","false","true",
"C","A","20180101","2018","52","2018","446","MAC","China, Macao SAR","M","Import","0","W00","World","0","W00","World","H5","HS","true","2204","Wine of fresh grapes, including fortified wines; grape must other than that of heading no. 2009","4","false","C00","TOTAL CPC","0","0","TOTAL MOT","7","l","4810209.775","true","-1","N/A","0","false","5004908","false","0","false","118607318.728","0","118607318.728","2","false","true",
"C","A","20180101","2018","52","2018","450","MDG","Madagascar","M","Import","0","W00","World","0","W00","World","H5","HS","true","2204","Wine of fresh grapes, including fortified wines; grape must other than that of heading no. 2009","4","false","C00","TOTAL CPC","0","0","TOTAL MOT","7","l","1037938.144","true","-1","N/A","0","false","1193408.03","false","0","false","2101886.164",,"2101886.164","2","false","true",
"C","A","20180101","2018","52","2018","454","MWI","Malawi","M","Import","0","W00","World","0","W00","World","H4","HS","true","2204","Wine of fresh grapes, including fortified wines; grape must other than that of heading no. 2009","4","false","C00","TOTAL CPC","0","0","TOTAL MOT","-1","N/A","0","true","-1","N/A","0","false","0","true","0","false","363848.082",,"363848.082","6","false","true",
"C","A","20180101","2018","52","2018","458","MYS","Malaysia","M","Import","0","W00","World","0","W00","World","H5","HS","true","2204","Wine of fresh grapes, including fortified wines; grape must other than that of heading no. 2009","4","false","C00","TOTAL CPC","0","0","TOTAL MOT","7","l","10440521.29","false","7","l","10440521.29","false","10440521.29","false","0","false","101713101.495","0","101713101.495","0","false","true",
"C","A","20180101","2018","52","2018","462","MDV","Maldives","M","Import","0","W00","World","0","W00","World","H5","HS","true","2204","Wine of fresh grapes, including fortified wines; grape must other than that of heading no. 2009","4","false","C00","TOTAL CPC","0 ","0","TOTAL MOT","7","l","2103911.881","true","-1","N/A","0","false","2103911.881","true","0","false","10787286.111","10584738.727","10787286.111","6","false","true",
"C","A","20180101","2018","52","2018","466","MLI","Mali","M","Import","0","W00","World","0","W00","World","H5","HS","true","2204","Wine of fresh grapes, including fortified wines; grape must other than that of heading no. 2009","4","false","C00","TOTAL CPC","0","0","TOTAL MOT","7","l","398456","true","-1","N/A","0","false","398456","false","0","false","336533.84","0","336533.84","2","false","true",
"C","A","20180101","2018","52","2018","470","MLT","Malta","M","Import","0","W00","World","0","W00","World","H5","HS","true","2204","Wine of fresh grapes, including fortified wines; grape must other than that of heading no. 2009","4","false","C00","TOTAL CPC","0 ","0","TOTAL MOT","7","l","6422473","true","-1","N/A","0","false","6546350","false","0","false","22980742.566",,"22980742.566","2","false","true",
"C","A","20180101","2018","52","2018","478","MRT","Mauritania","M","Import","0","W00","World","0","W00","World","H4","HS","true","2204","Wine of fresh grapes, including fortified wines; grape must other than that of heading no. 2009","4","false","C00","TOTAL CPC","0","0","TOTAL MOT","7","l","68282","true","-1","N/A","0","false","68282","false","0","false","774311.44",,"774311.44","2","false","true",
"C","A","20180101","2018","52","2018","480","MUS","Mauritius","M","Import","0","W00","World","0","W00","World","H5","HS","true","2204","Wine of fresh grapes, including fortified wines; grape must other than that of heading no. 2009","4","false","C00","TOTAL CPC","0 ","0","TOTAL MOT","7","l","2856043.401","true","-1","N/A","0","false","4140038","false",,"false","19982377.615","18675707.747","19982377.615","0","false","true",
"C","A","20180101","2018","52","2018","484","MEX","Mexico","M","Import","0","W00","World","0","W00","World","H4","HS","true","2204","Wine of fresh grapes, including fortified wines; grape must other than that of heading no. 2009","4","false","C00","TOTAL CPC","0","0","TOTAL MOT","-1","N/A","0","true","-1","N/A","0","false","0","true","0","false",,"271125775","271125775","6","false","true",
"C","A","20180101","2018","52","2018","490","S19","Other Asia, nes","M","Import","0","W00","World","0","W00","World","H5","HS","true","2204","Wine of fresh grapes, including fortified wines; grape must other than that of heading no. 2009","4","false","C00","TOTAL CPC","0 ","0","TOTAL MOT","-1","N/A","0","true","-1","N/A","0","false",,"true",,"false","214744035.59",,"214744035.59","0","false","true",
"C","A","20180101","2018","52","2018","496","MNG","Mongolia","M","Import","0","W00","World","0","W00","World","H5","HS","true","2204","Wine of fresh grapes, including fortified wines; grape must other than that of heading no. 2009","4","false","C00","TOTAL CPC","0 ","0","TOTAL MOT","7","l","2087430.88","false","7","l","2087430.88","false","3402743","false","0","false","7647628.86",,"7647628.86","0","false","true",
"C","A","20180101","2018","52","2018","498","MDA","Rep. of Moldova","M","Import","0","W00","World","0","W00","World","H4","HS","true","2204","Wine of fresh grapes, including fortified wines; grape must other than that of heading no. 2009","4","false","C00","TOTAL CPC","0 ","0","TOTAL MOT","7","l","1908739","false","7","l","1908739","false","1900539","false",,"false","2887059",,"2887059","0","false","true",
"C","A","20180101","2018","52","2018","499","MNE","Montenegro","M","Import","0","W00","World","0","W00","World","H5","HS","true","2204","Wine of fresh grapes, including fortified wines; grape must other than that of heading no. 2009","4","false","C00","TOTAL CPC","0 ","0","TOTAL MOT","7","l","2810733.96","false","7","l","2810733.96","false","2943672.24","false",,"false","8143639.092",,"8143639.092","0","false","true",
"C","A","20180101","2018","52","2018","500","MSR","Montserrat","M","Import","0","W00","World","0","W00","World","H3","HS","true","2204","Wine of fresh grapes, including fortified wines; grape must other than that of heading no. 2009","4","false","C00","TOTAL CPC","0","0","TOTAL MOT","7","l","2786","true","-1","N/A","0","false","2786","false","0","false","19432.739","0","19432.739","2","false","true",
"C","A","20180101","2018","52","2018","504","MAR","Morocco","M","Import","0","W00","World","0","W00","World","H5","HS","true","2204","Wine of fresh grapes, including fortified wines; grape must other than that of heading no. 2009","4","false","C00","TOTAL CPC","0","0","TOTAL MOT","7","l","18202708.779","true","-1","N/A","0","false","17913068.111","true","0","false","29145617.588",,"29145617.588","6","false","true",
"C","A","20180101","2018","52","2018","508","MOZ","Mozambique","M","Import","0","W00","World","0","W00","World","H5","HS","true","2204","Wine of fresh grapes, including fortified wines; grape must other than that of heading no. 2009","4","false","C00","TOTAL CPC","0","0","TOTAL MOT","-1","N/A","0","false","-1","N/A","0","false",,"false","0","false","11708951.695","10962135.568","11708951.695","0","false","true",
"C","A","20180101","2018","52","2018","512","OMN","Oman","M","Import","0","W00","World","0","W00","World","H5","HS","true","2204","Wine of fresh grapes, including fortified wines; grape must other than that of heading no. 2009","4","false","C00","TOTAL CPC","0","0","TOTAL MOT","7","l","1281386","true","-1","N/A","0","false","1281386","false","0","false","3923008.75",,"3923008.75","2","false","true",
"C","A","20180101","2018","52","2018","516","NAM","Namibia","M","Import","0","W00","World","0","W00","World","H5","HS","true","2204","Wine of fresh grapes, including fortified wines; grape must other than that of heading no. 2009","4","false","C00","TOTAL CPC","0 ","0","TOTAL MOT","7","l","13038981.109","true","-1","N/A","0","false","14037342.103","true","0","false","46456415.008",,"46456415.008","6","false","true",
"C","A","20180101","2018","52","2018","524","NPL","Nepal","M","Import","0","W00","World","0","W00","World","H4","HS","true","2204","Wine of fresh grapes, including fortified wines; grape must other than that of heading no. 2009","4","false","C00","TOTAL CPC","0","0","TOTAL MOT","7","l","891282","false","7","l","891282","false","891282","false","0","false","3397848.63","0","3397848.63","0","false","true",
"C","A","20180101","2018","52","2018","528","NLD","Netherlands","M","Import","0","W00","World","0","W00","World","H5","HS","true","2204","Wine of fresh grapes, including fortified wines; grape must other than that of heading no. 2009","4","false","C00","TOTAL CPC","0","0","TOTAL MOT","7","l","422138831","false","7","l","422138831","false","411258860.456","true","0","false","1380049744.657",,"1380049744.657","4","false","true",
"C","A","20180101","2018","52","2018","531","CUW","Curaçao","M","Import","0","W00","World","0","W00","World","H4","HS","true","2204","Wine of fresh grapes, including fortified wines; grape must other than that of heading no. 2009","4","false","C00","TOTAL CPC","0","0","TOTAL MOT","7","l","2894620.435","true","-1","N/A","0","false","2894883.684","true","0","false","7607862.715",,"7607862.715","6","false","true",
"C","A","20180101","2018","52","2018","533","ABW","Aruba","M","Import","0","W00","World","0","W00","World","H4","HS","true","2204","Wine of fresh grapes, including fortified wines; grape must other than that of heading no. 2009","4","false","C00","TOTAL CPC","0","0","TOTAL MOT","7","l","3256473.12","true","-1","N/A","0","false","3256473.12","false","0","false","11684985.101","0","11684985.101","2","false","true",
"C","A","20180101","2018","52","2018","554","NZL","New Zealand","M","Import","0","W00","World","0","W00","World","H5","HS","true","2204","Wine of fresh grapes, including fortified wines; grape must other than that of heading no. 2009","4","false","C00","TOTAL CPC","0","0","TOTAL MOT","7","l","41784427.328","true","-1","N/A","0","false","41784427.249","true","0","false","143397945.276","0","143397945.276","6","false","true",
"C","A","20180101","2018","52","2018","558","NIC","Nicaragua","M","Import","0","W00","World","0","W00","World","H5","HS","true","2204","Wine of fresh grapes, including fortified wines; grape must other than that of heading no. 2009","4","false","C00","TOTAL CPC","0 ","0","TOTAL MOT","7","l","1182577.896","true","-1","N/A","0","false","1182557.83","false",,"false","2758990.51",,"2758990.51","0","false","true",
"C","A","20180101","2018","52","2018","562","NER","Niger","M","Import","0","W00","World","0","W00","World","H5","HS","true","2204","Wine of fresh grapes, including fortified wines; grape must other than that of heading no. 2009","4","false","C00","TOTAL CPC","0","0","TOTAL MOT","7","l","449320","true","-1","N/A","0","false","449320","false","0","false","308321.222",,"308321.222","2","false","true",
"C","A","20180101","2018","52","2018","566","NGA","Nigeria","M","Import","0","W00","World","0","W00","World","H4","HS","true","2204","Wine of fresh grapes, including fortified wines; grape must other than that of heading no. 2009","4","false","C00","TOTAL CPC","0","0","TOTAL MOT","7","l","7162174.066","true","-1","N/A","0","false","7162179.747","true","0","false","5768465.007",,"5768465.007","6","false","true",
"C","A","20180101","2018","52","2018","579","NOR","Norway","M","Import","0","W00","World","0","W00","World","H5","HS","true","2204","Wine of fresh grapes, including fortified wines; grape must other than that of heading no. 2009","4","false","C00","TOTAL CPC","0","0","TOTAL MOT","7","l","86091401","false","7","l","86091401","false","86539998","false","0","false","440635666.124",,"440635666.124","0","false","true",
"C","A","20180101","2018","52","2018","585","PLW","Palau","M","Import","0","W00","World","0","W00","World","H5","HS","true","2204","Wine of fresh grapes, including fortified wines; grape must other than that of heading no. 2009","4","false","C00","TOTAL CPC","0 ","0","TOTAL MOT","7","l","57312.13","false","7","l","57312.13","false","57312.13","false",,"false",,"410794.67","410794.67","0","false","true",
"C","A","20180101","2018","52","2018","586","PAK","Pakistan","M","Import","0","W00","World","0","W00","World","H5","HS","true","2204","Wine of fresh grapes, including fortified wines; grape must other than that of heading no. 2009","4","false","C00","TOTAL CPC","0 ","0","TOTAL MOT","7","l","8067","false","7","l","8067","false","8067","false",,"false","112622.182",,"112622.182","0","false","true",
"C","A","20180101","2018","52","2018","591","PAN","Panama","M","Import","0","W00","World","0","W00","World","H5","HS","true","2204","Wine of fresh grapes, including fortified wines; grape must other than that of heading no. 2009","4","false","C00","TOTAL CPC","0","0","TOTAL MOT","7","l","9148904.325","true","-1","N/A","0","false","9850629.247","true","15976240","false","38320398","0","38320398","6","false","true",
"C","A","20180101","2018","52","2018","600","PRY","Paraguay","M","Import","0","W00","World","0","W00","World","H5","HS","true","2204","Wine of fresh grapes, including fortified wines; grape must other than that of heading no. 2009","4","false","C00","TOTAL CPC","0","0","TOTAL MOT","7","l","23209912.677","true","-1","N/A","0","false","23175128","false","0","false","51670490",,"51670490","2","false","true",
"C","A","20180101","2018","52","2018","604","PER","Peru","M","Import","0","W00","World","0","W00","World","H5","HS","true","2204","Wine of fresh grapes, including fortified wines; grape must other than that of heading no. 2009","4","false","C00","TOTAL CPC","0","0","TOTAL MOT","7","l","10636660.206","true","-1","N/A","0","false","11635827.088","true","0","false","37954921.79","36735131.53","37954921.79","6","false","true",
"C","A","20180101","2018","52","2018","608","PHL","Philippines","M","Import","0","W00","World","0","W00","World","H4","HS","true","2204","Wine of fresh grapes, including fortified wines; grape must other than that of heading no. 2009","4","false","C00","TOTAL CPC","0 ","0","TOTAL MOT","7","l","15414071.14","false","7","l","15414071.14","false","15414071.14","false","20508329.56","false","36601771.35","33854656","36601771.35","0","false","true",
"C","A","20180101","2018","52","2018","616","POL","Poland","M","Import","0","W00","World","0","W00","World","H5","HS","true","2204","Wine of fresh grapes, including fortified wines; grape must other than that of heading no. 2009","4","false","C00","TOTAL CPC","0 ","0","TOTAL MOT","7","l","131464305.446","true","-1","N/A","0","false","131534336","false",,"false","354095925",,"354095925","0","false","true",
"C","A","20180101","2018","52","2018","620","PRT","Portugal","M","Import","0","W00","World","0","W00","World","H5","HS","true","2204","Wine of fresh grapes, including fortified wines; grape must other than that of heading no. 2009","4","false","C00","TOTAL CPC","0 ","0","TOTAL MOT","7","l","199505570.432","true","-1","N/A","0","false","210851193","false",,"false","195535427",,"195535427","0","false","true",
"C","A","20180101","2018","52","2018","624","GNB","Guinea-Bissau","M","Import","0","W00","World","0","W00","World","H5","HS","true","2204","Wine of fresh grapes, including fortified wines; grape must other than that of heading no. 2009","4","false","C00","TOTAL CPC","0","0","TOTAL MOT","7","l","9286023","true","-1","N/A","0","false","9286023","false","0","false","3552406.554",,"3552406.554","2","false","true",
"C","A","20180101","2018","52","2018","626","TLS","Timor-Leste","M","Import","0","W00","World","0","W00","World","H2","HS","true","2204","Wine of fresh grapes, including fortified wines; grape must other than that of heading no. 2009","4","false","C00","TOTAL CPC","0","0","TOTAL MOT","7","l","63961.48","true","-1","N/A","0","false","63961.48","false","0","false","148958.63",,"148958.63","2","false","true",
"C","A","20180101","2018","52","2018","634","QAT","Qatar","M","Import","0","W00","World","0","W00","World","H4","HS","true","2204","Wine of fresh grapes, including fortified wines; grape must other than that of heading no. 2009","4","false","C00","TOTAL CPC","0","0","TOTAL MOT","7","l","1902938.47","true","-1","N/A","0","false","1902938.47","false","0","false","6218307.555",,"6218307.555","2","false","true",
"C","A","20180101","2018","52","2018","642","ROU","Romania","M","Import","0","W00","World","0","W00","World","H5","HS","true","2204","Wine of fresh grapes, including fortified wines; grape must other than that of heading no. 2009","4","false","C00","TOTAL CPC","0","0","TOTAL MOT","7","l","38805543.083","true","-1","N/A","0","false","38910515.37","true","0","false","73969717.94","0","73969717.94","6","false","true",
"C","A","20180101","2018","52","2018","643","RUS","Russian Federation","M","Import","0","W00","World","0","W00","World","H5","HS","true","2204","Wine of fresh grapes, including fortified wines; grape must other than that of heading no. 2009","4","false","C00","TOTAL CPC","0 ","0","TOTAL MOT","7","l","406800061.222","true","-1","N/A","0","false","587292465.9","false",,"false","1051033087.79",,"1051033087.79","0","false","true",
"C","A","20180101","2018","52","2018","646","RWA","Rwanda","M","Import","0","W00","World","0","W00","World","H5","HS","true","2204","Wine of fresh grapes, including fortified wines; grape must other than that of heading no. 2009","4","false","C00","TOTAL CPC","0","0","TOTAL MOT","7","l","1624811.72","true","-1","N/A","0","false","1624565.73","false","0","false","3307509.137","2734371.13","3307509.137","2","false","true",
"C","A","20180101","2018","52","2018","662","LCA","Saint Lucia","M","Import","0","W00","World","0","W00","World","H4","HS","true","2204","Wine of fresh grapes, including fortified wines; grape must other than that of heading no. 2009","4","false","C00","TOTAL CPC","0","0","TOTAL MOT","7","l","1573762.18","true","-1","N/A","0","false","2204669.238","true","0","false","5912554.34",,"5912554.34","6","false","true",
"C","A","20180101","2018","52","2018","670","VCT","Saint Vincent and the Grenadines","M","Import","0","W00","World","0","W00","World","H3","HS","true","2204","Wine of fresh grapes, including fortified wines; grape must other than that of heading no. 2009","4","false","C00","TOTAL CPC","0 ","0","TOTAL MOT","7","l","223490.21","true","-1","N/A","0","false","223490.21","false",,"false","1871670.743",,"1871670.743","0","false","true",
"C","A","20180101","2018","52","2018","678","STP","Sao Tome and Principe","M","Import","0","W00","World","0","W00","World","H3","HS","true","2204","Wine of fresh grapes, including fortified wines; grape must other than that of heading no. 2009","4","false","C00","TOTAL CPC","0 ","0","TOTAL MOT","-1","N/A","0","true","-1","N/A","0","false",,"false",,"false","4429539.286","3871558.666","4429539.286","0","false","true",
"C","A","20180101","2018","52","2018","686","SEN","Senegal","M","Import","0","W00","World","0","W00","World","H4","HS","true","2204","Wine of fresh grapes, including fortified wines; grape must other than that of heading no. 2009","4","false","C00","TOTAL CPC","0 ","0","TOTAL MOT","7","l","5417399","true","-1","N/A","0","false","5417399","false",,"false","6166617.529","5729647.649","6166617.529","0","false","true",
"C","A","20180101","2018","52","2018","688","SRB","Serbia","M","Import","0","W00","World","0","W00","World","H5","HS","true","2204","Wine of fresh grapes, including fortified wines; grape must other than that of heading no. 2009","4","false","C00","TOTAL CPC","0 ","0","TOTAL MOT","7","l","14685718.272","true","-1","N/A","0","false","22354777","false",,"false","31573501","31342418","31573501","0","false","true",
"C","A","20180101","2018","52","2018","690","SYC","Seychelles","M","Import","0","W00","World","0","W00","World","H5","HS","true","2204","Wine of fresh grapes, including fortified wines; grape must other than that of heading no. 2009","4","false","C00","TOTAL CPC","0","0","TOTAL MOT","7","l","2359818.354","true","-1","N/A","0","false","3896259.338","false","0","false","11921936.144","0","11921936.144","2","false","true",
"C","A","20180101","2018","52","2018","694","SLE","Sierra Leone","M","Import","0","W00","World","0","W00","World","H4","HS","true","2204","Wine of fresh grapes, including fortified wines; grape must other than that of heading no. 2009","4","false","C00","TOTAL CPC","0","0","TOTAL MOT","7","l","345406.16","true","-1","N/A","0","false","345406.16","false","0","false","568723.62",,"568723.62","2","false","true",
"C","A","20180101","2018","52","2018","699","IND","India","M","Import","0","W00","World","0","W00","World","H5","HS","true","2204","Wine of fresh grapes, including fortified wines; grape must other than that of heading no. 2009","4","false","C00","TOTAL CPC","0 ","0","TOTAL MOT","7","l","5170981","false","7","l","5170981","false","5170981","false",,"false","27348271.073",,"27348271.073","0","false","true",
"C","A","20180101","2018","52","2018","702","SGP","Singapore","M","Import","0","W00","World","0","W00","World","H5","HS","true","2204","Wine of fresh grapes, including fortified wines; grape must other than that of heading no. 2009","4","false","C00","TOTAL CPC","0","0","TOTAL MOT","7","l","35521487.737","true","-1","N/A","0","false","35521487.737","true","0","false","658527352.5","0","658527352.5","6","false","true",
"C","A","20180101","2018","52","2018","703","SVK","Slovakia","M","Import","0","W00","World","0","W00","World","H5","HS","true","2204","Wine of fresh grapes, including fortified wines; grape must other than that of heading no. 2009","4","false","C00","TOTAL CPC","0","0","TOTAL MOT","7","l","84650015.759","true","-1","N/A","0","false","86117728.555","true","0","false","84132326.439","82737768.683","84132326.439","6","false","true",
"C","A","20180101","2018","52","2018","704","VNM","Viet Nam","M","Import","0","W00","World","0","W00","World","H5","HS","true","2204","Wine of fresh grapes, including fortified wines; grape must other than that of heading no. 2009","4","false","C00","TOTAL CPC","0","0","TOTAL MOT","7","l","9200168.678","true","-1","N/A","0","false","9752829.77","true","0","false","27706815.39",,"27706815.39","6","false","true",
"C","A","20180101","2018","52","2018","705","SVN","Slovenia","M","Import","0","W00","World","0","W00","World","H5","HS","true","2204","Wine of fresh grapes, including fortified wines; grape must other than that of heading no. 2009","4","false","C00","TOTAL CPC","0 ","0","TOTAL MOT","7","l","10727435.19","false","7","l","10727435.19","false","10945014.96","false","0","false","16450555.63",,"16450555.63","0","false","true",
"C","A","20180101","2018","52","2018","710","ZAF","South Africa","M","Import","0","W00","World","0","W00","World","H5","HS","true","2204","Wine of fresh grapes, including fortified wines; grape must other than that of heading no. 2009","4","false","C00","TOTAL CPC","0","0","TOTAL MOT","7","l","18657220.99","false","-1","N/A","0","false","18657220.99","false","0","false","0","50275271.293","50275271.293","0","false","true",
"C","A","20180101","2018","52","2018","716","ZWE","Zimbabwe","M","Import","0","W00","World","0","W00","World","H5","HS","true","2204","Wine of fresh grapes, including fortified wines; grape must other than that of heading no. 2009","4","false","C00","TOTAL CPC","0","0","TOTAL MOT","7","l","2481873.117","true","-1","N/A","0","false","2543833.79","false","0","false","5513949.57",,"5513949.57","2","false","true",
"C","A","20180101","2018","52","2018","724","ESP","Spain","M","Import","0","W00","World","0","W00","World","H5","HS","true","2204","Wine of fresh grapes, including fortified wines; grape must other than that of heading no. 2009","4","false","C00","TOTAL CPC","0","0","TOTAL MOT","-1","N/A","0","false","-1","N/A","0","false",,"true","0","false","257446935.75",,"257446935.75","4","false","true",
"C","A","20180101","2018","52","2018","740","SUR","Suriname","M","Import","0","W00","World","0","W00","World","H3","HS","true","2204","Wine of fresh grapes, including fortified wines; grape must other than that of heading no. 2009","4","false","C00","TOTAL CPC","0","0","TOTAL MOT","7","l","645362.91","true","-1","N/A","0","false","645362.91","false","919861.95","false","920923.158","0","920923.158","2","false","true",
"C","A","20180101","2018","52","2018","748","SWZ","Eswatini","M","Import","0","W00","World","0","W00","World","H5","HS","true","2204","Wine of fresh grapes, including fortified wines; grape must other than that of heading no. 2009","4","false","C00","TOTAL CPC","0","0","TOTAL MOT","-1","N/A","0","true","-1","N/A","0","false","3481366.849","false","0","false","4868761.348",,"4868761.348","2","false","true",
"C","A","20180101","2018","52","2018","752","SWE","Sweden","M","Import","0","W00","World","0","W00","World","H5","HS","true","2204","Wine of fresh grapes, including fortified wines; grape must other than that of heading no. 2009","4","false","C00","TOTAL CPC","0","0","TOTAL MOT","7","l","207446776","true","-1","N/A","0","false","167052459.415","true","0","false","784068184.433","0","784068184.433","6","false","true",
"C","A","20180101","2018","52","2018","757","CHE","Switzerland","M","Import","0","W00","World","0","W00","World","H5","HS","true","2204","Wine of fresh grapes, including fortified wines; grape must other than that of heading no. 2009","4","false","C00","TOTAL CPC","0","0","TOTAL MOT","-1","N/A","0","true","-1","N/A","0","false","0","true","0","false","1214730348.802","0","1214730348.802","6","false","true",
"C","A","20180101","2018","52","2018","762","TJK","Tajikistan","M","Import","0","W00","World","0","W00","World","H4","HS","true","2204","Wine of fresh grapes, including fortified wines; grape must other than that of heading no. 2009","4","false","C00","TOTAL CPC","0","0","TOTAL MOT","7","l","195806.37","true","-1","N/A","0","false","195806.37","false","0","false","734417","0","734417","2","false","true",
"C","A","20180101","2018","52","2018","764","THA","Thailand","M","Import","0","W00","World","0","W00","World","H5","HS","true","2204","Wine of fresh grapes, including fortified wines; grape must other than that of heading no. 2009","4","false","C00","TOTAL CPC","0 ","0","TOTAL MOT","7","l","13642302.491","true","-1","N/A","0","false","16132042.681","true",,"false","71849077.92",,"71849077.92","0","false","true",
"C","A","20180101","2018","52","2018","768","TGO","Togo","M","Import","0","W00","World","0","W00","World","H5","HS","true","2204","Wine of fresh grapes, including fortified wines; grape must other than that of heading no. 2009","4","false","C00","TOTAL CPC","0","0","TOTAL MOT","7","l","12227869.444","true","-1","N/A","0","false","12278136","false","0","false","10104340.376","8939959.531","10104340.376","2","false","true",
"C","A","20180101","2018","52","2018","776","TON","Tonga","M","Import","0","W00","World","0","W00","World","H5","HS","true","2204","Wine of fresh grapes, including fortified wines; grape must other than that of heading no. 2009","4","false","C00","TOTAL CPC","0","0","TOTAL MOT","7","l","62687.994","true","-1","N/A","0","false","63186.643","true","0","false","87642.259",,"87642.259","6","false","true",
"C","A","20180101","2018","52","2018","780","TTO","Trinidad and Tobago","M","Import","0","W00","World","0","W00","World","H4","HS","true","2204","Wine of fresh grapes, including fortified wines; grape must other than that of heading no. 2009","4","false","C00","TOTAL CPC","0","0","TOTAL MOT","7","l","996396.646","true","-1","N/A","0","false","1558576","false","0","false","6645182.125","0","6645182.125","2","false","true",
"C","A","20180101","2018","52","2018","784","ARE","United Arab Emirates","M","Import","0","W00","World","0","W00","World","H5","HS","true","2204","Wine of fresh grapes, including fortified wines; grape must other than that of heading no. 2009","4","false","C00","TOTAL CPC","0","0","TOTAL MOT","7","l","44125728.31","true","-1","N/A","0","false","43883394.64","true","0","false","311204983.799","0","311204983.799","6","false","true",
"C","A","20180101","2018","52","2018","788","TUN","Tunisia","M","Import","0","W00","World","0","W00","World","H5","HS","true","2204","Wine of fresh grapes, including fortified wines; grape must other than that of heading no. 2009","4","false","C00","TOTAL CPC","0","0","TOTAL MOT","7","l","153270","true","-1","N/A","0","false","153270","false","0","false","1376587.792",,"1376587.792","2","false","true",
"C","A","20180101","2018","52","2018","792","TUR","Türkiye","M","Import","0","W00","World","0","W00","World","H5","HS","true","2204","Wine of fresh grapes, including fortified wines; grape must other than that of heading no. 2009","4","false","C00","TOTAL CPC","0","0","TOTAL MOT","7","l","4198206","false","7","l","4198206","false","4197252","false","0","false","19399961","18091667","19399961","0","false","true",
"C","A","20180101","2018","52","2018","800","UGA","Uganda","M","Import","0","W00","World","0","W00","World","H5","HS","true","2204","Wine of fresh grapes, including fortified wines; grape must other than that of heading no. 2009","4","false","C00","TOTAL CPC","0 ","0","TOTAL MOT","7","l","2414848","true","-1","N/A","0","false","3363116.63","false","0","false","4696300",,"4696300","2","false","true",
"C","A","20180101","2018","52","2018","804","UKR","Ukraine","M","Import","0","W00","World","0","W00","World","H4","HS","true","2204","Wine of fresh grapes, including fortified wines; grape must other than that of heading no. 2009","4","false","C00","TOTAL CPC","0 ","0","TOTAL MOT","7","l","37786623.24","false","7","l","37786623.24","false","48090706.89","false",,"false","125255768.42",,"125255768.42","0","false","true",
"C","A","20180101","2018","52","2018","807","MKD","North Macedonia","M","Import","0","W00","World","0","W00","World","H5","HS","true","2204","Wine of fresh grapes, including fortified wines; grape must other than that of heading no. 2009","4","false","C00","TOTAL CPC","0 ","0","TOTAL MOT","7","l","258428","false","7","l","258428","false","257947","false",,"false","682231.43",,"682231.43","0","false","true",
"C","A","20180101","2018","52","2018","826","GBR","United Kingdom","M","Import","0","W00","World","0","W00","World","H5","HS","true","2204","Wine of fresh grapes, including fortified wines; grape must other than that of heading no. 2009","4","false","C00","TOTAL CPC","0 ","0","TOTAL MOT","7","l","1397464441.318","true","-1","N/A","0","false","1400383567.92","true","0","false","4372943650.457",,"4372943650.457","0","false","true",
"C","A","20180101","2018","52","2018","834","TZA","United Rep. of Tanzania","M","Import","0","W00","World","0","W00","World","H5","HS","true","2204","Wine of fresh grapes, including fortified wines; grape must other than that of heading no. 2009","4","false","C00","TOTAL CPC","0 ","0","TOTAL MOT","7","l","2889507.213","true","-1","N/A","0","false","2911914.06","true",,"false","4988753.257",,"4988753.257","0","false","true",
"C","A","20180101","2018","52","2018","842","USA","USA","M","Import","0","W00","World","0","W00","World","H5","HS","true","2204","Wine of fresh grapes, including fortified wines; grape must other than that of heading no. 2009","4","false","C00","TOTAL CPC","0","0","TOTAL MOT","7","l","1151043134.316","true","-1","N/A","0","false","1151043134.316","true","0","false","6449227701","0","6449227701","6","false","true",
"C","A","20180101","2018","52","2018","854","BFA","Burkina Faso","M","Import","0","W00","World","0","W00","World","H5","HS","true","2204","Wine of fresh grapes, including fortified wines; grape must other than that of heading no. 2009","4","false","C00","TOTAL CPC","0","0","TOTAL MOT","7","l","7868941.46","true","-1","N/A","0","false","7868711","false","0","false","3699345.431","0","3699345.431","2","false","true",
"C","A","20180101","2018","52","2018","858","URY","Uruguay","M","Import","0","W00","World","0","W00","World","H5","HS","true","2204","Wine of fresh grapes, including fortified wines; grape must other than that of heading no. 2009","4","false","C00","TOTAL CPC","0","0","TOTAL MOT","7","l","3366391.69","false","7","l","3366391.69","false","3645247.46","false","0","false","12681121.75","12146892.28","12681121.75","0","false","true",
"C","A","20180101","2018","52","2018","860","UZB","Uzbekistan","M","Import","0","W00","World","0","W00","World","H5","HS","true","2204","Wine of fresh grapes, including fortified wines; grape must other than that of heading no. 2009","4","false","C00","TOTAL CPC","0 ","0","TOTAL MOT","7","l","103025.7","false","7","l","103025.7","false","103025.7","false",,"false","430149",,"430149","0","false","true",
"C","A","20180101","2018","52","2018","882","WSM","Samoa","M","Import","0","W00","World","0","W00","World","H4","HS","true","2204","Wine of fresh grapes, including fortified wines; grape must other than that of heading no. 2009","4","false","C00","TOTAL CPC","0 ","0","TOTAL MOT","7","l","14089.25","false","7","l","14089.25","false","14089.25","false",,"false","65209.882",,"65209.882","0","false","true",
"C","A","20180101","2018","52","2018","894","ZMB","Zambia","M","Import","0","W00","World","0","W00","World","H5","HS","true","2204","Wine of fresh grapes, including fortified wines; grape must other than that of heading no. 2009","4","false","C00","TOTAL CPC","0","0","TOTAL MOT","-1","N/A","0","false","-1","N/A","0","false",,"false","0","false","4726389.245",,"4726389.245","0","false","true",
"C","A","20190101","2019","52","2019","8","ALB","Albania","M","Import","0","W00","World","0","W00","World","H5","HS","true","2204","Wine of fresh grapes, including fortified wines; grape must other than that of heading no. 2009","4","false","C00","TOTAL CPC","0","0","TOTAL MOT","-1","N/A","0","false","-1","N/A","0","false","0","false","0","false","10583282.929","0","10583282.929","0","false","true",
"C","A","20190101","2019","52","2019","20","AND","Andorra","M","Import","0","W00","World","0","W00","World","H5","HS","true","2204","Wine of fresh grapes, including fortified wines; grape must other than that of heading no. 2009","4","false","C00","TOTAL CPC","0","0","TOTAL MOT","7","l","3211294.046","true","-1","N/A","0","false","3218261.28","false","0","false","16354867.743",,"16354867.743","2","false","true",
"C","A","20190101","2019","52","2019","24","AGO","Angola","M","Import","0","W00","World","0","W00","World","H5","HS","true","2204","Wine of fresh grapes, including fortified wines; grape must other than that of heading no. 2009","4","false","C00","TOTAL CPC","0","0","TOTAL MOT","7","l","36810752.849","true","-1","N/A","0","false","38323224.922","false","0","false","56184904.938",,"56184904.938","2","false","true",
"C","A","20190101","2019","52","2019","28","ATG","Antigua and Barbuda","M","Import","0","W00","World","0","W00","World","H3","HS","true","2204","Wine of fresh grapes, including fortified wines; grape must other than that of heading no. 2009","4","false","C00","TOTAL CPC","0","0","TOTAL MOT","7","l","1479051.75","true","-1","N/A","0","false","1479051.75","false","0","false","4313225.745",,"4313225.745","2","false","true",
"C","A","20190101","2019","52","2019","31","AZE","Azerbaijan","M","Import","0","W00","World","0","W00","World","H5","HS","true","2204","Wine of fresh grapes, including fortified wines; grape must other than that of heading no. 2009","4","false","C00","TOTAL CPC","0","0","TOTAL MOT","7","l","394148.95","false","7","l","394148.95","false","546998.26","false","0","false","3178095.04",,"3178095.04","0","false","true",
"C","A","20190101","2019","52","2019","32","ARG","Argentina","M","Import","0","W00","World","0","W00","World","H5","HS","true","2204","Wine of fresh grapes, including fortified wines; grape must other than that of heading no. 2009","4","false","C00","TOTAL CPC","0","0","TOTAL MOT","7","l","313388.35","false","7","l","313388.35","false","313287.17","false","0","false","4561845.63","4443967.45","4561845.63","0","false","true",
"C","A","20190101","2019","52","2019","36","AUS","Australia","M","Import","0","W00","World","0","W00","World","H5","HS","true","2204","Wine of fresh grapes, including fortified wines; grape must other than that of heading no. 2009","4","false","C00","TOTAL CPC","0","0","TOTAL MOT","7","l","102423899.482","true","-1","N/A","0","false","102423851.696","true","0","false","603352749.892","584609016.649","603352749.892","6","false","true",
"C","A","20190101","2019","52","2019","40","AUT","Austria","M","Import","0","W00","World","0","W00","World","H5","HS","true","2204","Wine of fresh grapes, including fortified wines; grape must other than that of heading no. 2009","4","false","C00","TOTAL CPC","0","0","TOTAL MOT","7","l","73371530.429","true","-1","N/A","0","false","72895738","false","0","false","266515879.819",,"266515879.819","2","false","true",
"C","A","20190101","2019","52","2019","44","BHS","Bahamas","M","Import","0","W00","World","0","W00","World","H4","HS","true","2204","Wine of fresh grapes, including fortified wines; grape must other than that of heading no. 2009","4","false","C00","TOTAL CPC","0","0","TOTAL MOT","7","l","4575957.344","true","-1","N/A","0","false","5410746.367","true","0","false","20296902.558",,"20296902.558","6","false","true",
"C","A","20190101","2019","52","2019","48","BHR","Bahrain","M","Import","0","W00","World","0","W00","World","H5","HS","true","2204","Wine of fresh grapes, including fortified wines; grape must other than that of heading no. 2009","4","false","C00","TOTAL CPC","0","0","TOTAL MOT","7","l","1322721.29","false","7","l","1322721.29","false","1765188.01","false","0","false","6238701.33","0","6238701.33","0","false","true",
"C","A","20190101","2019","52","2019","51","ARM","Armenia","M","Import","0","W00","World","0","W00","World","H5","HS","true","2204","Wine of fresh grapes, including fortified wines; grape must other than that of heading no. 2009","4","false","C00","TOTAL CPC","0","0","TOTAL MOT","7","l","451292.08","false","7","l","451292.08","false","451701.79","false","0","false","1509186.4","0","1509186.4","0","false","true",
"C","A","20190101","2019","52","2019","52","BRB","Barbados","M","Import","0","W00","World","0","W00","World","H5","HS","true","2204","Wine of fresh grapes, including fortified wines; grape must other than that of heading no. 2009","4","false","C00","TOTAL CPC","0","0","TOTAL MOT","7","l","1758238.372","true","-1","N/A","0","false","2696849","false","0","false","10171617",,"10171617","2","false","true",
"C","A","20190101","2019","52","2019","56","BEL","Belgium","M","Import","0","W00","World","0","W00","World","H5","HS","true","2204","Wine of fresh grapes, including fortified wines; grape must other than that of heading no. 2009","4","false","C00","TOTAL CPC","0","0","TOTAL MOT","7","l","283895017.377","true","-1","N/A","0","false","287066011.346","true","0","false","1075488929.639","0","1075488929.639","6","false","true",
"C","A","20190101","2019","52","2019","60","BMU","Bermuda","M","Import","0","W00","World","0","W00","World","H5","HS","true","2204","Wine of fresh grapes, including fortified wines; grape must other than that of heading no. 2009","4","false","C00","TOTAL CPC","0","0","TOTAL MOT","7","l","1781788.034","true","-1","N/A","0","false","1378458.153","true","0","false","14458197.73",,"14458197.73","6","false","true",
"C","A","20190101","2019","52","2019","64","BTN","Bhutan","M","Import","0","W00","World","0","W00","World","H5","HS","true","2204","Wine of fresh grapes, including fortified wines; grape must other than that of heading no. 2009","4","false","C00","TOTAL CPC","0","0","TOTAL MOT","7","l","101824.3","false","7","l","101824.3","false","101824.3","false","0","false","376761.475",,"376761.475","0","false","true",
"C","A","20190101","2019","52","2019","68","BOL","Bolivia (Plurinational State of)","M","Import","0","W00","World","0","W00","World","H5","HS","true","2204","Wine of fresh grapes, including fortified wines; grape must other than that of heading no. 2009","4","false","C00","TOTAL CPC","0","0","TOTAL MOT","7","l","418779.9","false","7","l","418779.9","false","402183","false","0","false","1641188.17","1530361.29","1641188.17","0","false","true",
"C","A","20190101","2019","52","2019","70","BIH","Bosnia Herzegovina","M","Import","0","W00","World","0","W00","World","H5","HS","true","2204","Wine of fresh grapes, including fortified wines; grape must other than that of heading no. 2009","4","false","C00","TOTAL CPC","0","0","TOTAL MOT","7","l","8616309.796","true","-1","N/A","0","false","8751722.63","false","0","false","19202480.31",,"19202480.31","2","false","true",
"C","A","20190101","2019","52","2019","72","BWA","Botswana","M","Import","0","W00","World","0","W00","World","H5","HS","true","2204","Wine of fresh grapes, including fortified wines; grape must other than that of heading no. 2009","4","false","C00","TOTAL CPC","0","0","TOTAL MOT","7","l","4595643.431","true","-1","N/A","0","false","5830237.78","false","0","false","11442187.988",,"11442187.988","2","false","true",
"C","A","20190101","2019","52","2019","76","BRA","Brazil","M","Import","0","W00","World","0","W00","World","H5","HS","true","2204","Wine of fresh grapes, including fortified wines; grape must other than that of heading no. 2009","4","false","C00","TOTAL CPC","0","0","TOTAL MOT","7","l","119938941.345","true","-1","N/A","0","false","120364848","false","0","false","388142133","371684099","388142133","2","false","true",
"C","A","20190101","2019","52","2019","84","BLZ","Belize","M","Import","0","W00","World","0","W00","World","H5","HS","true","2204","Wine of fresh grapes, including fortified wines; grape must other than that of heading no. 2009","4","false","C00","TOTAL CPC","0","0","TOTAL MOT","7","l","712214.019","true","-1","N/A","0","false","712086.586","true","0","false","2530501.815",,"2530501.815","6","false","true",
"C","A","20190101","2019","52","2019","96","BRN","Brunei Darussalam","M","Import","0","W00","World","0","W00","World","H5","HS","true","2204","Wine of fresh grapes, including fortified wines; grape must other than that of heading no. 2009","4","false","C00","TOTAL CPC","0","0","TOTAL MOT","7","l","17716","false","7","l","17716","false","17716","false","0","false","123289.49",,"123289.49","0","false","true",
"C","A","20190101","2019","52","2019","100","BGR","Bulgaria","M","Import","0","W00","World","0","W00","World","H5","HS","true","2204","Wine of fresh grapes, including fortified wines; grape must other than that of heading no. 2009","4","false","C00","TOTAL CPC","0","0","TOTAL MOT","7","l","9037313","false","7","l","9037313","false","8997914","false","0","false","23260685.825",,"23260685.825","0","false","true",
"C","A","20190101","2019","52","2019","104","MMR","Myanmar","M","Import","0","W00","World","0","W00","World","H5","HS","true","2204","Wine of fresh grapes, including fortified wines; grape must other than that of heading no. 2009","4","false","C00","TOTAL CPC","0","0","TOTAL MOT","7","l","2002803.35","true","-1","N/A","0","false","2002803.35","false","0","false","5061645.26",,"5061645.26","2","false","true",
"C","A","20190101","2019","52","2019","108","BDI","Burundi","M","Import","0","W00","World","0","W00","World","H5","HS","true","2204","Wine of fresh grapes, including fortified wines; grape must other than that of heading no. 2009","4","false","C00","TOTAL CPC","0","0","TOTAL MOT","7","l","224954","false","7","l","224954","false","404645.795","false","0","false","1017111.251",,"1017111.251","0","false","true",
"C","A","20190101","2019","52","2019","112","BLR","Belarus","M","Import","0","W00","World","0","W00","World","H5","HS","true","2204","Wine of fresh grapes, including fortified wines; grape must other than that of heading no. 2009","4","false","C00","TOTAL CPC","0","0","TOTAL MOT","7","l","68403429","false","7","l","68403429","false","68516278","false","0","false","76145000",,"76145000","0","false","true",
"C","A","20190101","2019","52","2019","116","KHM","Cambodia","M","Import","0","W00","World","0","W00","World","H5","HS","true","2204","Wine of fresh grapes, including fortified wines; grape must other than that of heading no. 2009","4","false","C00","TOTAL CPC","0","0","TOTAL MOT","7","l","1305288.848","true","-1","N/A","0","false","1275165.07","false","0","false","2588101.49",,"2588101.49","2","false","true",
"C","A","20190101","2019","52","2019","120","CMR","Cameroon","M","Import","0","W00","World","0","W00","World","H5","HS","true","2204","Wine of fresh grapes, including fortified wines; grape must other than that of heading no. 2009","4","false","C00","TOTAL CPC","0","0","TOTAL MOT","7","l","9884059.907","true","-1","N/A","0","false","9882240","false","0","false","18926344.21",,"18926344.21","2","false","true",
"C","A","20190101","2019","52","2019","124","CAN","Canada","M","Import","0","W00","World","0","W00","World","H5","HS","true","2204","Wine of fresh grapes, including fortified wines; grape must other than that of heading no. 2009","4","false","C00","TOTAL CPC","0","0","TOTAL MOT","7","l","416799707","false","7","l","416799707","false","416799826.443","true","0","false",,"1948910866.07","1948910866.07","4","false","true",
"C","A","20190101","2019","52","2019","132","CPV","Cabo Verde","M","Import","0","W00","World","0","W00","World","H5","HS","true","2204","Wine of fresh grapes, including fortified wines; grape must other than that of heading no. 2009","4","false","C00","TOTAL CPC","0","0","TOTAL MOT","7","l","6302066.7","true","-1","N/A","0","false","7404092","false","0","false","5764618.072","5132443.165","5764618.072","2","false","true",
"C","A","20190101","2019","52","2019","140","CAF","Central African Rep.","M","Import","0","W00","World","0","W00","World","H4","HS","true","2204","Wine of fresh grapes, including fortified wines; grape must other than that of heading no. 2009","4","false","C00","TOTAL CPC","0","0","TOTAL MOT","7","l","470133","true","-1","N/A","0","false","470133","false","0","false","798415.252","0","798415.252","2","false","true",
"C","A","20190101","2019","52","2019","144","LKA","Sri Lanka","M","Import","0","W00","World","0","W00","World","H5","HS","true","2204","Wine of fresh grapes, including fortified wines; grape must other than that of heading no. 2009","4","false","C00","TOTAL CPC","0","0","TOTAL MOT","7","l","1461254","false","7","l","1461254","false","1461254","false","0","false","6725749.512","0","6725749.512","0","false","true",
"C","A","20190101","2019","52","2019","152","CHL","Chile","M","Import","0","W00","World","0","W00","World","H5","HS","true","2204","Wine of fresh grapes, including fortified wines; grape must other than that of heading no. 2009","4","false","C00","TOTAL CPC","0","0","TOTAL MOT","7","l","2652225.003","true","-1","N/A","0","false","2652225.003","true","0","false","12387221.518","11738139.023","12387221.518","6","false","true",
"C","A","20190101","2019","52","2019","156","CHN","China","M","Import","0","W00","World","0","W00","World","H5","HS","true","2204","Wine of fresh grapes, including fortified wines; grape must other than that of heading no. 2009","4","false","C00","TOTAL CPC","0","0","TOTAL MOT","7","l","612485146","false","7","l","612485146","false","609479511","false","0","false","2434144606","0","2434144606","0","false","true",
"C","A","20190101","2019","52","2019","170","COL","Colombia","M","Import","0","W00","World","0","W00","World","H5","HS","true","2204","Wine of fresh grapes, including fortified wines; grape must other than that of heading no. 2009","4","false","C00","TOTAL CPC","0","0","TOTAL MOT","7","l","22315263.62","false","7","l","22315263.62","false","23073582.67","false","0","false","65842256.53","64047495.44","65842256.53","0","false","true",
"C","A","20190101","2019","52","2019","174","COM","Comoros","M","Import","0","W00","World","0","W00","World","H5","HS","true","2204","Wine of fresh grapes, including fortified wines; grape must other than that of heading no. 2009","4","false","C00","TOTAL CPC","0","0","TOTAL MOT","7","l","311919","true","-1","N/A","0","false","311919","false","0","false","170555.173",,"170555.173","2","false","true",
"C","A","20190101","2019","52","2019","178","COG","Congo","M","Import","0","W00","World","0","W00","World","H5","HS","true","2204","Wine of fresh grapes, including fortified wines; grape must other than that of heading no. 2009","4","false","C00","TOTAL CPC","0","0","TOTAL MOT","-1","N/A","0","true","-1","N/A","0","false","2277664.83","false","0","false","4079907.457",,"4079907.457","2","false","true",
"C","A","20190101","2019","52","2019","180","COD","Dem. Rep. of the Congo","M","Import","0","W00","World","0","W00","World","H4","HS","true","2204","Wine of fresh grapes, including fortified wines; grape must other than that of heading no. 2009","4","false","C00","TOTAL CPC","0","0","TOTAL MOT","-1","N/A","0","true","-1","N/A","0","false","1716380","false","0","false","2053541.056","0","2053541.056","2","false","true",
"C","A","20190101","2019","52","2019","188","CRI","Costa Rica","M","Import","0","W00","World","0","W00","World","H5","HS","true","2204","Wine of fresh grapes, including fortified wines; grape must other than that of heading no. 2009","4","false","C00","TOTAL CPC","0","0","TOTAL MOT","7","l","11841400.035","true","-1","N/A","0","false","11849336","false","0","false","28570793.51",,"28570793.51","2","false","true",
"C","A","20190101","2019","52","2019","191","HRV","Croatia","M","Import","0","W00","World","0","W00","World","H5","HS","true","2204","Wine of fresh grapes, including fortified wines; grape must other than that of heading no. 2009","4","false","C00","TOTAL CPC","0","0","TOTAL MOT","7","l","24877838.066","false","7","l","24877838.066","false","24826452.22","false","0","false","35806711",,"35806711","0","false","true",
"C","A","20190101","2019","52","2019","192","CUB","Cuba","M","Import","0","W00","World","0","W00","World","H5","HS","true","2204","Wine of fresh grapes, including fortified wines; grape must other than that of heading no. 2009","4","false","C00","TOTAL CPC","0","0","TOTAL MOT","7","l","4570963.01","false","7","l","4570963.01","false","4642860.311","false","0","false","11761593.48",,"11761593.48","0","false","true",
"C","A","20190101","2019","52","2019","196","CYP","Cyprus","M","Import","0","W00","World","0","W00","World","H5","HS","true","2204","Wine of fresh grapes, including fortified wines; grape must other than that of heading no. 2009","4","false","C00","TOTAL CPC","0","0","TOTAL MOT","7","l","7869246.388","true","-1","N/A","0","false","7756839.825","true","0","false","28998545.694","0","28998545.694","6","false","true",
"C","A","20190101","2019","52","2019","203","CZE","Czechia","M","Import","0","W00","World","0","W00","World","H5","HS","true","2204","Wine of fresh grapes, including fortified wines; grape must other than that of heading no. 2009","4","false","C00","TOTAL CPC","0","0","TOTAL MOT","7","l","156325764.089","true","-1","N/A","0","false","161851308","false","0","false","256829436","248451756","256829436","2","false","true",
"C","A","20190101","2019","52","2019","204","BEN","Benin","M","Import","0","W00","World","0","W00","World","H5","HS","true","2204","Wine of fresh grapes, including fortified wines; grape must other than that of heading no. 2009","4","false","C00","TOTAL CPC","0","0","TOTAL MOT","7","l","2307930.823","true","-1","N/A","0","false","2317045","false","0","false","2232212.582",,"2232212.582","2","false","true",
"C","A","20190101","2019","52","2019","208","DNK","Denmark","M","Import","0","W00","World","0","W00","World","H5","HS","true","2204","Wine of fresh grapes, including fortified wines; grape must other than that of heading no. 2009","4","false","C00","TOTAL CPC","0","0","TOTAL MOT","7","l","187847450.912","true","-1","N/A","0","false","192357617.314","true","0","false","732103614.623","0","732103614.623","6","false","true",
"C","A","20190101","2019","52","2019","212","DMA","Dominica","M","Import","0","W00","World","0","W00","World","H3","HS","true","2204","Wine of fresh grapes, including fortified wines; grape must other than that of heading no. 2009","4","false","C00","TOTAL CPC","0","0","TOTAL MOT","7","l","448816","true","-1","N/A","0","false","448816","false","0","false","954158.826",,"954158.826","2","false","true",
"C","A","20190101","2019","52","2019","214","DOM","Dominican Rep.","M","Import","0","W00","World","0","W00","World","H5","HS","true","2204","Wine of fresh grapes, including fortified wines; grape must other than that of heading no. 2009","4","false","C00","TOTAL CPC","0","0","TOTAL MOT","7","l","11313144.369","true","-1","N/A","0","false",,"false","0","false","61893294.859","58026125.857","61893294.859","2","false","true",
"C","A","20190101","2019","52","2019","218","ECU","Ecuador","M","Import","0","W00","World","0","W00","World","H5","HS","true","2204","Wine of fresh grapes, including fortified wines; grape must other than that of heading no. 2009","4","false","C00","TOTAL CPC","0","0","TOTAL MOT","7","l","8708586.11","false","7","l","8708586.11","false","10449320.046","false","0","false","22626139.522","21839302.03","22626139.522","0","false","true",
"C","A","20190101","2019","52","2019","222","SLV","El Salvador","M","Import","0","W00","World","0","W00","World","H5","HS","true","2204","Wine of fresh grapes, including fortified wines; grape must other than that of heading no. 2009","4","false","C00","TOTAL CPC","0","0","TOTAL MOT","7","l","2698428.367","true","-1","N/A","0","false","2702900.52","false","0","false","5900185.91","0","5900185.91","2","false","true",
"C","A","20190101","2019","52","2019","231","ETH","Ethiopia","M","Import","0","W00","World","0","W00","World","H5","HS","true","2204","Wine of fresh grapes, including fortified wines; grape must other than that of heading no. 2009","4","false","C00","TOTAL CPC","0","0","TOTAL MOT","7","l","523534.02","true","-1","N/A","0","false","523534.02","false","0","false","2117490.19","0","2117490.19","2","false","true",
"C","A","20190101","2019","52","2019","233","EST","Estonia","M","Import","0","W00","World","0","W00","World","H5","HS","true","2204","Wine of fresh grapes, including fortified wines; grape must other than that of heading no. 2009","4","false","C00","TOTAL CPC","0","0","TOTAL MOT","7","l","22451337.7","false","7","l","22451337.7","false","22453860.9","false","0","false","82989549.845","0","82989549.845","0","false","true",
"C","A","20190101","2019","52","2019","242","FJI","Fiji","M","Import","0","W00","World","0","W00","World","H5","HS","true","2204","Wine of fresh grapes, including fortified wines; grape must other than that of heading no. 2009","4","false","C00","TOTAL CPC","0","0","TOTAL MOT","7","l","1313986.75","false","7","l","1313986.75","false","1313986.75","false","0","false","5976938.949","0","5976938.949","0","false","true",
"C","A","20190101","2019","52","2019","246","FIN","Finland","M","Import","0","W00","World","0","W00","World","H5","HS","true","2204","Wine of fresh grapes, including fortified wines; grape must other than that of heading no. 2009","4","false","C00","TOTAL CPC","0","0","TOTAL MOT","-1","N/A","0","true","-1","N/A","0","false",,"true","0","false","241216945.778",,"241216945.778","6","false","true",
"C","A","20190101","2019","52","2019","251","FRA","France","M","Import","0","W00","World","0","W00","World","H5","HS","true","2204","Wine of fresh grapes, including fortified wines; grape must other than that of heading no. 2009","4","false","C00","TOTAL CPC","0","0","TOTAL MOT","-1","N/A","0","true","-1","N/A","0","false","745491637.569","true","0","false","989876579.944",,"989876579.944","6","false","true",
"C","A","20190101","2019","52","2019","258","PYF","French Polynesia","M","Import","0","W00","World","0","W00","World","H5","HS","true","2204","Wine of fresh grapes, including fortified wines; grape must other than that of heading no. 2009","4","false","C00","TOTAL CPC","0","0","TOTAL MOT","7","l","2469517","false","7","l","2469517","false","2491826.665","false","0","false","13142488.145","0","13142488.145","0","false","true",
"C","A","20190101","2019","52","2019","266","GAB","Gabon","M","Import","0","W00","World","0","W00","World","H3","HS","true","2204","Wine of fresh grapes, including fortified wines; grape must other than that of heading no. 2009","4","false","C00","TOTAL CPC","0","0","TOTAL MOT","7","l","6566298.108","true","-1","N/A","0","false","5455003","false","0","false","8174453.884",,"8174453.884","2","false","true",
"C","A","20190101","2019","52","2019","268","GEO","Georgia","M","Import","0","W00","World","0","W00","World","H5","HS","true","2204","Wine of fresh grapes, including fortified wines; grape must other than that of heading no. 2009","4","false","C00","TOTAL CPC","0","0","TOTAL MOT","7","l","532723.734","true","-1","N/A","0","false","532723.734","true","0","false","3461453.74",,"3461453.74","6","false","true",
"C","A","20190101","2019","52","2019","270","GMB","Gambia","M","Import","0","W00","World","0","W00","World","H4","HS","true","2204","Wine of fresh grapes, including fortified wines; grape must other than that of heading no. 2009","4","false","C00","TOTAL CPC","0","0","TOTAL MOT","7","l","15515.8","false","7","l","15515.8","false","38975","false","0","false","20991.568",,"20991.568","0","false","true",
"C","A","20190101","2019","52","2019","275","PSE","State of Palestine","M","Import","0","W00","World","0","W00","World","H4","HS","true","2204","Wine of fresh grapes, including fortified wines; grape must other than that of heading no. 2009","4","false","C00","TOTAL CPC","0","0","TOTAL MOT","7","l","47686.795","true","-1","N/A","0","false","50788.062","true","0","false","124185.04","0","124185.04","6","false","true",
"C","A","20190101","2019","52","2019","276","DEU","Germany","M","Import","0","W00","World","0","W00","World","H5","HS","true","2204","Wine of fresh grapes, including fortified wines; grape must other than that of heading no. 2009","4","false","C00","TOTAL CPC","0","0","TOTAL MOT","7","l","1495416385.519","true","-1","N/A","0","false","1495416386.321","true","0","false","2974649228.703",,"2974649228.703","6","false","true",
"C","A","20190101","2019","52","2019","288","GHA","Ghana","M","Import","0","W00","World","0","W00","World","H5","HS","true","2204","Wine of fresh grapes, including fortified wines; grape must other than that of heading no. 2009","4","false","C00","TOTAL CPC","0","0","TOTAL MOT","-1","N/A","0","true","-1","N/A","0","false","8238826.37","false","0","false","6063205.744",,"6063205.744","2","false","true",
"C","A","20190101","2019","52","2019","300","GRC","Greece","M","Import","0","W00","World","0","W00","World","H5","HS","true","2204","Wine of fresh grapes, including fortified wines; grape must other than that of heading no. 2009","4","false","C00","TOTAL CPC","0","0","TOTAL MOT","7","l","21915842.143","true","-1","N/A","0","false","23967681.054","true","0","false","54158461.955",,"54158461.955","6","false","true",
"C","A","20190101","2019","52","2019","308","GRD","Grenada","M","Import","0","W00","World","0","W00","World","H4","HS","true","2204","Wine of fresh grapes, including fortified wines; grape must other than that of heading no. 2009","4","false","C00","TOTAL CPC","0","0","TOTAL MOT","7","l","700024","true","-1","N/A","0","false","700024","false","0","false","1761561.993","0","1761561.993","2","false","true",
"C","A","20190101","2019","52","2019","320","GTM","Guatemala","M","Import","0","W00","World","0","W00","World","H5","HS","true","2204","Wine of fresh grapes, including fortified wines; grape must other than that of heading no. 2009","4","false","C00","TOTAL CPC","0","0","TOTAL MOT","7","l","5746614.918","true","-1","N/A","0","false","5746682","false","0","false","15315851",,"15315851","2","false","true",
"C","A","20190101","2019","52","2019","328","GUY","Guyana","M","Import","0","W00","World","0","W00","World","H5","HS","true","2204","Wine of fresh grapes, including fortified wines; grape must other than that of heading no. 2009","4","false","C00","TOTAL CPC","0","0","TOTAL MOT","7","l","156363.156","true","-1","N/A","0","false","215429.87","false","0","false","634911.406","0","634911.406","2","false","true",
"C","A","20190101","2019","52","2019","340","HND","Honduras","M","Import","0","W00","World","0","W00","World","H5","HS","true","2204","Wine of fresh grapes, including fortified wines; grape must other than that of heading no. 2009","4","false","C00","TOTAL CPC","0","0","TOTAL MOT","7","l","2192247.46","true","-1","N/A","0","false","2192247.46","false","0","false","4795898.33",,"4795898.33","2","false","true",
"C","A","20190101","2019","52","2019","344","HKG","China, Hong Kong SAR","M","Import","0","W00","World","0","W00","World","H5","HS","true","2204","Wine of fresh grapes, including fortified wines; grape must other than that of heading no. 2009","4","false","C00","TOTAL CPC","0","0","TOTAL MOT","7","l","41232276.581","true","-1","N/A","0","false","41232276.581","true","0","false","1124313945.076",,"1124313945.076","6","false","true",
"C","A","20190101","2019","52","2019","348","HUN","Hungary","M","Import","0","W00","World","0","W00","World","H5","HS","true","2204","Wine of fresh grapes, including fortified wines; grape must other than that of heading no. 2009","4","false","C00","TOTAL CPC","0","0","TOTAL MOT","-1","N/A","0","false","-1","N/A","0","false","0","true","0","false","24587106",,"24587106","4","false","true",
"C","A","20190101","2019","52","2019","352","ISL","Iceland","M","Import","0","W00","World","0","W00","World","H5","HS","true","2204","Wine of fresh grapes, including fortified wines; grape must other than that of heading no. 2009","4","false","C00","TOTAL CPC","0","0","TOTAL MOT","7","l","4753399.667","true","-1","N/A","0","false","4744819","false","0","false","26169434.393","24280921.637","26169434.393","2","false","true",
"C","A","20190101","2019","52","2019","360","IDN","Indonesia","M","Import","0","W00","World","0","W00","World","H5","HS","true","2204","Wine of fresh grapes, including fortified wines; grape must other than that of heading no. 2009","4","false","C00","TOTAL CPC","0","0","TOTAL MOT","7","l","4404054.307","true","-1","N/A","0","false","4404020","false","0","false","14006611","0","14006611","2","false","true",
"C","A","20190101","2019","52","2019","372","IRL","Ireland","M","Import","0","W00","World","0","W00","World","H5","HS","true","2204","Wine of fresh grapes, including fortified wines; grape must other than that of heading no. 2009","4","false","C00","TOTAL CPC","0","0","TOTAL MOT","7","l","85592198.267","true","-1","N/A","0","false","106718769.53","true","0","false","322820185.792","0","322820185.792","6","false","true",
"C","A","20190101","2019","52","2019","376","ISR","Israel","M","Import","0","W00","World","0","W00","World","H5","HS","true","2204","Wine of fresh grapes, including fortified wines; grape must other than that of heading no. 2009","4","false","C00","TOTAL CPC","0","0","TOTAL MOT","-1","N/A","0","true","-1","N/A","0","false",,"true","0","false","43472000",,"43472000","6","false","true",
"C","A","20190101","2019","52","2019","380","ITA","Italy","M","Import","0","W00","World","0","W00","World","H5","HS","true","2204","Wine of fresh grapes, including fortified wines; grape must other than that of heading no. 2009","4","false","C00","TOTAL CPC","0","0","TOTAL MOT","7","l","155213972.382","true","-1","N/A","0","false","157207406.583","true","0","false","373330985.259",,"373330985.259","6","false","true",
"C","A","20190101","2019","52","2019","384","CIV","Côte d'Ivoire","M","Import","0","W00","World","0","W00","World","H5","HS","true","2204","Wine of fresh grapes, including fortified wines; grape must other than that of heading no. 2009","4","false","C00","TOTAL CPC","0","0","TOTAL MOT","7","l","40840617.355","true","-1","N/A","0","false","41474706","true","0","false","39914398.097",,"39914398.097","6","false","true",
"C","A","20190101","2019","52","2019","388","JAM","Jamaica","M","Import","0","W00","World","0","W00","World","H5","HS","true","2204","Wine of fresh grapes, including fortified wines; grape must other than that of heading no. 2009","4","false","C00","TOTAL CPC","0","0","TOTAL MOT","7","l","3386642.734","true","-1","N/A","0","false","4411312.772","true","0","false","10613884.083","0","10613884.083","6","false","true",
"C","A","20190101","2019","52","2019","392","JPN","Japan","M","Import","0","W00","World","0","W00","World","H5","HS","true","2204","Wine of fresh grapes, including fortified wines; grape must other than that of heading no. 2009","4","false","C00","TOTAL CPC","0","0","TOTAL MOT","7","l","285463022","false","7","l","285463022","false","285463022","false","0","false","1810463541.221","0","1810463541.221","0","false","true",
"C","A","20190101","2019","52","2019","398","KAZ","Kazakhstan","M","Import","0","W00","World","0","W00","World","H5","HS","true","2204","Wine of fresh grapes, including fortified wines; grape must other than that of heading no. 2009","4","false","C00","TOTAL CPC","0","0","TOTAL MOT","7","l","17813721.707","true","-1","N/A","0","false","18041178.68","false","0","false","36229132.4",,"36229132.4","2","false","true",
"C","A","20190101","2019","52","2019","400","JOR","Jordan","M","Import","0","W00","World","0","W00","World","H5","HS","true","2204","Wine of fresh grapes, including fortified wines; grape must other than that of heading no. 2009","4","false","C00","TOTAL CPC","0","0","TOTAL MOT","7","l","312634.786","true","-1","N/A","0","false","309525","false","0","false","2267407.518",,"2267407.518","2","false","true",
"C","A","20190101","2019","52","2019","404","KEN","Kenya","M","Import","0","W00","World","0","W00","World","H5","HS","true","2204","Wine of fresh grapes, including fortified wines; grape must other than that of heading no. 2009","4","false","C00","TOTAL CPC","0","0","TOTAL MOT","7","l","8391266.088","true","-1","N/A","0","false","8394812.3","false","0","false","21173343.11",,"21173343.11","2","false","true",
"C","A","20190101","2019","52","2019","410","KOR","Rep. of Korea","M","Import","0","W00","World","0","W00","World","H5","HS","true","2204","Wine of fresh grapes, including fortified wines; grape must other than that of heading no. 2009","4","false","C00","TOTAL CPC","0","0","TOTAL MOT","7","l","42847612.325","true","-1","N/A","0","false","43495265.153","true","0","false","259254957",,"259254957","6","false","true",
"C","A","20190101","2019","52","2019","417","KGZ","Kyrgyzstan","M","Import","0","W00","World","0","W00","World","H5","HS","true","2204","Wine of fresh grapes, including fortified wines; grape must other than that of heading no. 2009","4","false","C00","TOTAL CPC","0","0","TOTAL MOT","7","l","1776352.85","true","-1","N/A","0","false","2018262.704","true","0","false","2836913",,"2836913","6","false","true",
"C","A","20190101","2019","52","2019","418","LAO","Lao People's Dem. Rep.","M","Import","0","W00","World","0","W00","World","H5","HS","true","2204","Wine of fresh grapes, including fortified wines; grape must other than that of heading no. 2009","4","false","C00","TOTAL CPC","0","0","TOTAL MOT","7","l","1445916.35","false","7","l","1445916.35","false","1582771.18","false","0","false","3391860.22",,"3391860.22","0","false","true",
"C","A","20190101","2019","52","2019","422","LBN","Lebanon","M","Import","0","W00","World","0","W00","World","H5","HS","true","2204","Wine of fresh grapes, including fortified wines; grape must other than that of heading no. 2009","4","false","C00","TOTAL CPC","0","0","TOTAL MOT","7","l","1306756.87","true","-1","N/A","0","false","1304030.32","false","0","false","10877523.23","0","10877523.23","2","false","true",
"C","A","20190101","2019","52","2019","426","LSO","Lesotho","M","Import","0","W00","World","0","W00","World","H4","HS","true","2204","Wine of fresh grapes, including fortified wines; grape must other than that of heading no. 2009","4","false","C00","TOTAL CPC","0","0","TOTAL MOT","7","l","1590185.792","true","-1","N/A","0","false","1587198.796","true","1766295.81","false","3230486.865",,"3230486.865","6","false","true",
"C","A","20190101","2019","52","2019","428","LVA","Latvia","M","Import","0","W00","World","0","W00","World","H5","HS","true","2204","Wine of fresh grapes, including fortified wines; grape must other than that of heading no. 2009","4","false","C00","TOTAL CPC","0","0","TOTAL MOT","7","l","39410195","false","7","l","39410195","false","39414910","false","0","false","126551950.895",,"126551950.895","0","false","true",
"C","A","20190101","2019","52","2019","430","LBR","Liberia","M","Import","0","W00","World","0","W00","World","H5","HS","true","2204","Wine of fresh grapes, including fortified wines; grape must other than that of heading no. 2009","4","false","C00","TOTAL CPC","0","0","TOTAL MOT","7","l","385737.319","true","-1","N/A","0","false","385831.77","false","0","false","590555.72",,"590555.72","2","false","true",
"C","A","20190101","2019","52","2019","440","LTU","Lithuania","M","Import","0","W00","World","0","W00","World","H5","HS","true","2204","Wine of fresh grapes, including fortified wines; grape must other than that of heading no. 2009","4","false","C00","TOTAL CPC","0","0","TOTAL MOT","7","l","91719725.07","false","7","l","91719725.07","false","91777514.64","false","0","false","241039556",,"241039556","0","false","true",
"C","A","20190101","2019","52","2019","442","LUX","Luxembourg","M","Import","0","W00","World","0","W00","World","H5","HS","true","2204","Wine of fresh grapes, including fortified wines; grape must other than that of heading no. 2009","4","false","C00","TOTAL CPC","0","0","TOTAL MOT","7","l","24154688.577","true","-1","N/A","0","false","36669569.734","false","0","false","132006649.846","130924433.672","132006649.846","2","false","true",
"C","A","20190101","2019","52","2019","446","MAC","China, Macao SAR","M","Import","0","W00","World","0","W00","World","H5","HS","true","2204","Wine of fresh grapes, including fortified wines; grape must other than that of heading no. 2009","4","false","C00","TOTAL CPC","0","0","TOTAL MOT","-1","N/A","0","true","-1","N/A","0","false",,"true","0","false","117550490.32",,"117550490.32","6","false","true",
"C","A","20190101","2019","52","2019","450","MDG","Madagascar","M","Import","0","W00","World","0","W00","World","H5","HS","true","2204","Wine of fresh grapes, including fortified wines; grape must other than that of heading no. 2009","4","false","C00","TOTAL CPC","0","0","TOTAL MOT","7","l","1064470.799","true","-1","N/A","0","false","1122292.93","false","0","false","2245409.146",,"2245409.146","2","false","true",
"C","A","20190101","2019","52","2019","454","MWI","Malawi","M","Import","0","W00","World","0","W00","World","H5","HS","true","2204","Wine of fresh grapes, including fortified wines; grape must other than that of heading no. 2009","4","false","C00","TOTAL CPC","0","0","TOTAL MOT","7","l","154613.152","true","-1","N/A","0","false","154861.48","false","0","false","261800.443",,"261800.443","2","false","true",
"C","A","20190101","2019","52","2019","458","MYS","Malaysia","M","Import","0","W00","World","0","W00","World","H5","HS","true","2204","Wine of fresh grapes, including fortified wines; grape must other than that of heading no. 2009","4","false","C00","TOTAL CPC","0","0","TOTAL MOT","7","l","9194412.79","false","7","l","9194412.79","false","9194412.79","false","0","false","92842452.328","0","92842452.328","0","false","true",
"C","A","20190101","2019","52","2019","462","MDV","Maldives","M","Import","0","W00","World","0","W00","World","H5","HS","true","2204","Wine of fresh grapes, including fortified wines; grape must other than that of heading no. 2009","4","false","C00","TOTAL CPC","0","0","TOTAL MOT","7","l","2170916.75","false","7","l","2170916.75","false","2170916.75","false","0","false","13071186.42",,"13071186.42","0","false","true",
"C","A","20190101","2019","52","2019","466","MLI","Mali","M","Import","0","W00","World","0","W00","World","H5","HS","true","2204","Wine of fresh grapes, including fortified wines; grape must other than that of heading no. 2009","4","false","C00","TOTAL CPC","0","0","TOTAL MOT","7","l","987490","true","-1","N/A","0","false","987490","false","0","false","823350.63","0","823350.63","2","false","true",
"C","A","20190101","2019","52","2019","470","MLT","Malta","M","Import","0","W00","World","0","W00","World","H5","HS","true","2204","Wine of fresh grapes, including fortified wines; grape must other than that of heading no. 2009","4","false","C00","TOTAL CPC","0","0","TOTAL MOT","7","l","7388145","false","7","l","7388145","false","6935705.476","true","0","false","24842020.134",,"24842020.134","4","false","true",
"C","A","20190101","2019","52","2019","478","MRT","Mauritania","M","Import","0","W00","World","0","W00","World","H4","HS","true","2204","Wine of fresh grapes, including fortified wines; grape must other than that of heading no. 2009","4","false","C00","TOTAL CPC","0","0","TOTAL MOT","7","l","45023","true","-1","N/A","0","false","45023","false","0","false","181214.08",,"181214.08","2","false","true",
"C","A","20190101","2019","52","2019","480","MUS","Mauritius","M","Import","0","W00","World","0","W00","World","H5","HS","true","2204","Wine of fresh grapes, including fortified wines; grape must other than that of heading no. 2009","4","false","C00","TOTAL CPC","0","0","TOTAL MOT","7","l","2285617.568","true","-1","N/A","0","false","3309743","false","0","false","16109008.052","15056684.134","16109008.052","2","false","true",
"C","A","20190101","2019","52","2019","484","MEX","Mexico","M","Import","0","W00","World","0","W00","World","H4","HS","true","2204","Wine of fresh grapes, including fortified wines; grape must other than that of heading no. 2009","4","false","C00","TOTAL CPC","0","0","TOTAL MOT","-1","N/A","0","false","-1","N/A","0","false","0","true","0","false",,"271185117","271185117","4","false","true",
"C","A","20190101","2019","52","2019","490","S19","Other Asia, nes","M","Import","0","W00","World","0","W00","World","H5","HS","true","2204","Wine of fresh grapes, including fortified wines; grape must other than that of heading no. 2009","4","false","C00","TOTAL CPC","0","0","TOTAL MOT","-1","N/A","0","false","7","l","20195672","false","20189798.41","true","0","false","209532289.79",,"209532289.79","4","false","true",
"C","A","20190101","2019","52","2019","496","MNG","Mongolia","M","Import","0","W00","World","0","W00","World","H5","HS","true","2204","Wine of fresh grapes, including fortified wines; grape must other than that of heading no. 2009","4","false","C00","TOTAL CPC","0","0","TOTAL MOT","7","l","1750221.05","false","7","l","1750221.05","false","2853847.77","false","0","false","6339817.83",,"6339817.83","0","false","true",
"C","A","20190101","2019","52","2019","498","MDA","Rep. of Moldova","M","Import","0","W00","World","0","W00","World","H4","HS","true","2204","Wine of fresh grapes, including fortified wines; grape must other than that of heading no. 2009","4","false","C00","TOTAL CPC","0","0","TOTAL MOT","7","l","1358905","false","7","l","1358905","false","1398427","false","0","false","2623566",,"2623566","0","false","true",
"C","A","20190101","2019","52","2019","499","MNE","Montenegro","M","Import","0","W00","World","0","W00","World","H5","HS","true","2204","Wine of fresh grapes, including fortified wines; grape must other than that of heading no. 2009","4","false","C00","TOTAL CPC","0","0","TOTAL MOT","7","l","2696599.61","false","7","l","2696599.61","false","2836590.56","false","0","false","7869950.746","0","7869950.746","0","false","true",
"C","A","20190101","2019","52","2019","500","MSR","Montserrat","M","Import","0","W00","World","0","W00","World","H3","HS","true","2204","Wine of fresh grapes, including fortified wines; grape must other than that of heading no. 2009","4","false","C00","TOTAL CPC","0","0","TOTAL MOT","7","l","5028.32","true","-1","N/A","0","false","5028.32","false","0","false","33144.314","0","33144.314","2","false","true",
"C","A","20190101","2019","52","2019","504","MAR","Morocco","M","Import","0","W00","World","0","W00","World","H5","HS","true","2204","Wine of fresh grapes, including fortified wines; grape must other than that of heading no. 2009","4","false","C00","TOTAL CPC","0","0","TOTAL MOT","7","l","19052731.434","true","-1","N/A","0","false","18885368.42","false","0","false","27109247.647","0","27109247.647","2","false","true",
"C","A","20190101","2019","52","2019","508","MOZ","Mozambique","M","Import","0","W00","World","0","W00","World","H5","HS","true","2204","Wine of fresh grapes, including fortified wines; grape must other than that of heading no. 2009","4","false","C00","TOTAL CPC","0","0","TOTAL MOT","-1","N/A","0","false","-1","N/A","0","false","5153200.253","true","0","false","5606059.815","5345304.575","5606059.815","4","false","true",
"C","A","20190101","2019","52","2019","512","OMN","Oman","M","Import","0","W00","World","0","W00","World","H5","HS","true","2204","Wine of fresh grapes, including fortified wines; grape must other than that of heading no. 2009","4","false","C00","TOTAL CPC","0","0","TOTAL MOT","7","l","1234272","true","-1","N/A","0","false","1234272","false","0","false","4192522.379",,"4192522.379","2","false","true",
"C","A","20190101","2019","52","2019","516","NAM","Namibia","M","Import","0","W00","World","0","W00","World","H5","HS","true","2204","Wine of fresh grapes, including fortified wines; grape must other than that of heading no. 2009","4","false","C00","TOTAL CPC","0","0","TOTAL MOT","7","l","20399847.249","true","-1","N/A","0","false","31193355.484","true","0","false","37553038.059",,"37553038.059","6","false","true",
"C","A","20190101","2019","52","2019","524","NPL","Nepal","M","Import","0","W00","World","0","W00","World","H5","HS","true","2204","Wine of fresh grapes, including fortified wines; grape must other than that of heading no. 2009","4","false","C00","TOTAL CPC","0","0","TOTAL MOT","7","l","796116","false","7","l","796116","false","796116","false","0","false","2732455.13","0","2732455.13","0","false","true",
"C","A","20190101","2019","52","2019","528","NLD","Netherlands","M","Import","0","W00","World","0","W00","World","H5","HS","true","2204","Wine of fresh grapes, including fortified wines; grape must other than that of heading no. 2009","4","false","C00","TOTAL CPC","0","0","TOTAL MOT","7","l","423043016","false","7","l","423043016","false","412128118.936","true","0","false","1335770809.927",,"1335770809.927","4","false","true",
"C","A","20190101","2019","52","2019","531","CUW","Curaçao","M","Import","0","W00","World","0","W00","World","H4","HS","true","2204","Wine of fresh grapes, including fortified wines; grape must other than that of heading no. 2009","4","false","C00","TOTAL CPC","0","0","TOTAL MOT","7","l","2832379.499","true","-1","N/A","0","false","2832683.019","true","0","false","7355847.56",,"7355847.56","6","false","true",
"C","A","20190101","2019","52","2019","533","ABW","Aruba","M","Import","0","W00","World","0","W00","World","H4","HS","true","2204","Wine of fresh grapes, including fortified wines; grape must other than that of heading no. 2009","4","false","C00","TOTAL CPC","0","0","TOTAL MOT","7","l","3621927.72","true","-1","N/A","0","false","3621927.72","false","0","false","12848009.086","0","12848009.086","2","false","true",
"C","A","20190101","2019","52","2019","554","NZL","New Zealand","M","Import","0","W00","World","0","W00","World","H5","HS","true","2204","Wine of fresh grapes, including fortified wines; grape must other than that of heading no. 2009","4","false","C00","TOTAL CPC","0","0","TOTAL MOT","7","l","42522211.581","true","-1","N/A","0","false","42522228.994","true","0","false","137753032.414","132789374.33","137753032.414","6","false","true",
"C","A","20190101","2019","52","2019","558","NIC","Nicaragua","M","Import","0","W00","World","0","W00","World","H5","HS","true","2204","Wine of fresh grapes, including fortified wines; grape must other than that of heading no. 2009","4","false","C00","TOTAL CPC","0","0","TOTAL MOT","7","l","1093631.953","true","-1","N/A","0","false","1090158.21","false","0","false","2260362.73","0","2260362.73","2","false","true",
"C","A","20190101","2019","52","2019","562","NER","Niger","M","Import","0","W00","World","0","W00","World","H5","HS","true","2204","Wine of fresh grapes, including fortified wines; grape must other than that of heading no. 2009","4","false","C00","TOTAL CPC","0","0","TOTAL MOT","7","l","815076.535","true","-1","N/A","0","false","814598","false","0","false","376443.788",,"376443.788","2","false","true",
"C","A","20190101","2019","52","2019","566","NGA","Nigeria","M","Import","0","W00","World","0","W00","World","H4","HS","true","2204","Wine of fresh grapes, including fortified wines; grape must other than that of heading no. 2009","4","false","C00","TOTAL CPC","0","0","TOTAL MOT","7","l","24321130.98","true","-1","N/A","0","false","24321130.98","false","0","false","15638515.81",,"15638515.81","2","false","true",
"C","A","20190101","2019","52","2019","579","NOR","Norway","M","Import","0","W00","World","0","W00","World","H5","HS","true","2204","Wine of fresh grapes, including fortified wines; grape must other than that of heading no. 2009","4","false","C00","TOTAL CPC","0","0","TOTAL MOT","7","l","86602430","false","7","l","86602430","false","87267118","false","0","false","431530776.166",,"431530776.166","0","false","true",
"C","A","20190101","2019","52","2019","586","PAK","Pakistan","M","Import","0","W00","World","0","W00","World","H5","HS","true","2204","Wine of fresh grapes, including fortified wines; grape must other than that of heading no. 2009","4","false","C00","TOTAL CPC","0","0","TOTAL MOT","7","l","4782","false","7","l","4782","false","4782","false","0","false","91086.443",,"91086.443","0","false","true",
"C","A","20190101","2019","52","2019","591","PAN","Panama","M","Import","0","W00","World","0","W00","World","H5","HS","true","2204","Wine of fresh grapes, including fortified wines; grape must other than that of heading no. 2009","4","false","C00","TOTAL CPC","0","0","TOTAL MOT","-1","N/A","0","false","-1","N/A","0","false","12420354.222","true","16564540","false","39049956","0","39049956","4","false","true",
"C","A","20190101","2019","52","2019","598","PNG","Papua New Guinea","M","Import","0","W00","World","0","W00","World","H5","HS","true","2204","Wine of fresh grapes, including fortified wines; grape must other than that of heading no. 2009","4","false","C00","TOTAL CPC","0","0","TOTAL MOT","7","l","1844553.574","false","7","l","1844553.574","false","1844553.574","false","0","false","3542221.999",,"3542221.999","0","false","true",
"C","A","20190101","2019","52","2019","600","PRY","Paraguay","M","Import","0","W00","World","0","W00","World","H5","HS","true","2204","Wine of fresh grapes, including fortified wines; grape must other than that of heading no. 2009","4","false","C00","TOTAL CPC","0","0","TOTAL MOT","7","l","23017857.95","true","-1","N/A","0","false","22979009","false","0","false","42313866","39748545","42313866","2","false","true",
"C","A","20190101","2019","52","2019","604","PER","Peru","M","Import","0","W00","World","0","W00","World","H5","HS","true","2204","Wine of fresh grapes, including fortified wines; grape must other than that of heading no. 2009","4","false","C00","TOTAL CPC","0","0","TOTAL MOT","7","l","9689818.25","false","7","l","9689818.25","false","10871793.54","false","0","false","37465410.87","36258101.56","37465410.87","0","false","true",
"C","A","20190101","2019","52","2019","608","PHL","Philippines","M","Import","0","W00","World","0","W00","World","H5","HS","true","2204","Wine of fresh grapes, including fortified wines; grape must other than that of heading no. 2009","4","false","C00","TOTAL CPC","0","0","TOTAL MOT","7","l","18292943","false","7","l","18292943","false","18292943","false","24295654.76","false","44030284","40628603","44030284","0","false","true",
"C","A","20190101","2019","52","2019","616","POL","Poland","M","Import","0","W00","World","0","W00","World","H5","HS","true","2204","Wine of fresh grapes, including fortified wines; grape must other than that of heading no. 2009","4","false","C00","TOTAL CPC","0","0","TOTAL MOT","7","l","130373519","false","7","l","130373519","false","130424549","false","0","false","333090751",,"333090751","0","false","true",
"C","A","20190101","2019","52","2019","620","PRT","Portugal","M","Import","0","W00","World","0","W00","World","H5","HS","true","2204","Wine of fresh grapes, including fortified wines; grape must other than that of heading no. 2009","4","false","C00","TOTAL CPC","0","0","TOTAL MOT","7","l","293530598.036","true","-1","N/A","0","false","293579577.447","true","0","false","189447101.956",,"189447101.956","6","false","true",
"C","A","20190101","2019","52","2019","626","TLS","Timor-Leste","M","Import","0","W00","World","0","W00","World","H2","HS","true","2204","Wine of fresh grapes, including fortified wines; grape must other than that of heading no. 2009","4","false","C00","TOTAL CPC","0","0","TOTAL MOT","7","l","112859.143","true","-1","N/A","0","false","112859.143","false","0","false","283121.87",,"283121.87","2","false","true",
"C","A","20190101","2019","52","2019","634","QAT","Qatar","M","Import","0","W00","World","0","W00","World","H4","HS","true","2204","Wine of fresh grapes, including fortified wines; grape must other than that of heading no. 2009","4","false","C00","TOTAL CPC","0","0","TOTAL MOT","7","l","1817484.1","true","-1","N/A","0","false","1817484.1","false","0","false","6156578.825",,"6156578.825","2","false","true",
"C","A","20190101","2019","52","2019","642","ROU","Romania","M","Import","0","W00","World","0","W00","World","H5","HS","true","2204","Wine of fresh grapes, including fortified wines; grape must other than that of heading no. 2009","4","false","C00","TOTAL CPC","0","0","TOTAL MOT","7","l","35673597.215","true","-1","N/A","0","false","36020716.879","true","0","false","70320831.56","0","70320831.56","6","false","true",
"C","A","20190101","2019","52","2019","643","RUS","Russian Federation","M","Import","0","W00","World","0","W00","World","H5","HS","true","2204","Wine of fresh grapes, including fortified wines; grape must other than that of heading no. 2009","4","false","C00","TOTAL CPC","0","0","TOTAL MOT","7","l","656970755.669","true","-1","N/A","0","false","657180214.27","false","0","false","1161242760.75",,"1161242760.75","2","false","true",
"C","A","20190101","2019","52","2019","646","RWA","Rwanda","M","Import","0","W00","World","0","W00","World","H4","HS","true","2204","Wine of fresh grapes, including fortified wines; grape must other than that of heading no. 2009","4","false","C00","TOTAL CPC","0","0","TOTAL MOT","7","l","2038635.66","true","-1","N/A","0","false","2038635.66","false","0","false","4411307.55","0","4411307.55","2","false","true",
"C","A","20190101","2019","52","2019","662","LCA","Saint Lucia","M","Import","0","W00","World","0","W00","World","H4","HS","true","2204","Wine of fresh grapes, including fortified wines; grape must other than that of heading no. 2009","4","false","C00","TOTAL CPC","0","0","TOTAL MOT","7","l","1595108.54","true","-1","N/A","0","false","2168614.353","true","0","false","5013161.14",,"5013161.14","6","false","true",
"C","A","20190101","2019","52","2019","670","VCT","Saint Vincent and the Grenadines","M","Import","0","W00","World","0","W00","World","H3","HS","true","2204","Wine of fresh grapes, including fortified wines; grape must other than that of heading no. 2009","4","false","C00","TOTAL CPC","0","0","TOTAL MOT","7","l","293664.35","true","-1","N/A","0","false","293664.35","false","0","false","2312960.01",,"2312960.01","2","false","true",
"C","A","20190101","2019","52","2019","678","STP","Sao Tome and Principe","M","Import","0","W00","World","0","W00","World","H3","HS","true","2204","Wine of fresh grapes, including fortified wines; grape must other than that of heading no. 2009","4","false","C00","TOTAL CPC","0","0","TOTAL MOT","-1","N/A","0","true","-1","N/A","0","false","0","false","0","false","4194043.064",,"4194043.064","2","false","true",
"C","A","20190101","2019","52","2019","686","SEN","Senegal","M","Import","0","W00","World","0","W00","World","H5","HS","true","2204","Wine of fresh grapes, including fortified wines; grape must other than that of heading no. 2009","4","false","C00","TOTAL CPC","0","0","TOTAL MOT","7","l","6501187.449","true","-1","N/A","0","false","6501062","false","0","false","5998365.972",,"5998365.972","2","false","true",
"C","A","20190101","2019","52","2019","688","SRB","Serbia","M","Import","0","W00","World","0","W00","World","H5","HS","true","2204","Wine of fresh grapes, including fortified wines; grape must other than that of heading no. 2009","4","false","C00","TOTAL CPC","0","0","TOTAL MOT","7","l","20910976.897","true","-1","N/A","0","false","22065355.931","true","0","false","31212915","30944763","31212915","6","false","true",
"C","A","20190101","2019","52","2019","690","SYC","Seychelles","M","Import","0","W00","World","0","W00","World","H5","HS","true","2204","Wine of fresh grapes, including fortified wines; grape must other than that of heading no. 2009","4","false","C00","TOTAL CPC","0","0","TOTAL MOT","7","l","1227475.703","true","-1","N/A","0","false","2144301.9","false","0","false","7088459.679","0","7088459.679","2","false","true",
"C","A","20190101","2019","52","2019","699","IND","India","M","Import","0","W00","World","0","W00","World","H5","HS","true","2204","Wine of fresh grapes, including fortified wines; grape must other than that of heading no. 2009","4","false","C00","TOTAL CPC","0","0","TOTAL MOT","7","l","4157860","false","-1","N/A","0","false","4157860","false","0","false","21740467.853","0","21740467.853","0","false","true",
"C","A","20190101","2019","52","2019","702","SGP","Singapore","M","Import","0","W00","World","0","W00","World","H5","HS","true","2204","Wine of fresh grapes, including fortified wines; grape must other than that of heading no. 2009","4","false","C00","TOTAL CPC","0","0","TOTAL MOT","-1","N/A","0","true","-1","N/A","0","false",,"true","0","false","621084711.016",,"621084711.016","6","false","true",
"C","A","20190101","2019","52","2019","703","SVK","Slovakia","M","Import","0","W00","World","0","W00","World","H5","HS","true","2204","Wine of fresh grapes, including fortified wines; grape must other than that of heading no. 2009","4","false","C00","TOTAL CPC","0","0","TOTAL MOT","7","l","75319412.326","true","-1","N/A","0","false","75916117.484","true","0","false","70501983.097","69823786.111","70501983.097","6","false","true",
"C","A","20190101","2019","52","2019","704","VNM","Viet Nam","M","Import","0","W00","World","0","W00","World","H5","HS","true","2204","Wine of fresh grapes, including fortified wines; grape must other than that of heading no. 2009","4","false","C00","TOTAL CPC","0","0","TOTAL MOT","7","l","9615047.733","true","-1","N/A","0","false","10459665.79","true","0","false","29510209.06",,"29510209.06","6","false","true",
"C","A","20190101","2019","52","2019","705","SVN","Slovenia","M","Import","0","W00","World","0","W00","World","H5","HS","true","2204","Wine of fresh grapes, including fortified wines; grape must other than that of heading no. 2009","4","false","C00","TOTAL CPC","0","0","TOTAL MOT","7","l","9533765.43","false","7","l","9533765.43","false","9745376.78","false","0","false","14118204.68",,"14118204.68","0","false","true",
"C","A","20190101","2019","52","2019","710","ZAF","South Africa","M","Import","0","W00","World","0","W00","World","H5","HS","true","2204","Wine of fresh grapes, including fortified wines; grape must other than that of heading no. 2009","4","false","C00","TOTAL CPC","0","0","TOTAL MOT","7","l","35387109.54","false","-1","N/A","0","false","35387109.54","false","0","false","0","52016009.365","52016009.365","0","false","true",
"C","A","20190101","2019","52","2019","716","ZWE","Zimbabwe","M","Import","0","W00","World","0","W00","World","H5","HS","true","2204","Wine of fresh grapes, including fortified wines; grape must other than that of heading no. 2009","4","false","C00","TOTAL CPC","0","0","TOTAL MOT","7","l","265842.221","true","-1","N/A","0","false","265787.96","false","0","false","417354.79",,"417354.79","2","false","true",
"C","A","20190101","2019","52","2019","724","ESP","Spain","M","Import","0","W00","World","0","W00","World","H5","HS","true","2204","Wine of fresh grapes, including fortified wines; grape must other than that of heading no. 2009","4","false","C00","TOTAL CPC","0","0","TOTAL MOT","7","l","60750505.832","true","-1","N/A","0","false",,"false","0","false","238359091.68",,"238359091.68","2","false","true",
"C","A","20190101","2019","52","2019","740","SUR","Suriname","M","Import","0","W00","World","0","W00","World","H3","HS","true","2204","Wine of fresh grapes, including fortified wines; grape must other than that of heading no. 2009","4","false","C00","TOTAL CPC","0","0","TOTAL MOT","7","l","864254.55","true","-1","N/A","0","false","864254.55","false","1165751.51","false","1157824.174","0","1157824.174","2","false","true",
"C","A","20190101","2019","52","2019","748","SWZ","Eswatini","M","Import","0","W00","World","0","W00","World","H5","HS","true","2204","Wine of fresh grapes, including fortified wines; grape must other than that of heading no. 2009","4","false","C00","TOTAL CPC","0","0","TOTAL MOT","7","l","3493231.167","true","-1","N/A","0","false","3632848.63","false","0","false","4713397.08",,"4713397.08","2","false","true",
"C","A","20190101","2019","52","2019","752","SWE","Sweden","M","Import","0","W00","World","0","W00","World","H5","HS","true","2204","Wine of fresh grapes, including fortified wines; grape must other than that of heading no. 2009","4","false","C00","TOTAL CPC","0","0","TOTAL MOT","7","l","210219619","false","7","l","210219619","false","191401505.519","true","0","false","773742140.324",,"773742140.324","4","false","true",
"C","A","20190101","2019","52","2019","757","CHE","Switzerland","M","Import","0","W00","World","0","W00","World","H5","HS","true","2204","Wine of fresh grapes, including fortified wines; grape must other than that of heading no. 2009","4","false","C00","TOTAL CPC","0","0","TOTAL MOT","-1","N/A","0","true","-1","N/A","0","false","0","true","0","false","1210977855.215","0","1210977855.215","6","false","true",
"C","A","20190101","2019","52","2019","762","TJK","Tajikistan","M","Import","0","W00","World","0","W00","World","H4","HS","true","2204","Wine of fresh grapes, including fortified wines; grape must other than that of heading no. 2009","4","false","C00","TOTAL CPC","0","0","TOTAL MOT","7","l","181225.02","false","7","l","181225.02","false","181225.02","false","0","false","1116808",,"1116808","0","false","true",
"C","A","20190101","2019","52","2019","764","THA","Thailand","M","Import","0","W00","World","0","W00","World","H5","HS","true","2204","Wine of fresh grapes, including fortified wines; grape must other than that of heading no. 2009","4","false","C00","TOTAL CPC","0","0","TOTAL MOT","7","l","12509880","false","7","l","12509880","false","14423400","false","0","false","64637354.056",,"64637354.056","0","false","true",
"C","A","20190101","2019","52","2019","768","TGO","Togo","M","Import","0","W00","World","0","W00","World","H5","HS","true","2204","Wine of fresh grapes, including fortified wines; grape must other than that of heading no. 2009","4","false","C00","TOTAL CPC","0","0","TOTAL MOT","7","l","13637773.309","true","-1","N/A","0","false","13638656","false","0","false","8511444.085",,"8511444.085","2","false","true",
"C","A","20190101","2019","52","2019","776","TON","Tonga","M","Import","0","W00","World","0","W00","World","H5","HS","true","2204","Wine of fresh grapes, including fortified wines; grape must other than that of heading no. 2009","4","false","C00","TOTAL CPC","0","0","TOTAL MOT","7","l","158929.352","true","-1","N/A","0","false","175433.266","true","0","false","472851.829",,"472851.829","6","false","true",
"C","A","20190101","2019","52","2019","780","TTO","Trinidad and Tobago","M","Import","0","W00","World","0","W00","World","H4","HS","true","2204","Wine of fresh grapes, including fortified wines; grape must other than that of heading no. 2009","4","false","C00","TOTAL CPC","0","0","TOTAL MOT","-1","N/A","0","false","-1","N/A","0","false","1583222","false","0","false","6936818.198","0","6936818.198","0","false","true",
"C","A","20190101","2019","52","2019","784","ARE","United Arab Emirates","M","Import","0","W00","World","0","W00","World","H5","HS","true","2204","Wine of fresh grapes, including fortified wines; grape must other than that of heading no. 2009","4","false","C00","TOTAL CPC","0","0","TOTAL MOT","7","l","50674621.036","true","-1","N/A","0","false","50614998.69","true","0","false","296162210.519","0","296162210.519","6","false","true",
"C","A","20190101","2019","52","2019","788","TUN","Tunisia","M","Import","0","W00","World","0","W00","World","H5","HS","true","2204","Wine of fresh grapes, including fortified wines; grape must other than that of heading no. 2009","4","false","C00","TOTAL CPC","0","0","TOTAL MOT","7","l","220360","true","-1","N/A","0","false","220360","false","0","false","1810405.734",,"1810405.734","2","false","true",
"C","A","20190101","2019","52","2019","792","TUR","Türkiye","M","Import","0","W00","World","0","W00","World","H5","HS","true","2204","Wine of fresh grapes, including fortified wines; grape must other than that of heading no. 2009","4","false","C00","TOTAL CPC","0","0","TOTAL MOT","7","l","4106282","false","7","l","4106282","false","4105237","false","0","false","20819270","19377481","20819270","0","false","true",
"C","A","20190101","2019","52","2019","800","UGA","Uganda","M","Import","0","W00","World","0","W00","World","H5","HS","true","2204","Wine of fresh grapes, including fortified wines; grape must other than that of heading no. 2009","4","false","C00","TOTAL CPC","0","0","TOTAL MOT","7","l","1923718.5","false","7","l","1923718.5","false","2683166.37","false","0","false","4265842.39","0","4265842.39","0","false","true",
"C","A","20190101","2019","52","2019","804","UKR","Ukraine","M","Import","0","W00","World","0","W00","World","H4","HS","true","2204","Wine of fresh grapes, including fortified wines; grape must other than that of heading no. 2009","4","false","C00","TOTAL CPC","0","0","TOTAL MOT","7","l","44871307","false","7","l","44871307","false","55567262.55","false","0","false","146385274.51","0","146385274.51","0","false","true",
"C","A","20190101","2019","52","2019","807","MKD","North Macedonia","M","Import","0","W00","World","0","W00","World","H5","HS","true","2204","Wine of fresh grapes, including fortified wines; grape must other than that of heading no. 2009","4","false","C00","TOTAL CPC","0","0","TOTAL MOT","7","l","170339","false","7","l","170339","false","173648","false","0","false","1098901.54","0","1098901.54","0","false","true",
"C","A","20190101","2019","52","2019","818","EGY","Egypt","M","Import","0","W00","World","0","W00","World","H4","HS","true","2204","Wine of fresh grapes, including fortified wines; grape must other than that of heading no. 2009","4","false","C00","TOTAL CPC","0","0","TOTAL MOT","7","l","567.264","true","-1","N/A","0","false","566.548","true","0","false","625.523",,"625.523","6","false","true",
"C","A","20190101","2019","52","2019","826","GBR","United Kingdom","M","Import","0","W00","World","0","W00","World","H5","HS","true","2204","Wine of fresh grapes, including fortified wines; grape must other than that of heading no. 2009","4","false","C00","TOTAL CPC","0","0","TOTAL MOT","-1","N/A","0","true","-1","N/A","0","false",,"true","0","false","4423746981.733",,"4423746981.733","6","false","true",
"C","A","20190101","2019","52","2019","834","TZA","United Rep. of Tanzania","M","Import","0","W00","World","0","W00","World","H5","HS","true","2204","Wine of fresh grapes, including fortified wines; grape must other than that of heading no. 2009","4","false","C00","TOTAL CPC","0","0","TOTAL MOT","7","l","2752907.649","true","-1","N/A","0","false","5281672","false","0","false","6330663.17","0","6330663.17","2","false","true",
"C","A","20190101","2019","52","2019","842","USA","USA","M","Import","0","W00","World","0","W00","World","H5","HS","true","2204","Wine of fresh grapes, including fortified wines; grape must other than that of heading no. 2009","4","false","C00","TOTAL CPC","0","0","TOTAL MOT","7","l","1232459619.184","true","-1","N/A","0","false","1232459619.184","true","0","false","6487294723","6211201994","6487294723","6","false","true",
"C","A","20190101","2019","52","2019","854","BFA","Burkina Faso","M","Import","0","W00","World","0","W00","World","H5","HS","true","2204","Wine of fresh grapes, including fortified wines; grape must other than that of heading no. 2009","4","false","C00","TOTAL CPC","0","0","TOTAL MOT","7","l","11536017.026","true","-1","N/A","0","false","11556810","false","0","false","3391808.942","0","3391808.942","2","false","true",
"C","A","20190101","2019","52","2019","858","URY","Uruguay","M","Import","0","W00","World","0","W00","World","H5","HS","true","2204","Wine of fresh grapes, including fortified wines; grape must other than that of heading no. 2009","4","false","C00","TOTAL CPC","0","0","TOTAL MOT","7","l","3255179.85","false","7","l","3255179.85","false","3360054.91","false","0","false","11843456.09","11289230.04","11843456.09","0","false","true",
"C","A","20190101","2019","52","2019","860","UZB","Uzbekistan","M","Import","0","W00","World","0","W00","World","H5","HS","true","2204","Wine of fresh grapes, including fortified wines; grape must other than that of heading no. 2009","4","false","C00","TOTAL CPC","0","0","TOTAL MOT","7","l","113781.9","false","7","l","113781.9","false","113781.9","false","0","false","446978",,"446978","0","false","true",
"C","A","20190101","2019","52","2019","882","WSM","Samoa","M","Import","0","W00","World","0","W00","World","H4","HS","true","2204","Wine of fresh grapes, including fortified wines; grape must other than that of heading no. 2009","4","false","C00","TOTAL CPC","0","0","TOTAL MOT","7","l","11911.15","false","7","l","11911.15","false","11911.15","false","0","false","46950.07",,"46950.07","0","false","true",
"C","A","20190101","2019","52","2019","894","ZMB","Zambia","M","Import","0","W00","World","0","W00","World","H5","HS","true","2204","Wine of fresh grapes, including fortified wines; grape must other than that of heading no. 2009","4","false","C00","TOTAL CPC","0","0","TOTAL MOT","-1","N/A","0","false","-1","N/A","0","false",,"false","0","false","3919527.669",,"3919527.669","0","false","true",
"C","A","20200101","2020","52","2020","8","ALB","Albania","M","Import","0","W00","World","0","W00","World","H5","HS","true","2204","Wine of fresh grapes, including fortified wines; grape must other than that of heading no. 2009","4","false","C00","TOTAL CPC","0","0","TOTAL MOT","-1","N/A","0","false","-1","N/A","0","false","0","false","0","false","10054419.091","0","10054419.091","0","false","true",
"C","A","20200101","2020","52","2020","20","AND","Andorra","M","Import","0","W00","World","0","W00","World","H5","HS","true","2204","Wine of fresh grapes, including fortified wines; grape must other than that of heading no. 2009","4","false","C00","TOTAL CPC","0","0","TOTAL MOT","7","l","2556320.599","true","-1","N/A","0","false","2554718.51","false","0","false","13037920.583",,"13037920.583","2","false","true",
"C","A","20200101","2020","52","2020","24","AGO","Angola","M","Import","0","W00","World","0","W00","World","H5","HS","true","2204","Wine of fresh grapes, including fortified wines; grape must other than that of heading no. 2009","4","false","C00","TOTAL CPC","0","0","TOTAL MOT","7","l","28440131.794","true","-1","N/A","0","false","29853526.372","false","0","false","38404034.507",,"38404034.507","2","false","true",
"C","A","20200101","2020","52","2020","28","ATG","Antigua and Barbuda","M","Import","0","W00","World","0","W00","World","H3","HS","true","2204","Wine of fresh grapes, including fortified wines; grape must other than that of heading no. 2009","4","false","C00","TOTAL CPC","0","0","TOTAL MOT","7","l","1070160.203","true","-1","N/A","0","false","1258049.82","false","0","false","3337642.745",,"3337642.745","2","false","true",
"C","A","20200101","2020","52","2020","31","AZE","Azerbaijan","M","Import","0","W00","World","0","W00","World","H5","HS","true","2204","Wine of fresh grapes, including fortified wines; grape must other than that of heading no. 2009","4","false","C00","TOTAL CPC","0","0","TOTAL MOT","7","l","365980.1","false","7","l","365980.1","false","491668.57","false","0","false","2821208.97",,"2821208.97","0","false","true",
"C","A","20200101","2020","52","2020","32","ARG","Argentina","M","Import","0","W00","World","0","W00","World","H5","HS","true","2204","Wine of fresh grapes, including fortified wines; grape must other than that of heading no. 2009","4","false","C00","TOTAL CPC","0","0","TOTAL MOT","7","l","353272.25","false","7","l","353272.25","false","349403.04","false","0","false","4896975.58","4776903.33","4896975.58","0","false","true",
"C","A","20200101","2020","52","2020","36","AUS","Australia","M","Import","0","W00","World","0","W00","World","H5","HS","true","2204","Wine of fresh grapes, including fortified wines; grape must other than that of heading no. 2009","4","false","C00","TOTAL CPC","0","0","TOTAL MOT","7","l","121324482.512","true","-1","N/A","0","false","121324485.488","true","0","false","619984347.362","599559973.011","619984347.362","6","false","true",
"C","A","20200101","2020","52","2020","40","AUT","Austria","M","Import","0","W00","World","0","W00","World","H5","HS","true","2204","Wine of fresh grapes, including fortified wines; grape must other than that of heading no. 2009","4","false","C00","TOTAL CPC","0","0","TOTAL MOT","-1","N/A","0","true","-1","N/A","0","false","74607911.95","true","0","false","230624239.68","0","230624239.68","6","false","true",
"C","A","20200101","2020","52","2020","44","BHS","Bahamas","M","Import","0","W00","World","0","W00","World","H5","HS","true","2204","Wine of fresh grapes, including fortified wines; grape must other than that of heading no. 2009","4","false","C00","TOTAL CPC","0","0","TOTAL MOT","7","l","1981368.478","true","-1","N/A","0","false","2053990.309","true","0","false","7939787",,"7939787","6","false","true",
"C","A","20200101","2020","52","2020","48","BHR","Bahrain","M","Import","0","W00","World","0","W00","World","H5","HS","true","2204","Wine of fresh grapes, including fortified wines; grape must other than that of heading no. 2009","4","false","C00","TOTAL CPC","0","0","TOTAL MOT","7","l","1939250.05","false","7","l","1939250.05","false","1970304.9","false","0","false","7247065.88",,"7247065.88","0","false","true",
"C","A","20200101","2020","52","2020","51","ARM","Armenia","M","Import","0","W00","World","0","W00","World","H5","HS","true","2204","Wine of fresh grapes, including fortified wines; grape must other than that of heading no. 2009","4","false","C00","TOTAL CPC","0","0","TOTAL MOT","7","l","698361.59","false","7","l","698361.59","false","698221.47","false","0","false","1596796.13","0","1596796.13","0","false","true",
"C","A","20200101","2020","52","2020","52","BRB","Barbados","M","Import","0","W00","World","0","W00","World","H5","HS","true","2204","Wine of fresh grapes, including fortified wines; grape must other than that of heading no. 2009","4","false","C00","TOTAL CPC","0","0","TOTAL MOT","7","l","2009716.383","true","-1","N/A","0","false","2008341","false","0","false","7752571","0","7752571","2","false","true",
"C","A","20200101","2020","52","2020","56","BEL","Belgium","M","Import","0","W00","World","0","W00","World","H5","HS","true","2204","Wine of fresh grapes, including fortified wines; grape must other than that of heading no. 2009","4","false","C00","TOTAL CPC","0","0","TOTAL MOT","7","l","263453468.836","true","-1","N/A","0","false","263785679.919","true","0","false","1107611101.322",,"1107611101.322","6","false","true",
"C","A","20200101","2020","52","2020","60","BMU","Bermuda","M","Import","0","W00","World","0","W00","World","H5","HS","true","2204","Wine of fresh grapes, including fortified wines; grape must other than that of heading no. 2009","4","false","C00","TOTAL CPC","0","0","TOTAL MOT","7","l","1176068.73","false","7","l","1176068.73","false","1176068.73","false","0","false","0","13031358.85","13031358.85","0","false","true",
"C","A","20200101","2020","52","2020","64","BTN","Bhutan","M","Import","0","W00","World","0","W00","World","H5","HS","true","2204","Wine of fresh grapes, including fortified wines; grape must other than that of heading no. 2009","4","false","C00","TOTAL CPC","0","0","TOTAL MOT","7","l","147701.38","false","7","l","147701.38","false","147701.38","false","0","false","207223.88",,"207223.88","0","false","true",
"C","A","20200101","2020","52","2020","68","BOL","Bolivia (Plurinational State of)","M","Import","0","W00","World","0","W00","World","H5","HS","true","2204","Wine of fresh grapes, including fortified wines; grape must other than that of heading no. 2009","4","false","C00","TOTAL CPC","0","0","TOTAL MOT","7","l","366818.07","false","7","l","366818.07","false","365899","false","0","false","1491724.5","1404100.03","1491724.5","0","false","true",
"C","A","20200101","2020","52","2020","70","BIH","Bosnia Herzegovina","M","Import","0","W00","World","0","W00","World","H5","HS","true","2204","Wine of fresh grapes, including fortified wines; grape must other than that of heading no. 2009","4","false","C00","TOTAL CPC","0","0","TOTAL MOT","7","l","7088843.574","true","-1","N/A","0","false","7263061.15","false","0","false","15783737.68",,"15783737.68","2","false","true",
"C","A","20200101","2020","52","2020","72","BWA","Botswana","M","Import","0","W00","World","0","W00","World","H5","HS","true","2204","Wine of fresh grapes, including fortified wines; grape must other than that of heading no. 2009","4","false","C00","TOTAL CPC","0","0","TOTAL MOT","7","l","4021313.6","false","7","l","4021313.6","false","5552162.19","false","0","false","9325528.343",,"9325528.343","0","false","true",
"C","A","20200101","2020","52","2020","76","BRA","Brazil","M","Import","0","W00","World","0","W00","World","H5","HS","true","2204","Wine of fresh grapes, including fortified wines; grape must other than that of heading no. 2009","4","false","C00","TOTAL CPC","0","0","TOTAL MOT","7","l","152495742","false","7","l","152495742","false","152074366","false","0","false","438832872","421767937","438832872","0","false","true",
"C","A","20200101","2020","52","2020","84","BLZ","Belize","M","Import","0","W00","World","0","W00","World","H5","HS","true","2204","Wine of fresh grapes, including fortified wines; grape must other than that of heading no. 2009","4","false","C00","TOTAL CPC","0","0","TOTAL MOT","7","l","399156.558","true","-1","N/A","0","false","399175.952","true","0","false","1520230.13",,"1520230.13","6","false","true",
"C","A","20200101","2020","52","2020","96","BRN","Brunei Darussalam","M","Import","0","W00","World","0","W00","World","H5","HS","true","2204","Wine of fresh grapes, including fortified wines; grape must other than that of heading no. 2009","4","false","C00","TOTAL CPC","0","0","TOTAL MOT","7","l","27701","false","7","l","27701","false","27701","false","0","false","209768.73","0","209768.73","0","false","true",
"C","A","20200101","2020","52","2020","100","BGR","Bulgaria","M","Import","0","W00","World","0","W00","World","H5","HS","true","2204","Wine of fresh grapes, including fortified wines; grape must other than that of heading no. 2009","4","false","C00","TOTAL CPC","0","0","TOTAL MOT","7","l","9713567","false","7","l","9713567","false","9669482","false","0","false","23061728.086","0","23061728.086","0","false","true",
"C","A","20200101","2020","52","2020","104","MMR","Myanmar","M","Import","0","W00","World","0","W00","World","H5","HS","true","2204","Wine of fresh grapes, including fortified wines; grape must other than that of heading no. 2009","4","false","C00","TOTAL CPC","0","0","TOTAL MOT","7","l","3825446.84","true","-1","N/A","0","false","3825446.84","false","0","false","3146017.35",,"3146017.35","2","false","true",
"C","A","20200101","2020","52","2020","108","BDI","Burundi","M","Import","0","W00","World","0","W00","World","H5","HS","true","2204","Wine of fresh grapes, including fortified wines; grape must other than that of heading no. 2009","4","false","C00","TOTAL CPC","0","0","TOTAL MOT","7","l","284372.7","true","-1","N/A","0","false","516501.11","false","0","false","1302923.12",,"1302923.12","2","false","true",
"C","A","20200101","2020","52","2020","112","BLR","Belarus","M","Import","0","W00","World","0","W00","World","H5","HS","true","2204","Wine of fresh grapes, including fortified wines; grape must other than that of heading no. 2009","4","false","C00","TOTAL CPC","0","0","TOTAL MOT","7","l","70383796","false","7","l","70383796","false","70228593","false","0","false","80713500","0","80713500","0","false","true",
"C","A","20200101","2020","52","2020","116","KHM","Cambodia","M","Import","0","W00","World","0","W00","World","H5","HS","true","2204","Wine of fresh grapes, including fortified wines; grape must other than that of heading no. 2009","4","false","C00","TOTAL CPC","0","0","TOTAL MOT","7","l","1132094.253","true","-1","N/A","0","false","1134316.34","false","0","false","2305029.12","0","2305029.12","2","false","true",
"C","A","20200101","2020","52","2020","120","CMR","Cameroon","M","Import","0","W00","World","0","W00","World","H5","HS","true","2204","Wine of fresh grapes, including fortified wines; grape must other than that of heading no. 2009","4","false","C00","TOTAL CPC","0","0","TOTAL MOT","7","l","9009323.042","true","-1","N/A","0","false","9009934.7","false","0","false","15147542.56",,"15147542.56","2","false","true",
"C","A","20200101","2020","52","2020","124","CAN","Canada","M","Import","0","W00","World","0","W00","World","H5","HS","true","2204","Wine of fresh grapes, including fortified wines; grape must other than that of heading no. 2009","4","false","C00","TOTAL CPC","0","0","TOTAL MOT","7","l","449919609","false","7","l","449919609","false","449919698.471","true","0","false",,"1973197232.687","1973197232.687","4","false","true",
"C","A","20200101","2020","52","2020","132","CPV","Cabo Verde","M","Import","0","W00","World","0","W00","World","H5","HS","true","2204","Wine of fresh grapes, including fortified wines; grape must other than that of heading no. 2009","4","false","C00","TOTAL CPC","0","0","TOTAL MOT","7","l","4798606.949","true","-1","N/A","0","false","6712462","false","0","false","4010557.635","0","4010557.635","2","false","true",
"C","A","20200101","2020","52","2020","136","CYM","Cayman Isds","M","Import","0","W00","World","0","W00","World","H5","HS","true","2204","Wine of fresh grapes, including fortified wines; grape must other than that of heading no. 2009","4","false","C00","TOTAL CPC","0","0","TOTAL MOT","7","l","3140471.08","true","-1","N/A","0","false","3241605.059","true","0","false","12367830.34","0","12367830.34","6","false","true",
"C","A","20200101","2020","52","2020","140","CAF","Central African Rep.","M","Import","0","W00","World","0","W00","World","H4","HS","true","2204","Wine of fresh grapes, including fortified wines; grape must other than that of heading no. 2009","4","false","C00","TOTAL CPC","0","0","TOTAL MOT","7","l","511124","true","-1","N/A","0","false","511124","false","0","false","822047.489","0","822047.489","2","false","true",
"C","A","20200101","2020","52","2020","144","LKA","Sri Lanka","M","Import","0","W00","World","0","W00","World","H5","HS","true","2204","Wine of fresh grapes, including fortified wines; grape must other than that of heading no. 2009","4","false","C00","TOTAL CPC","0","0","TOTAL MOT","7","l","1168064.91","false","7","l","1168064.91","false","1168064.91","false","0","false","5487918.517","0","5487918.517","0","false","true",
"C","A","20200101","2020","52","2020","152","CHL","Chile","M","Import","0","W00","World","0","W00","World","H5","HS","true","2204","Wine of fresh grapes, including fortified wines; grape must other than that of heading no. 2009","4","false","C00","TOTAL CPC","0","0","TOTAL MOT","7","l","3767496.233","true","-1","N/A","0","false","3767496.233","true","0","false","13723364.666","13015534.016","13723364.666","6","false","true",
"C","A","20200101","2020","52","2020","156","CHN","China","M","Import","0","W00","World","0","W00","World","H5","HS","true","2204","Wine of fresh grapes, including fortified wines; grape must other than that of heading no. 2009","4","false","C00","TOTAL CPC","0","0","TOTAL MOT","7","l","429988581.694","true","-1","N/A","0","false","427563579.879","true","0","false","1825074464","0","1825074464","6","false","true",
"C","A","20200101","2020","52","2020","170","COL","Colombia","M","Import","0","W00","World","0","W00","World","H5","HS","true","2204","Wine of fresh grapes, including fortified wines; grape must other than that of heading no. 2009","4","false","C00","TOTAL CPC","0","0","TOTAL MOT","7","l","24514843","true","-1","N/A","0","false","24511991.62","false","0","false","69605520.92","67654362.07","69605520.92","2","false","true",
"C","A","20200101","2020","52","2020","174","COM","Comoros","M","Import","0","W00","World","0","W00","World","H5","HS","true","2204","Wine of fresh grapes, including fortified wines; grape must other than that of heading no. 2009","4","false","C00","TOTAL CPC","0","0","TOTAL MOT","7","l","215937","true","-1","N/A","0","false","215937","false","0","false","121928.609",,"121928.609","2","false","true",
"C","A","20200101","2020","52","2020","178","COG","Congo","M","Import","0","W00","World","0","W00","World","H5","HS","true","2204","Wine of fresh grapes, including fortified wines; grape must other than that of heading no. 2009","4","false","C00","TOTAL CPC","0","0","TOTAL MOT","7","l","2123250.494","true","-1","N/A","0","false","2121940.74","false","0","false","3009130.92","0","3009130.92","2","false","true",
"C","A","20200101","2020","52","2020","180","COD","Dem. Rep. of the Congo","M","Import","0","W00","World","0","W00","World","H4","HS","true","2204","Wine of fresh grapes, including fortified wines; grape must other than that of heading no. 2009","4","false","C00","TOTAL CPC","0","0","TOTAL MOT","7","l","1605921","true","-1","N/A","0","false","1605921","false","0","false","1486647.308",,"1486647.308","2","false","true",
"C","A","20200101","2020","52","2020","188","CRI","Costa Rica","M","Import","0","W00","World","0","W00","World","H5","HS","true","2204","Wine of fresh grapes, including fortified wines; grape must other than that of heading no. 2009","4","false","C00","TOTAL CPC","0","0","TOTAL MOT","7","l","11139106.705","true","-1","N/A","0","false","11141918","false","0","false","26361923.06","0","26361923.06","2","false","true",
"C","A","20200101","2020","52","2020","191","HRV","Croatia","M","Import","0","W00","World","0","W00","World","H5","HS","true","2204","Wine of fresh grapes, including fortified wines; grape must other than that of heading no. 2009","4","false","C00","TOTAL CPC","0","0","TOTAL MOT","7","l","24542600.832","false","7","l","24542600.832","false","24558731.639","false","0","false","31321758","0","31321758","0","false","true",
"C","A","20200101","2020","52","2020","192","CUB","Cuba","M","Import","0","W00","World","0","W00","World","H5","HS","true","2204","Wine of fresh grapes, including fortified wines; grape must other than that of heading no. 2009","4","false","C00","TOTAL CPC","0","0","TOTAL MOT","7","l","3068494.31","false","7","l","3068494.31","false","3043859.29","false","0","false","7861868.53",,"7861868.53","0","false","true",
"C","A","20200101","2020","52","2020","196","CYP","Cyprus","M","Import","0","W00","World","0","W00","World","H5","HS","true","2204","Wine of fresh grapes, including fortified wines; grape must other than that of heading no. 2009","4","false","C00","TOTAL CPC","0","0","TOTAL MOT","7","l","4859344","false","7","l","4859344","false","4793863","false","0","false","22712060.325","0","22712060.325","0","false","true",
"C","A","20200101","2020","52","2020","203","CZE","Czechia","M","Import","0","W00","World","0","W00","World","H5","HS","true","2204","Wine of fresh grapes, including fortified wines; grape must other than that of heading no. 2009","4","false","C00","TOTAL CPC","0","0","TOTAL MOT","7","l","173286022.805","true","-1","N/A","0","false","176102567.189","true","0","false","269794046","261490113","269794046","6","false","true",
"C","A","20200101","2020","52","2020","204","BEN","Benin","M","Import","0","W00","World","0","W00","World","H5","HS","true","2204","Wine of fresh grapes, including fortified wines; grape must other than that of heading no. 2009","4","false","C00","TOTAL CPC","0","0","TOTAL MOT","7","l","1955988.137","true","-1","N/A","0","false","1956301.42","false","0","false","2444673.766",,"2444673.766","2","false","true",
"C","A","20200101","2020","52","2020","208","DNK","Denmark","M","Import","0","W00","World","0","W00","World","H5","HS","true","2204","Wine of fresh grapes, including fortified wines; grape must other than that of heading no. 2009","4","false","C00","TOTAL CPC","0","0","TOTAL MOT","7","l","198208924.372","true","-1","N/A","0","false","205433562.464","true","0","false","777540550.24","0","777540550.24","6","false","true",
"C","A","20200101","2020","52","2020","212","DMA","Dominica","M","Import","0","W00","World","0","W00","World","H5","HS","true","2204","Wine of fresh grapes, including fortified wines; grape must other than that of heading no. 2009","4","false","C00","TOTAL CPC","0","0","TOTAL MOT","7","l","450440.283","true","-1","N/A","0","false","450464.843","true","0","false","915398.344",,"915398.344","6","false","true",
"C","A","20200101","2020","52","2020","214","DOM","Dominican Rep.","M","Import","0","W00","World","0","W00","World","H5","HS","true","2204","Wine of fresh grapes, including fortified wines; grape must other than that of heading no. 2009","4","false","C00","TOTAL CPC","0","0","TOTAL MOT","7","l","8552359.045","true","-1","N/A","0","false",,"false","0","false",,"46936309.63","46936309.63","2","false","true",
"C","A","20200101","2020","52","2020","218","ECU","Ecuador","M","Import","0","W00","World","0","W00","World","H5","HS","true","2204","Wine of fresh grapes, including fortified wines; grape must other than that of heading no. 2009","4","false","C00","TOTAL CPC","0","0","TOTAL MOT","7","l","8095611.72","false","7","l","8095611.72","false","8601796.786","false","0","false","20174310.35","19406263.325","20174310.35","0","false","true",
"C","A","20200101","2020","52","2020","222","SLV","El Salvador","M","Import","0","W00","World","0","W00","World","H5","HS","true","2204","Wine of fresh grapes, including fortified wines; grape must other than that of heading no. 2009","4","false","C00","TOTAL CPC","0","0","TOTAL MOT","7","l","2311196.685","true","-1","N/A","0","false","2314019.11","false","0","false","5232919.73","0","5232919.73","2","false","true",
"C","A","20200101","2020","52","2020","231","ETH","Ethiopia","M","Import","0","W00","World","0","W00","World","H5","HS","true","2204","Wine of fresh grapes, including fortified wines; grape must other than that of heading no. 2009","4","false","C00","TOTAL CPC","0","0","TOTAL MOT","7","l","503400.786","true","-1","N/A","0","false","493477.84","false","0","false","1593241.45","0","1593241.45","2","false","true",
"C","A","20200101","2020","52","2020","233","EST","Estonia","M","Import","0","W00","World","0","W00","World","H5","HS","true","2204","Wine of fresh grapes, including fortified wines; grape must other than that of heading no. 2009","4","false","C00","TOTAL CPC","0","0","TOTAL MOT","7","l","20226211.123","false","7","l","20226211.123","false","20228574.669","false","0","false","75924411.86",,"75924411.86","0","false","true",
"C","A","20200101","2020","52","2020","242","FJI","Fiji","M","Import","0","W00","World","0","W00","World","H5","HS","true","2204","Wine of fresh grapes, including fortified wines; grape must other than that of heading no. 2009","4","false","C00","TOTAL CPC","0","0","TOTAL MOT","7","l","689493.25","false","7","l","689493.25","false","689493.25","false","0","false","2427753.031","0","2427753.031","0","false","true",
"C","A","20200101","2020","52","2020","246","FIN","Finland","M","Import","0","W00","World","0","W00","World","H5","HS","true","2204","Wine of fresh grapes, including fortified wines; grape must other than that of heading no. 2009","4","false","C00","TOTAL CPC","0","0","TOTAL MOT","7","l","80117071.639","true","-1","N/A","0","false","79924523.454","true","0","false","246751958.794","0","246751958.794","6","false","true",
"C","A","20200101","2020","52","2020","251","FRA","France","M","Import","0","W00","World","0","W00","World","H5","HS","true","2204","Wine of fresh grapes, including fortified wines; grape must other than that of heading no. 2009","4","false","C00","TOTAL CPC","0","0","TOTAL MOT","-1","N/A","0","false","-1","N/A","0","false","648086417.537","true","0","false","963767332.58",,"963767332.58","4","false","true",
"C","A","20200101","2020","52","2020","258","PYF","French Polynesia","M","Import","0","W00","World","0","W00","World","H5","HS","true","2204","Wine of fresh grapes, including fortified wines; grape must other than that of heading no. 2009","4","false","C00","TOTAL CPC","0","0","TOTAL MOT","7","l","2117685","false","7","l","2117685","false","2145648.455","true","0","false","13517564.668","0","13517564.668","4","false","true",
"C","A","20200101","2020","52","2020","266","GAB","Gabon","M","Import","0","W00","World","0","W00","World","H5","HS","true","2204","Wine of fresh grapes, including fortified wines; grape must other than that of heading no. 2009","4","false","C00","TOTAL CPC","0","0","TOTAL MOT","7","l","4624351.543","true","-1","N/A","0","false","4852974.18","false","0","false","7038526.524",,"7038526.524","2","false","true",
"C","A","20200101","2020","52","2020","268","GEO","Georgia","M","Import","0","W00","World","0","W00","World","H5","HS","true","2204","Wine of fresh grapes, including fortified wines; grape must other than that of heading no. 2009","4","false","C00","TOTAL CPC","0","0","TOTAL MOT","7","l","320725.97","false","7","l","320725.97","false","320725.97","false","0","false","2857476.17",,"2857476.17","0","false","true",
"C","A","20200101","2020","52","2020","270","GMB","Gambia","M","Import","0","W00","World","0","W00","World","H4","HS","true","2204","Wine of fresh grapes, including fortified wines; grape must other than that of heading no. 2009","4","false","C00","TOTAL CPC","0","0","TOTAL MOT","7","l","11383.85","false","7","l","11383.85","false","12943.55","false","0","false","26403.413","0","26403.413","0","false","true",
"C","A","20200101","2020","52","2020","275","PSE","State of Palestine","M","Import","0","W00","World","0","W00","World","H4","HS","true","2204","Wine of fresh grapes, including fortified wines; grape must other than that of heading no. 2009","4","false","C00","TOTAL CPC","0","0","TOTAL MOT","7","l","78375.663","true","-1","N/A","0","false","79030.067","true","0","false","159514.66","0","159514.66","6","false","true",
"C","A","20200101","2020","52","2020","276","DEU","Germany","M","Import","0","W00","World","0","W00","World","H5","HS","true","2204","Wine of fresh grapes, including fortified wines; grape must other than that of heading no. 2009","4","false","C00","TOTAL CPC","0","0","TOTAL MOT","7","l","1461933408.405","true","-1","N/A","0","false","1461933444.555","true","0","false","3026462041.502","0","3026462041.502","6","false","true",
"C","A","20200101","2020","52","2020","296","KIR","Kiribati","M","Import","0","W00","World","0","W00","World","H5","HS","true","2204","Wine of fresh grapes, including fortified wines; grape must other than that of heading no. 2009","4","false","C00","TOTAL CPC","0","0","TOTAL MOT","7","l","9736.532","false","7","l","9736.532","false","9736.532","false","0","false","36344.394","0","36344.394","0","false","true",
"C","A","20200101","2020","52","2020","300","GRC","Greece","M","Import","0","W00","World","0","W00","World","H5","HS","true","2204","Wine of fresh grapes, including fortified wines; grape must other than that of heading no. 2009","4","false","C00","TOTAL CPC","0","0","TOTAL MOT","7","l","11222207","false","7","l","11222207","false","12247633","false","0","false","33232719.172","0","33232719.172","0","false","true",
"C","A","20200101","2020","52","2020","308","GRD","Grenada","M","Import","0","W00","World","0","W00","World","H4","HS","true","2204","Wine of fresh grapes, including fortified wines; grape must other than that of heading no. 2009","4","false","C00","TOTAL CPC","0","0","TOTAL MOT","7","l","601350","true","-1","N/A","0","false","601350","false","0","false","1426924.929","0","1426924.929","2","false","true",
"C","A","20200101","2020","52","2020","320","GTM","Guatemala","M","Import","0","W00","World","0","W00","World","H5","HS","true","2204","Wine of fresh grapes, including fortified wines; grape must other than that of heading no. 2009","4","false","C00","TOTAL CPC","0","0","TOTAL MOT","7","l","5080539.664","true","-1","N/A","0","false","5082470","false","0","false","12958316","0","12958316","2","false","true",
"C","A","20200101","2020","52","2020","328","GUY","Guyana","M","Import","0","W00","World","0","W00","World","H5","HS","true","2204","Wine of fresh grapes, including fortified wines; grape must other than that of heading no. 2009","4","false","C00","TOTAL CPC","0","0","TOTAL MOT","7","l","183539.606","true","-1","N/A","0","false","183443.81","false","0","false","1012441.702","506376.885","1012441.702","2","false","true",
"C","A","20200101","2020","52","2020","340","HND","Honduras","M","Import","0","W00","World","0","W00","World","H5","HS","true","2204","Wine of fresh grapes, including fortified wines; grape must other than that of heading no. 2009","4","false","C00","TOTAL CPC","0","0","TOTAL MOT","7","l","1850478.006","true","-1","N/A","0","false","1850556.52","false","0","false","4002091.4","0","4002091.4","2","false","true",
"C","A","20200101","2020","52","2020","344","HKG","China, Hong Kong SAR","M","Import","0","W00","World","0","W00","World","H5","HS","true","2204","Wine of fresh grapes, including fortified wines; grape must other than that of heading no. 2009","4","false","C00","TOTAL CPC","0","0","TOTAL MOT","7","l","34685790.744","true","-1","N/A","0","false","34685790.744","true","0","false","968173946.699",,"968173946.699","6","false","true",
"C","A","20200101","2020","52","2020","348","HUN","Hungary","M","Import","0","W00","World","0","W00","World","H5","HS","true","2204","Wine of fresh grapes, including fortified wines; grape must other than that of heading no. 2009","4","false","C00","TOTAL CPC","0","0","TOTAL MOT","-1","N/A","0","true","-1","N/A","0","false","0","true","0","false","23460996","0","23460996","6","false","true",
"C","A","20200101","2020","52","2020","352","ISL","Iceland","M","Import","0","W00","World","0","W00","World","H5","HS","true","2204","Wine of fresh grapes, including fortified wines; grape must other than that of heading no. 2009","4","false","C00","TOTAL CPC","0","0","TOTAL MOT","7","l","5419807.319","true","-1","N/A","0","false","5408693","false","0","false","30975175.416","28655279.571","30975175.416","2","false","true",
"C","A","20200101","2020","52","2020","360","IDN","Indonesia","M","Import","0","W00","World","0","W00","World","H5","HS","true","2204","Wine of fresh grapes, including fortified wines; grape must other than that of heading no. 2009","4","false","C00","TOTAL CPC","0","0","TOTAL MOT","7","l","1090194.719","true","-1","N/A","0","false","1090180","false","0","false","4254414","0","4254414","2","false","true",
"C","A","20200101","2020","52","2020","372","IRL","Ireland","M","Import","0","W00","World","0","W00","World","H5","HS","true","2204","Wine of fresh grapes, including fortified wines; grape must other than that of heading no. 2009","4","false","C00","TOTAL CPC","0","0","TOTAL MOT","7","l","112075275.265","true","-1","N/A","0","false","130139515.048","true","0","false","395615351.474","0","395615351.474","6","false","true",
"C","A","20200101","2020","52","2020","376","ISR","Israel","M","Import","0","W00","World","0","W00","World","H5","HS","true","2204","Wine of fresh grapes, including fortified wines; grape must other than that of heading no. 2009","4","false","C00","TOTAL CPC","0","0","TOTAL MOT","7","l","10045144.771","true","-1","N/A","0","false","10011380.921","true","0","false","52074000","0","52074000","6","false","true",
"C","A","20200101","2020","52","2020","380","ITA","Italy","M","Import","0","W00","World","0","W00","World","H5","HS","true","2204","Wine of fresh grapes, including fortified wines; grape must other than that of heading no. 2009","4","false","C00","TOTAL CPC","0","0","TOTAL MOT","7","l","163560622.507","true","-1","N/A","0","false","164790083.802","true","0","false","329104282.399",,"329104282.399","6","false","true",
"C","A","20200101","2020","52","2020","384","CIV","Côte d'Ivoire","M","Import","0","W00","World","0","W00","World","H5","HS","true","2204","Wine of fresh grapes, including fortified wines; grape must other than that of heading no. 2009","4","false","C00","TOTAL CPC","0","0","TOTAL MOT","7","l","39342695.263","true","-1","N/A","0","false","39363066.987","true","0","false","36641961.88","0","36641961.88","6","false","true",
"C","A","20200101","2020","52","2020","388","JAM","Jamaica","M","Import","0","W00","World","0","W00","World","H5","HS","true","2204","Wine of fresh grapes, including fortified wines; grape must other than that of heading no. 2009","4","false","C00","TOTAL CPC","0","0","TOTAL MOT","7","l","1718384.83","true","-1","N/A","0","false","2819505.64","false","0","false","6002412.49","0","6002412.49","2","false","true",
"C","A","20200101","2020","52","2020","392","JPN","Japan","M","Import","0","W00","World","0","W00","World","H5","HS","true","2204","Wine of fresh grapes, including fortified wines; grape must other than that of heading no. 2009","4","false","C00","TOTAL CPC","0","0","TOTAL MOT","7","l","259162941","false","7","l","259162941","false","259163604.941","true","0","false","1565352201.404","0","1565352201.404","4","false","true",
"C","A","20200101","2020","52","2020","398","KAZ","Kazakhstan","M","Import","0","W00","World","0","W00","World","H5","HS","true","2204","Wine of fresh grapes, including fortified wines; grape must other than that of heading no. 2009","4","false","C00","TOTAL CPC","0","0","TOTAL MOT","7","l","20194305.518","true","-1","N/A","0","false","20424494.846","false","0","false","35896770.16",,"35896770.16","2","false","true",
"C","A","20200101","2020","52","2020","400","JOR","Jordan","M","Import","0","W00","World","0","W00","World","H5","HS","true","2204","Wine of fresh grapes, including fortified wines; grape must other than that of heading no. 2009","4","false","C00","TOTAL CPC","0","0","TOTAL MOT","7","l","908271.059","true","-1","N/A","0","false","913921.408","true","0","false","2526373.77","0","2526373.77","6","false","true",
"C","A","20200101","2020","52","2020","404","KEN","Kenya","M","Import","0","W00","World","0","W00","World","H5","HS","true","2204","Wine of fresh grapes, including fortified wines; grape must other than that of heading no. 2009","4","false","C00","TOTAL CPC","0","0","TOTAL MOT","7","l","8015221.266","true","-1","N/A","0","false","7973323","false","0","false","17584971.948",,"17584971.948","2","false","true",
"C","A","20200101","2020","52","2020","410","KOR","Rep. of Korea","M","Import","0","W00","World","0","W00","World","H5","HS","true","2204","Wine of fresh grapes, including fortified wines; grape must other than that of heading no. 2009","4","false","C00","TOTAL CPC","0","0","TOTAL MOT","7","l","53622919.985","true","-1","N/A","0","false","54126685.785","true","0","false","330017230",,"330017230","6","false","true",
"C","A","20200101","2020","52","2020","417","KGZ","Kyrgyzstan","M","Import","0","W00","World","0","W00","World","H5","HS","true","2204","Wine of fresh grapes, including fortified wines; grape must other than that of heading no. 2009","4","false","C00","TOTAL CPC","0","0","TOTAL MOT","7","l","1307200.985","true","-1","N/A","0","false","1533929","false","0","false","2318303","0","2318303","2","false","true",
"C","A","20200101","2020","52","2020","418","LAO","Lao People's Dem. Rep.","M","Import","0","W00","World","0","W00","World","H5","HS","true","2204","Wine of fresh grapes, including fortified wines; grape must other than that of heading no. 2009","4","false","C00","TOTAL CPC","0","0","TOTAL MOT","7","l","770504.784","true","-1","N/A","0","false","799256.78","false","0","false","1278723.43","0","1278723.43","2","false","true",
"C","A","20200101","2020","52","2020","422","LBN","Lebanon","M","Import","0","W00","World","0","W00","World","H5","HS","true","2204","Wine of fresh grapes, including fortified wines; grape must other than that of heading no. 2009","4","false","C00","TOTAL CPC","0","0","TOTAL MOT","7","l","473651.149","true","-1","N/A","0","false","472538","false","0","false","2811408","0","2811408","2","false","true",
"C","A","20200101","2020","52","2020","426","LSO","Lesotho","M","Import","0","W00","World","0","W00","World","H5","HS","true","2204","Wine of fresh grapes, including fortified wines; grape must other than that of heading no. 2009","4","false","C00","TOTAL CPC","0","0","TOTAL MOT","7","l","1508879.668","true","-1","N/A","0","false","1448029.294","true","0","false","3123271.268",,"3123271.268","6","false","true",
"C","A","20200101","2020","52","2020","428","LVA","Latvia","M","Import","0","W00","World","0","W00","World","H5","HS","true","2204","Wine of fresh grapes, including fortified wines; grape must other than that of heading no. 2009","4","false","C00","TOTAL CPC","0","0","TOTAL MOT","7","l","44120379","false","7","l","44120379","false","44160055","false","0","false","145952917.578",,"145952917.578","0","false","true",
"C","A","20200101","2020","52","2020","430","LBR","Liberia","M","Import","0","W00","World","0","W00","World","H5","HS","true","2204","Wine of fresh grapes, including fortified wines; grape must other than that of heading no. 2009","4","false","C00","TOTAL CPC","0","0","TOTAL MOT","7","l","387225.92","false","7","l","387225.92","false","477828.89","false","0","false","687970.37",,"687970.37","0","false","true",
"C","A","20200101","2020","52","2020","440","LTU","Lithuania","M","Import","0","W00","World","0","W00","World","H5","HS","true","2204","Wine of fresh grapes, including fortified wines; grape must other than that of heading no. 2009","4","false","C00","TOTAL CPC","0","0","TOTAL MOT","7","l","94437555.682","false","7","l","94437555.682","false","94489969.152","false","0","false","270949796",,"270949796","0","false","true",
"C","A","20200101","2020","52","2020","442","LUX","Luxembourg","M","Import","0","W00","World","0","W00","World","H5","HS","true","2204","Wine of fresh grapes, including fortified wines; grape must other than that of heading no. 2009","4","false","C00","TOTAL CPC","0","0","TOTAL MOT","7","l","21871139.06","true","-1","N/A","0","false","34163584.771","false","0","false","125012499.574","123917604.041","125012499.574","2","false","true",
"C","A","20200101","2020","52","2020","446","MAC","China, Macao SAR","M","Import","0","W00","World","0","W00","World","H5","HS","true","2204","Wine of fresh grapes, including fortified wines; grape must other than that of heading no. 2009","4","false","C00","TOTAL CPC","0","0","TOTAL MOT","-1","N/A","0","true","-1","N/A","0","false","0","true","0","false","85351182.252",,"85351182.252","6","false","true",
"C","A","20200101","2020","52","2020","450","MDG","Madagascar","M","Import","0","W00","World","0","W00","World","H5","HS","true","2204","Wine of fresh grapes, including fortified wines; grape must other than that of heading no. 2009","4","false","C00","TOTAL CPC","0","0","TOTAL MOT","7","l","539091.43","false","7","l","539091.43","false","619206.27","false","0","false","1102341.211",,"1102341.211","0","false","true",
"C","A","20200101","2020","52","2020","454","MWI","Malawi","M","Import","0","W00","World","0","W00","World","H5","HS","true","2204","Wine of fresh grapes, including fortified wines; grape must other than that of heading no. 2009","4","false","C00","TOTAL CPC","0","0","TOTAL MOT","7","l","241236.072","true","-1","N/A","0","false","241439.29","false","0","false","334843.052",,"334843.052","2","false","true",
"C","A","20200101","2020","52","2020","458","MYS","Malaysia","M","Import","0","W00","World","0","W00","World","H5","HS","true","2204","Wine of fresh grapes, including fortified wines; grape must other than that of heading no. 2009","4","false","C00","TOTAL CPC","0","0","TOTAL MOT","7","l","7031153.74","false","7","l","7031153.74","false","7031153.74","false","0","false","66474237.086","0","66474237.086","0","false","true",
"C","A","20200101","2020","52","2020","462","MDV","Maldives","M","Import","0","W00","World","0","W00","World","H5","HS","true","2204","Wine of fresh grapes, including fortified wines; grape must other than that of heading no. 2009","4","false","C00","TOTAL CPC","0","0","TOTAL MOT","7","l","4200021.265","false","7","l","4200021.265","false","4200021.265","false","0","false","5859711.207",,"5859711.207","0","false","true",
"C","A","20200101","2020","52","2020","466","MLI","Mali","M","Import","0","W00","World","0","W00","World","H5","HS","true","2204","Wine of fresh grapes, including fortified wines; grape must other than that of heading no. 2009","4","false","C00","TOTAL CPC","0","0","TOTAL MOT","7","l","1901269","true","-1","N/A","0","false","1901269","false","0","false","961736.405",,"961736.405","2","false","true",
"C","A","20200101","2020","52","2020","470","MLT","Malta","M","Import","0","W00","World","0","W00","World","H5","HS","true","2204","Wine of fresh grapes, including fortified wines; grape must other than that of heading no. 2009","4","false","C00","TOTAL CPC","0","0","TOTAL MOT","7","l","5477851","false","7","l","5477851","false","5614269","false","0","false","20382174.658",,"20382174.658","0","false","true",
"C","A","20200101","2020","52","2020","480","MUS","Mauritius","M","Import","0","W00","World","0","W00","World","H5","HS","true","2204","Wine of fresh grapes, including fortified wines; grape must other than that of heading no. 2009","4","false","C00","TOTAL CPC","0","0","TOTAL MOT","7","l","1310493","false","7","l","1310493","false","2108213","false","0","false","9577447.027","8908913.833","9577447.027","0","false","true",
"C","A","20200101","2020","52","2020","484","MEX","Mexico","M","Import","0","W00","World","0","W00","World","H4","HS","true","2204","Wine of fresh grapes, including fortified wines; grape must other than that of heading no. 2009","4","false","C00","TOTAL CPC","0","0","TOTAL MOT","-1","N/A","0","true","-1","N/A","0","false","0","true","0","false",,"221774200","221774200","6","false","true",
"C","A","20200101","2020","52","2020","490","S19","Other Asia, nes","M","Import","0","W00","World","0","W00","World","H5","HS","true","2204","Wine of fresh grapes, including fortified wines; grape must other than that of heading no. 2009","4","false","C00","TOTAL CPC","0","0","TOTAL MOT","7","l","18988034.879","true","-1","N/A","0","false","18980984.847","true","0","false","215974493.595","0","215974493.595","6","false","true",
"C","A","20200101","2020","52","2020","496","MNG","Mongolia","M","Import","0","W00","World","0","W00","World","H5","HS","true","2204","Wine of fresh grapes, including fortified wines; grape must other than that of heading no. 2009","4","false","C00","TOTAL CPC","0","0","TOTAL MOT","7","l","1548715.65","false","7","l","1548715.65","false","2531983.89","false","0","false","5672935.17","0","5672935.17","0","false","true",
"C","A","20200101","2020","52","2020","498","MDA","Rep. of Moldova","M","Import","0","W00","World","0","W00","World","H5","HS","true","2204","Wine of fresh grapes, including fortified wines; grape must other than that of heading no. 2009","4","false","C00","TOTAL CPC","0","0","TOTAL MOT","7","l","1717593","false","7","l","1717593","false","1714724","false","0","false","2992169","0","2992169","0","false","true",
"C","A","20200101","2020","52","2020","499","MNE","Montenegro","M","Import","0","W00","World","0","W00","World","H5","HS","true","2204","Wine of fresh grapes, including fortified wines; grape must other than that of heading no. 2009","4","false","C00","TOTAL CPC","0","0","TOTAL MOT","7","l","2232749.35","false","7","l","2232749.35","false","2292715.5","false","0","false","6725116.5","0","6725116.5","0","false","true",
"C","A","20200101","2020","52","2020","500","MSR","Montserrat","M","Import","0","W00","World","0","W00","World","H3","HS","true","2204","Wine of fresh grapes, including fortified wines; grape must other than that of heading no. 2009","4","false","C00","TOTAL CPC","0","0","TOTAL MOT","7","l","6941.03","true","-1","N/A","0","false","6941.03","false","0","false","38718.103","0","38718.103","2","false","true",
"C","A","20200101","2020","52","2020","504","MAR","Morocco","M","Import","0","W00","World","0","W00","World","H5","HS","true","2204","Wine of fresh grapes, including fortified wines; grape must other than that of heading no. 2009","4","false","C00","TOTAL CPC","0","0","TOTAL MOT","7","l","21391412.295","true","-1","N/A","0","false","21043536.085","true","0","false","27730000.584","0","27730000.584","6","false","true",
"C","A","20200101","2020","52","2020","508","MOZ","Mozambique","M","Import","0","W00","World","0","W00","World","H5","HS","true","2204","Wine of fresh grapes, including fortified wines; grape must other than that of heading no. 2009","4","false","C00","TOTAL CPC","0","0","TOTAL MOT","-1","N/A","0","false","-1","N/A","0","false","3629976","false","0","false","7163797.073","6695065.338","7163797.073","0","false","true",
"C","A","20200101","2020","52","2020","512","OMN","Oman","M","Import","0","W00","World","0","W00","World","H5","HS","true","2204","Wine of fresh grapes, including fortified wines; grape must other than that of heading no. 2009","4","false","C00","TOTAL CPC","0","0","TOTAL MOT","7","l","1090151","true","-1","N/A","0","false","1090151","false","0","false","3329601.781",,"3329601.781","2","false","true",
"C","A","20200101","2020","52","2020","516","NAM","Namibia","M","Import","0","W00","World","0","W00","World","H5","HS","true","2204","Wine of fresh grapes, including fortified wines; grape must other than that of heading no. 2009","4","false","C00","TOTAL CPC","0","0","TOTAL MOT","-1","N/A","0","false","-1","N/A","0","false","28306512.201","true","0","false","31622049.978",,"31622049.978","4","false","true",
"C","A","20200101","2020","52","2020","524","NPL","Nepal","M","Import","0","W00","World","0","W00","World","H5","HS","true","2204","Wine of fresh grapes, including fortified wines; grape must other than that of heading no. 2009","4","false","C00","TOTAL CPC","0","0","TOTAL MOT","7","l","321650","false","7","l","321650","false","321650","false","0","false","1101211.97","0","1101211.97","0","false","true",
"C","A","20200101","2020","52","2020","528","NLD","Netherlands","M","Import","0","W00","World","0","W00","World","H5","HS","true","2204","Wine of fresh grapes, including fortified wines; grape must other than that of heading no. 2009","4","false","C00","TOTAL CPC","0","0","TOTAL MOT","7","l","468812663.26","true","-1","N/A","0","false","456702714.511","true","0","false","1488933858.327","0","1488933858.327","6","false","true",
"C","A","20200101","2020","52","2020","531","CUW","Curaçao","M","Import","0","W00","World","0","W00","World","H4","HS","true","2204","Wine of fresh grapes, including fortified wines; grape must other than that of heading no. 2009","4","false","C00","TOTAL CPC","0","0","TOTAL MOT","7","l","1750027.906","true","-1","N/A","0","false","1750400.314","true","0","false","4435249.667",,"4435249.667","6","false","true",
"C","A","20200101","2020","52","2020","533","ABW","Aruba","M","Import","0","W00","World","0","W00","World","H4","HS","true","2204","Wine of fresh grapes, including fortified wines; grape must other than that of heading no. 2009","4","false","C00","TOTAL CPC","0","0","TOTAL MOT","7","l","2088783.27","true","-1","N/A","0","false","2088783.27","false","0","false","6985347.821","0","6985347.821","2","false","true",
"C","A","20200101","2020","52","2020","554","NZL","New Zealand","M","Import","0","W00","World","0","W00","World","H5","HS","true","2204","Wine of fresh grapes, including fortified wines; grape must other than that of heading no. 2009","4","false","C00","TOTAL CPC","0","0","TOTAL MOT","7","l","47310142.343","true","-1","N/A","0","false","47310142.343","true","0","false","144681182.696","139235443.818","144681182.696","6","false","true",
"C","A","20200101","2020","52","2020","558","NIC","Nicaragua","M","Import","0","W00","World","0","W00","World","H5","HS","true","2204","Wine of fresh grapes, including fortified wines; grape must other than that of heading no. 2009","4","false","C00","TOTAL CPC","0","0","TOTAL MOT","7","l","1253809.233","true","-1","N/A","0","false","1253795.18","false","0","false","2623577.77","0","2623577.77","2","false","true",
"C","A","20200101","2020","52","2020","562","NER","Niger","M","Import","0","W00","World","0","W00","World","H5","HS","true","2204","Wine of fresh grapes, including fortified wines; grape must other than that of heading no. 2009","4","false","C00","TOTAL CPC","0","0","TOTAL MOT","7","l","794248","true","-1","N/A","0","false","794248","false","0","false","297001.944",,"297001.944","2","false","true",
"C","A","20200101","2020","52","2020","566","NGA","Nigeria","M","Import","0","W00","World","0","W00","World","H4","HS","true","2204","Wine of fresh grapes, including fortified wines; grape must other than that of heading no. 2009","4","false","C00","TOTAL CPC","0","0","TOTAL MOT","7","l","18986026.78","true","-1","N/A","0","false","18986026.78","false","0","false","13851855.995","0","13851855.995","2","false","true",
"C","A","20200101","2020","52","2020","579","NOR","Norway","M","Import","0","W00","World","0","W00","World","H5","HS","true","2204","Wine of fresh grapes, including fortified wines; grape must other than that of heading no. 2009","4","false","C00","TOTAL CPC","0","0","TOTAL MOT","7","l","110999504","false","7","l","110999504","false","111471615","false","0","false","505927132.762","0","505927132.762","0","false","true",
"C","A","20200101","2020","52","2020","586","PAK","Pakistan","M","Import","0","W00","World","0","W00","World","H5","HS","true","2204","Wine of fresh grapes, including fortified wines; grape must other than that of heading no. 2009","4","false","C00","TOTAL CPC","0","0","TOTAL MOT","7","l","13926","false","7","l","13926","false","13926","false","0","false","98088.879","0","98088.879","0","false","true",
"C","A","20200101","2020","52","2020","591","PAN","Panama","M","Import","0","W00","World","0","W00","World","H5","HS","true","2204","Wine of fresh grapes, including fortified wines; grape must other than that of heading no. 2009","4","false","C00","TOTAL CPC","0","0","TOTAL MOT","7","l","8187305.857","true","-1","N/A","0","false","8628232.698","true","12399364","false","29803715","0","29803715","6","false","true",
"C","A","20200101","2020","52","2020","598","PNG","Papua New Guinea","M","Import","0","W00","World","0","W00","World","H5","HS","true","2204","Wine of fresh grapes, including fortified wines; grape must other than that of heading no. 2009","4","false","C00","TOTAL CPC","0","0","TOTAL MOT","7","l","1256538.502","true","-1","N/A","0","false","1269000.388","true","0","false","2744364.63",,"2744364.63","6","false","true",
"C","A","20200101","2020","52","2020","600","PRY","Paraguay","M","Import","0","W00","World","0","W00","World","H5","HS","true","2204","Wine of fresh grapes, including fortified wines; grape must other than that of heading no. 2009","4","false","C00","TOTAL CPC","0","0","TOTAL MOT","7","l","23379011.961","true","-1","N/A","0","false","23367896","false","0","false","31681535","29537890","31681535","2","false","true",
"C","A","20200101","2020","52","2020","604","PER","Peru","M","Import","0","W00","World","0","W00","World","H5","HS","true","2204","Wine of fresh grapes, including fortified wines; grape must other than that of heading no. 2009","4","false","C00","TOTAL CPC","0","0","TOTAL MOT","7","l","8550400.27","false","7","l","8550400.27","false","9715361.72","false","0","false","33873650.6","0","33873650.6","0","false","true",
"C","A","20200101","2020","52","2020","608","PHL","Philippines","M","Import","0","W00","World","0","W00","World","H5","HS","true","2204","Wine of fresh grapes, including fortified wines; grape must other than that of heading no. 2009","4","false","C00","TOTAL CPC","0","0","TOTAL MOT","7","l","9355233.6","false","7","l","9355233.6","false","9355233.6","false","12517393.34","false","24064580","22123524","24064580","0","false","true",
"C","A","20200101","2020","52","2020","616","POL","Poland","M","Import","0","W00","World","0","W00","World","H5","HS","true","2204","Wine of fresh grapes, including fortified wines; grape must other than that of heading no. 2009","4","false","C00","TOTAL CPC","0","0","TOTAL MOT","7","l","141683768","false","7","l","141683768","false","141956080","false","0","false","367661184","0","367661184","0","false","true",
"C","A","20200101","2020","52","2020","620","PRT","Portugal","M","Import","0","W00","World","0","W00","World","H5","HS","true","2204","Wine of fresh grapes, including fortified wines; grape must other than that of heading no. 2009","4","false","C00","TOTAL CPC","0","0","TOTAL MOT","7","l","274528542.863","true","-1","N/A","0","false","274608741.287","true","0","false","189895468.17",,"189895468.17","6","false","true",
"C","A","20200101","2020","52","2020","626","TLS","Timor-Leste","M","Import","0","W00","World","0","W00","World","H5","HS","true","2204","Wine of fresh grapes, including fortified wines; grape must other than that of heading no. 2009","4","false","C00","TOTAL CPC","0","0","TOTAL MOT","7","l","165629.62","true","-1","N/A","0","false","196228.28","false","0","false","467491.66",,"467491.66","2","false","true",
"C","A","20200101","2020","52","2020","634","QAT","Qatar","M","Import","0","W00","World","0","W00","World","H5","HS","true","2204","Wine of fresh grapes, including fortified wines; grape must other than that of heading no. 2009","4","false","C00","TOTAL CPC","0","0","TOTAL MOT","7","l","2111746.74","true","-1","N/A","0","false","2111746.74","false","0","false","6865182.689","0","6865182.689","2","false","true",
"C","A","20200101","2020","52","2020","642","ROU","Romania","M","Import","0","W00","World","0","W00","World","H5","HS","true","2204","Wine of fresh grapes, including fortified wines; grape must other than that of heading no. 2009","4","false","C00","TOTAL CPC","0","0","TOTAL MOT","7","l","44374155.811","true","-1","N/A","0","false","44686320.92","true","0","false","81005770.52","0","81005770.52","6","false","true",
"C","A","20200101","2020","52","2020","643","RUS","Russian Federation","M","Import","0","W00","World","0","W00","World","H5","HS","true","2204","Wine of fresh grapes, including fortified wines; grape must other than that of heading no. 2009","4","false","C00","TOTAL CPC","0","0","TOTAL MOT","7","l","354334860.23","false","7","l","354334860.23","false","565501791.979","false","0","false","1092548845.93","0","1092548845.93","0","false","true",
"C","A","20200101","2020","52","2020","646","RWA","Rwanda","M","Import","0","W00","World","0","W00","World","H4","HS","true","2204","Wine of fresh grapes, including fortified wines; grape must other than that of heading no. 2009","4","false","C00","TOTAL CPC","0","0","TOTAL MOT","7","l","2068944.07","true","-1","N/A","0","false","2068944.07","false","0","false","4676505.31",,"4676505.31","2","false","true",
"C","A","20200101","2020","52","2020","662","LCA","Saint Lucia","M","Import","0","W00","World","0","W00","World","H4","HS","true","2204","Wine of fresh grapes, including fortified wines; grape must other than that of heading no. 2009","4","false","C00","TOTAL CPC","0","0","TOTAL MOT","7","l","1104195.2","true","-1","N/A","0","false","1413299.57","false","0","false","2971303.27","0","2971303.27","2","false","true",
"C","A","20200101","2020","52","2020","670","VCT","Saint Vincent and the Grenadines","M","Import","0","W00","World","0","W00","World","H3","HS","true","2204","Wine of fresh grapes, including fortified wines; grape must other than that of heading no. 2009","4","false","C00","TOTAL CPC","0","0","TOTAL MOT","7","l","217566.34","true","-1","N/A","0","false","217566.34","false","0","false","1823542.22","0","1823542.22","2","false","true",
"C","A","20200101","2020","52","2020","678","STP","Sao Tome and Principe","M","Import","0","W00","World","0","W00","World","H3","HS","true","2204","Wine of fresh grapes, including fortified wines; grape must other than that of heading no. 2009","4","false","C00","TOTAL CPC","0","0","TOTAL MOT","-1","N/A","0","true","-1","N/A","0","false","0","false","0","false","4342864.645","0","4342864.645","2","false","true",
"C","A","20200101","2020","52","2020","686","SEN","Senegal","M","Import","0","W00","World","0","W00","World","H5","HS","true","2204","Wine of fresh grapes, including fortified wines; grape must other than that of heading no. 2009","4","false","C00","TOTAL CPC","0","0","TOTAL MOT","7","l","5183530.987","true","-1","N/A","0","false","5183266","false","0","false","4459990.614","0","4459990.614","2","false","true",
"C","A","20200101","2020","52","2020","688","SRB","Serbia","M","Import","0","W00","World","0","W00","World","H5","HS","true","2204","Wine of fresh grapes, including fortified wines; grape must other than that of heading no. 2009","4","false","C00","TOTAL CPC","0","0","TOTAL MOT","7","l","22397945","false","7","l","22397945","false","22999655","false","0","false","31193694","30874627","31193694","0","false","true",
"C","A","20200101","2020","52","2020","690","SYC","Seychelles","M","Import","0","W00","World","0","W00","World","H5","HS","true","2204","Wine of fresh grapes, including fortified wines; grape must other than that of heading no. 2009","4","false","C00","TOTAL CPC","0","0","TOTAL MOT","7","l","71813.262","true","-1","N/A","0","false","116322.58","false","0","false","447551.888",,"447551.888","2","false","true",
"C","A","20200101","2020","52","2020","699","IND","India","M","Import","0","W00","World","0","W00","World","H5","HS","true","2204","Wine of fresh grapes, including fortified wines; grape must other than that of heading no. 2009","4","false","C00","TOTAL CPC","0","0","TOTAL MOT","7","l","3020594","false","7","l","3020594","false","3020596.061","true","0","false","13173116.031","0","13173116.031","4","false","true",
"C","A","20200101","2020","52","2020","702","SGP","Singapore","M","Import","0","W00","World","0","W00","World","H5","HS","true","2204","Wine of fresh grapes, including fortified wines; grape must other than that of heading no. 2009","4","false","C00","TOTAL CPC","0","0","TOTAL MOT","7","l","26164557.039","true","-1","N/A","0","false","26164557.039","true","0","false","540288136.372","0","540288136.372","6","false","true",
"C","A","20200101","2020","52","2020","703","SVK","Slovakia","M","Import","0","W00","World","0","W00","World","H5","HS","true","2204","Wine of fresh grapes, including fortified wines; grape must other than that of heading no. 2009","4","false","C00","TOTAL CPC","0","0","TOTAL MOT","7","l","72040483.516","true","-1","N/A","0","false","72539832.891","true","0","false","82211428.017","81325624.18","82211428.017","6","false","true",
"C","A","20200101","2020","52","2020","704","VNM","Viet Nam","M","Import","0","W00","World","0","W00","World","H5","HS","true","2204","Wine of fresh grapes, including fortified wines; grape must other than that of heading no. 2009","4","false","C00","TOTAL CPC","0","0","TOTAL MOT","7","l","5750444.677","true","-1","N/A","0","false","5790128.142","true","0","false","16536051.775","0","16536051.775","6","false","true",
"C","A","20200101","2020","52","2020","705","SVN","Slovenia","M","Import","0","W00","World","0","W00","World","H5","HS","true","2204","Wine of fresh grapes, including fortified wines; grape must other than that of heading no. 2009","4","false","C00","TOTAL CPC","0","0","TOTAL MOT","7","l","8464681.35","false","7","l","8464681.35","false","8681011.36","false","0","false","14090837.39","0","14090837.39","0","false","true",
"C","A","20200101","2020","52","2020","710","ZAF","South Africa","M","Import","0","W00","World","0","W00","World","H5","HS","true","2204","Wine of fresh grapes, including fortified wines; grape must other than that of heading no. 2009","4","false","C00","TOTAL CPC","0","0","TOTAL MOT","7","l","4778589.28","false","7","l","4778589.28","false","4778589.28","false","0","false","0","25313710.101","25313710.101","0","false","true",
"C","A","20200101","2020","52","2020","716","ZWE","Zimbabwe","M","Import","0","W00","World","0","W00","World","H5","HS","true","2204","Wine of fresh grapes, including fortified wines; grape must other than that of heading no. 2009","4","false","C00","TOTAL CPC","0","0","TOTAL MOT","-1","N/A","0","false","-1","N/A","0","false","2128918.31","true","0","false","3536116.981",,"3536116.981","4","false","true",
"C","A","20200101","2020","52","2020","724","ESP","Spain","M","Import","0","W00","World","0","W00","World","H5","HS","true","2204","Wine of fresh grapes, including fortified wines; grape must other than that of heading no. 2009","4","false","C00","TOTAL CPC","0","0","TOTAL MOT","-1","N/A","0","false","7","l","99358400.69","false","102649597.645","true","0","false","193703032.038","0","193703032.038","4","false","true",
"C","A","20200101","2020","52","2020","740","SUR","Suriname","M","Import","0","W00","World","0","W00","World","H3","HS","true","2204","Wine of fresh grapes, including fortified wines; grape must other than that of heading no. 2009","4","false","C00","TOTAL CPC","0","0","TOTAL MOT","7","l","616112.47","true","-1","N/A","0","false","616112.47","false","804681.81","false","761408.534","0","761408.534","2","false","true",
"C","A","20200101","2020","52","2020","748","SWZ","Eswatini","M","Import","0","W00","World","0","W00","World","H5","HS","true","2204","Wine of fresh grapes, including fortified wines; grape must other than that of heading no. 2009","4","false","C00","TOTAL CPC","0","0","TOTAL MOT","7","l","2340679.849","true","-1","N/A","0","false","3218688.59","false","0","false","4877374.98","0","4877374.98","2","false","true",
"C","A","20200101","2020","52","2020","752","SWE","Sweden","M","Import","0","W00","World","0","W00","World","H5","HS","true","2204","Wine of fresh grapes, including fortified wines; grape must other than that of heading no. 2009","4","false","C00","TOTAL CPC","0","0","TOTAL MOT","7","l","232512915","false","7","l","232512915","false","195494759.196","true","0","false","853186760.862","0","853186760.862","4","false","true",
"C","A","20200101","2020","52","2020","757","CHE","Switzerland","M","Import","0","W00","World","0","W00","World","H5","HS","true","2204","Wine of fresh grapes, including fortified wines; grape must other than that of heading no. 2009","4","false","C00","TOTAL CPC","0","0","TOTAL MOT","7","l","183036167.951","true","-1","N/A","0","false","183036167.951","true","0","false","1240226517.432","0","1240226517.432","6","false","true",
"C","A","20200101","2020","52","2020","762","TJK","Tajikistan","M","Import","0","W00","World","0","W00","World","H4","HS","true","2204","Wine of fresh grapes, including fortified wines; grape must other than that of heading no. 2009","4","false","C00","TOTAL CPC","0","0","TOTAL MOT","7","l","152004.45","false","7","l","152004.45","false","152004.45","false","0","false","615676",,"615676","0","false","true",
"C","A","20200101","2020","52","2020","764","THA","Thailand","M","Import","0","W00","World","0","W00","World","H5","HS","true","2204","Wine of fresh grapes, including fortified wines; grape must other than that of heading no. 2009","4","false","C00","TOTAL CPC","0","0","TOTAL MOT","7","l","10067031","false","7","l","10067031","false","11161152.158","true","0","false","49089794.466",,"49089794.466","4","false","true",
"C","A","20200101","2020","52","2020","768","TGO","Togo","M","Import","0","W00","World","0","W00","World","H5","HS","true","2204","Wine of fresh grapes, including fortified wines; grape must other than that of heading no. 2009","4","false","C00","TOTAL CPC","0","0","TOTAL MOT","7","l","12244964.397","true","-1","N/A","0","false","12257808","false","0","false","9657090.697",,"9657090.697","2","false","true",
"C","A","20200101","2020","52","2020","776","TON","Tonga","M","Import","0","W00","World","0","W00","World","H5","HS","true","2204","Wine of fresh grapes, including fortified wines; grape must other than that of heading no. 2009","4","false","C00","TOTAL CPC","0","0","TOTAL MOT","7","l","166714.666","true","-1","N/A","0","false","169231.393","true","0","false","397428.071",,"397428.071","6","false","true",
"C","A","20200101","2020","52","2020","780","TTO","Trinidad and Tobago","M","Import","0","W00","World","0","W00","World","H4","HS","true","2204","Wine of fresh grapes, including fortified wines; grape must other than that of heading no. 2009","4","false","C00","TOTAL CPC","0","0","TOTAL MOT","7","l","868593","false","7","l","868593","false","1352014","false","0","false","5938350.96","0","5938350.96","0","false","true",
"C","A","20200101","2020","52","2020","784","ARE","United Arab Emirates","M","Import","0","W00","World","0","W00","World","H5","HS","true","2204","Wine of fresh grapes, including fortified wines; grape must other than that of heading no. 2009","4","false","C00","TOTAL CPC","0","0","TOTAL MOT","7","l","38891404.991","true","-1","N/A","0","false","39179338.59","false","0","false","143634489.483","0","143634489.483","2","false","true",
"C","A","20200101","2020","52","2020","788","TUN","Tunisia","M","Import","0","W00","World","0","W00","World","H5","HS","true","2204","Wine of fresh grapes, including fortified wines; grape must other than that of heading no. 2009","4","false","C00","TOTAL CPC","0","0","TOTAL MOT","7","l","79480","true","-1","N/A","0","false","79480","false","0","false","1100545.26","0","1100545.26","2","false","true",
"C","A","20200101","2020","52","2020","792","TUR","Türkiye","M","Import","0","W00","World","0","W00","World","H5","HS","true","2204","Wine of fresh grapes, including fortified wines; grape must other than that of heading no. 2009","4","false","C00","TOTAL CPC","0","0","TOTAL MOT","7","l","3283775","false","7","l","3283775","false","3288348","false","0","false","12197189","10975583.924","12197189","0","false","true",
"C","A","20200101","2020","52","2020","800","UGA","Uganda","M","Import","0","W00","World","0","W00","World","H5","HS","true","2204","Wine of fresh grapes, including fortified wines; grape must other than that of heading no. 2009","4","false","C00","TOTAL CPC","0","0","TOTAL MOT","7","l","3013768.552","true","-1","N/A","0","false","3014888","false","0","false","4285449","0","4285449","2","false","true",
"C","A","20200101","2020","52","2020","804","UKR","Ukraine","M","Import","0","W00","World","0","W00","World","H5","HS","true","2204","Wine of fresh grapes, including fortified wines; grape must other than that of heading no. 2009","4","false","C00","TOTAL CPC","0","0","TOTAL MOT","7","l","53128146.001","true","-1","N/A","0","false","64394128.047","true","0","false","179044284.63","0","179044284.63","6","false","true",
"C","A","20200101","2020","52","2020","807","MKD","North Macedonia","M","Import","0","W00","World","0","W00","World","H5","HS","true","2204","Wine of fresh grapes, including fortified wines; grape must other than that of heading no. 2009","4","false","C00","TOTAL CPC","0","0","TOTAL MOT","7","l","138531","false","7","l","138531","false","143180","false","0","false","921525.63","0","921525.63","0","false","true",
"C","A","20200101","2020","52","2020","818","EGY","Egypt","M","Import","0","W00","World","0","W00","World","H4","HS","true","2204","Wine of fresh grapes, including fortified wines; grape must other than that of heading no. 2009","4","false","C00","TOTAL CPC","0","0","TOTAL MOT","7","l","3680.429","true","-1","N/A","0","false","3905.655","true","0","false","13629.629",,"13629.629","6","false","true",
"C","A","20200101","2020","52","2020","826","GBR","United Kingdom","M","Import","0","W00","World","0","W00","World","H5","HS","true","2204","Wine of fresh grapes, including fortified wines; grape must other than that of heading no. 2009","4","false","C00","TOTAL CPC","0","0","TOTAL MOT","-1","N/A","0","true","-1","N/A","0","false","0","true","0","false","4443666729.406","0","4443666729.406","6","false","true",
"C","A","20200101","2020","52","2020","834","TZA","United Rep. of Tanzania","M","Import","0","W00","World","0","W00","World","H5","HS","true","2204","Wine of fresh grapes, including fortified wines; grape must other than that of heading no. 2009","4","false","C00","TOTAL CPC","0","0","TOTAL MOT","7","l","5369884.883","true","-1","N/A","0","false","5774355.53","true","0","false","7058904.73","0","7058904.73","6","false","true",
"C","A","20200101","2020","52","2020","842","USA","USA","M","Import","0","W00","World","0","W00","World","H5","HS","true","2204","Wine of fresh grapes, including fortified wines; grape must other than that of heading no. 2009","4","false","C00","TOTAL CPC","0","0","TOTAL MOT","7","l","1230992741.824","true","-1","N/A","0","false","1230992741.824","true","0","false","5883810717","0","5883810717","6","false","true",
"C","A","20200101","2020","52","2020","854","BFA","Burkina Faso","M","Import","0","W00","World","0","W00","World","H5","HS","true","2204","Wine of fresh grapes, including fortified wines; grape must other than that of heading no. 2009","4","false","C00","TOTAL CPC","0","0","TOTAL MOT","7","l","8572520.434","true","-1","N/A","0","false","9226775","false","0","false","2932565.643","0","2932565.643","2","false","true",
"C","A","20200101","2020","52","2020","858","URY","Uruguay","M","Import","0","W00","World","0","W00","World","H5","HS","true","2204","Wine of fresh grapes, including fortified wines; grape must other than that of heading no. 2009","4","false","C00","TOTAL CPC","0","0","TOTAL MOT","7","l","3545965","false","7","l","3545965","false","3644085.48","false","0","false","11537161.06","11040825.32","11537161.06","0","false","true",
"C","A","20200101","2020","52","2020","860","UZB","Uzbekistan","M","Import","0","W00","World","0","W00","World","H5","HS","true","2204","Wine of fresh grapes, including fortified wines; grape must other than that of heading no. 2009","4","false","C00","TOTAL CPC","0","0","TOTAL MOT","7","l","76762.75","false","7","l","76762.75","false","76762.75","false","0","false","473335",,"473335","0","false","true",
"C","A","20200101","2020","52","2020","894","ZMB","Zambia","M","Import","0","W00","World","0","W00","World","H5","HS","true","2204","Wine of fresh grapes, including fortified wines; grape must other than that of heading no. 2009","4","false","C00","TOTAL CPC","0","0","TOTAL MOT","-1","N/A","0","false","-1","N/A","0","false",,"false","0","false","3285470.449",,"3285470.449","0","false","true",
"C","A","20210101","2021","52","2021","8","ALB","Albania","M","Import","0","W00","World","0","W00","World","H5","HS","true","2204","Wine of fresh grapes, including fortified wines; grape must other than that of heading no. 2009","4","false","C00","TOTAL CPC","0","0","TOTAL MOT","-1","N/A","0","false","-1","N/A","0","false","0","false","0","false","15906670.689",,"15906670.689","0","false","true",
"C","A","20210101","2021","52","2021","20","AND","Andorra","M","Import","0","W00","World","0","W00","World","H5","HS","true","2204","Wine of fresh grapes, including fortified wines; grape must other than that of heading no. 2009","4","false","C00","TOTAL CPC","0","0","TOTAL MOT","7","l","2734028.02","true","-1","N/A","0","false","2749681.07","false","0","false","16368220.037",,"16368220.037","2","false","true",
"C","A","20210101","2021","52","2021","24","AGO","Angola","M","Import","0","W00","World","0","W00","World","H5","HS","true","2204","Wine of fresh grapes, including fortified wines; grape must other than that of heading no. 2009","4","false","C00","TOTAL CPC","0","0","TOTAL MOT","7","l","27735302.931","true","-1","N/A","0","false","28547090.067","false","0","false","34133234.624",,"34133234.624","2","false","true",
"C","A","20210101","2021","52","2021","28","ATG","Antigua and Barbuda","M","Import","0","W00","World","0","W00","World","H3","HS","true","2204","Wine of fresh grapes, including fortified wines; grape must other than that of heading no. 2009","4","false","C00","TOTAL CPC","0","0","TOTAL MOT","7","l","818993.851","true","-1","N/A","0","false","1482054.093","true","0","false","4576360.466",,"4576360.466","6","false","true",
"C","A","20210101","2021","52","2021","31","AZE","Azerbaijan","M","Import","0","W00","World","0","W00","World","H5","HS","true","2204","Wine of fresh grapes, including fortified wines; grape must other than that of heading no. 2009","4","false","C00","TOTAL CPC","0","0","TOTAL MOT","7","l","450584.43","false","7","l","450584.43","false","605880.19","false","0","false","3754629.07",,"3754629.07","0","false","true",
"C","A","20210101","2021","52","2021","32","ARG","Argentina","M","Import","0","W00","World","0","W00","World","H5","HS","true","2204","Wine of fresh grapes, including fortified wines; grape must other than that of heading no. 2009","4","false","C00","TOTAL CPC","0","0","TOTAL MOT","7","l","1141653.935","true","-1","N/A","0","false","1141890.901","true","0","false","6921093.46","6598574.71","6921093.46","6","false","true",
"C","A","20210101","2021","52","2021","36","AUS","Australia","M","Import","0","W00","World","0","W00","World","H5","HS","true","2204","Wine of fresh grapes, including fortified wines; grape must other than that of heading no. 2009","4","false","C00","TOTAL CPC","0","0","TOTAL MOT","7","l","116566180.641","true","-1","N/A","0","false","116566196.927","true","0","false","757784684.901","727102672.854","757784684.901","6","false","true",
"C","A","20210101","2021","52","2021","40","AUT","Austria","M","Import","0","W00","World","0","W00","World","H5","HS","true","2204","Wine of fresh grapes, including fortified wines; grape must other than that of heading no. 2009","4","false","C00","TOTAL CPC","0","0","TOTAL MOT","7","l","68750410.377","true","-1","N/A","0","false","68316679","false","0","false","267530328.811",,"267530328.811","2","false","true",
"C","A","20210101","2021","52","2021","44","BHS","Bahamas","M","Import","0","W00","World","0","W00","World","H5","HS","true","2204","Wine of fresh grapes, including fortified wines; grape must other than that of heading no. 2009","4","false","C00","TOTAL CPC","0","0","TOTAL MOT","7","l","4366181.958","true","-1","N/A","0","false","4640026.272","true","0","false","18752988",,"18752988","6","false","true",
"C","A","20210101","2021","52","2021","48","BHR","Bahrain","M","Import","0","W00","World","0","W00","World","H5","HS","true","2204","Wine of fresh grapes, including fortified wines; grape must other than that of heading no. 2009","4","false","C00","TOTAL CPC","0","0","TOTAL MOT","7","l","1208982.45","false","7","l","1208982.45","false","1208982.45","false","0","false","4826649.001",,"4826649.001","0","false","true",
"C","A","20210101","2021","52","2021","51","ARM","Armenia","M","Import","0","W00","World","0","W00","World","H5","HS","true","2204","Wine of fresh grapes, including fortified wines; grape must other than that of heading no. 2009","4","false","C00","TOTAL CPC","0","0","TOTAL MOT","7","l","623003.25","false","7","l","623003.25","false","637756.59","false","0","false","2548869.8","0","2548869.8","0","false","true",
"C","A","20210101","2021","52","2021","52","BRB","Barbados","M","Import","0","W00","World","0","W00","World","H5","HS","true","2204","Wine of fresh grapes, including fortified wines; grape must other than that of heading no. 2009","4","false","C00","TOTAL CPC","0","0","TOTAL MOT","7","l","2024573.416","true","-1","N/A","0","false","2018916.684","true","0","false","8034811.5","0","8034811.5","6","false","true",
"C","A","20210101","2021","52","2021","56","BEL","Belgium","M","Import","0","W00","World","0","W00","World","H5","HS","true","2204","Wine of fresh grapes, including fortified wines; grape must other than that of heading no. 2009","4","false","C00","TOTAL CPC","0","0","TOTAL MOT","7","l","304407864.03","true","-1","N/A","0","false","308847409.57","true","0","false","1262872951.268",,"1262872951.268","6","false","true",
"C","A","20210101","2021","52","2021","60","BMU","Bermuda","M","Import","0","W00","World","0","W00","World","H5","HS","true","2204","Wine of fresh grapes, including fortified wines; grape must other than that of heading no. 2009","4","false","C00","TOTAL CPC","0","0","TOTAL MOT","7","l","1328789.39","false","7","l","1328789.39","false","1328789.39","false","0","false",,"15899374.49","15899374.49","0","false","true",
"C","A","20210101","2021","52","2021","68","BOL","Bolivia (Plurinational State of)","M","Import","0","W00","World","0","W00","World","H5","HS","true","2204","Wine of fresh grapes, including fortified wines; grape must other than that of heading no. 2009","4","false","C00","TOTAL CPC","0","0","TOTAL MOT","7","l","287879.95","false","7","l","287879.95","false","284040","false","0","false","1498965.56","1404677.48","1498965.56","0","false","true",
"C","A","20210101","2021","52","2021","70","BIH","Bosnia Herzegovina","M","Import","0","W00","World","0","W00","World","H5","HS","true","2204","Wine of fresh grapes, including fortified wines; grape must other than that of heading no. 2009","4","false","C00","TOTAL CPC","0","0","TOTAL MOT","7","l","8236137.985","true","-1","N/A","0","false","8404564.15","false","0","false","20215082.7","0","20215082.7","2","false","true",
"C","A","20210101","2021","52","2021","72","BWA","Botswana","M","Import","0","W00","World","0","W00","World","H5","HS","true","2204","Wine of fresh grapes, including fortified wines; grape must other than that of heading no. 2009","4","false","C00","TOTAL CPC","0","0","TOTAL MOT","7","l","5317753.83","false","7","l","5317753.83","false","6468585.08","false","0","false","12355228.928",,"12355228.928","0","false","true",
"C","A","20210101","2021","52","2021","76","BRA","Brazil","M","Import","0","W00","World","0","W00","World","H5","HS","true","2204","Wine of fresh grapes, including fortified wines; grape must other than that of heading no. 2009","4","false","C00","TOTAL CPC","0","0","TOTAL MOT","7","l","159338653","true","-1","N/A","0","false","160008677","false","0","false","497537333","476567698","497537333","2","false","true",
"C","A","20210101","2021","52","2021","84","BLZ","Belize","M","Import","0","W00","World","0","W00","World","H5","HS","true","2204","Wine of fresh grapes, including fortified wines; grape must other than that of heading no. 2009","4","false","C00","TOTAL CPC","0","0","TOTAL MOT","7","l","389251.372","true","-1","N/A","0","false","389043.894","true","0","false","1411944.91",,"1411944.91","6","false","true",
"C","A","20210101","2021","52","2021","96","BRN","Brunei Darussalam","M","Import","0","W00","World","0","W00","World","H5","HS","true","2204","Wine of fresh grapes, including fortified wines; grape must other than that of heading no. 2009","4","false","C00","TOTAL CPC","0","0","TOTAL MOT","7","l","23352","false","7","l","23352","false","23352","false","0","false","223196.03","0","223196.03","0","false","true",
"C","A","20210101","2021","52","2021","100","BGR","Bulgaria","M","Import","0","W00","World","0","W00","World","H5","HS","true","2204","Wine of fresh grapes, including fortified wines; grape must other than that of heading no. 2009","4","false","C00","TOTAL CPC","0","0","TOTAL MOT","7","l","14565257.069","true","-1","N/A","0","false","14421943.962","true","0","false","35697381.58","0","35697381.58","6","false","true",
"C","A","20210101","2021","52","2021","104","MMR","Myanmar","M","Import","0","W00","World","0","W00","World","H5","HS","true","2204","Wine of fresh grapes, including fortified wines; grape must other than that of heading no. 2009","4","false","C00","TOTAL CPC","0","0","TOTAL MOT","7","l","3417692.272","true","-1","N/A","0","false","3562734.11","false","0","false","3848996.999",,"3848996.999","2","false","true",
"C","A","20210101","2021","52","2021","108","BDI","Burundi","M","Import","0","W00","World","0","W00","World","H5","HS","true","2204","Wine of fresh grapes, including fortified wines; grape must other than that of heading no. 2009","4","false","C00","TOTAL CPC","0","0","TOTAL MOT","7","l","446153.825","false","7","l","446153.825","false","776124.2","false","0","false","1445278.032",,"1445278.032","0","false","true",
"C","A","20210101","2021","52","2021","112","BLR","Belarus","M","Import","0","W00","World","0","W00","World","H5","HS","true","2204","Wine of fresh grapes, including fortified wines; grape must other than that of heading no. 2009","4","false","C00","TOTAL CPC","0","0","TOTAL MOT","7","l","66489381.3","false","7","l","66489381.3","false","66342555","false","0","false","83503200","0","83503200","0","false","true",
"C","A","20210101","2021","52","2021","116","KHM","Cambodia","M","Import","0","W00","World","0","W00","World","H5","HS","true","2204","Wine of fresh grapes, including fortified wines; grape must other than that of heading no. 2009","4","false","C00","TOTAL CPC","0","0","TOTAL MOT","7","l","512213","false","7","l","512213","false","636684.43","false","0","false","1925282.74",,"1925282.74","0","false","true",
"C","A","20210101","2021","52","2021","120","CMR","Cameroon","M","Import","0","W00","World","0","W00","World","H5","HS","true","2204","Wine of fresh grapes, including fortified wines; grape must other than that of heading no. 2009","4","false","C00","TOTAL CPC","0","0","TOTAL MOT","7","l","12115445.366","true","-1","N/A","0","false","12132420.86","false","0","false","20857802.55",,"20857802.55","2","false","true",
"C","A","20210101","2021","52","2021","124","CAN","Canada","M","Import","0","W00","World","0","W00","World","H5","HS","true","2204","Wine of fresh grapes, including fortified wines; grape must other than that of heading no. 2009","4","false","C00","TOTAL CPC","0","0","TOTAL MOT","7","l","418918935","false","7","l","418918935","false","418919047.1","true","0","false",,"2246691371.139","2246691371.139","4","false","true",
"C","A","20210101","2021","52","2021","132","CPV","Cabo Verde","M","Import","0","W00","World","0","W00","World","H5","HS","true","2204","Wine of fresh grapes, including fortified wines; grape must other than that of heading no. 2009","4","false","C00","TOTAL CPC","0","0","TOTAL MOT","7","l","3892858.299","true","-1","N/A","0","false","5795115","false","0","false","3606465.74","3362070.921","3606465.74","2","false","true",
"C","A","20210101","2021","52","2021","136","CYM","Cayman Isds","M","Import","0","W00","World","0","W00","World","H5","HS","true","2204","Wine of fresh grapes, including fortified wines; grape must other than that of heading no. 2009","4","false","C00","TOTAL CPC","0","0","TOTAL MOT","7","l","4724149.291","true","-1","N/A","0","false","4991267.012","true","0","false","19798913.343",,"19798913.343","6","false","true",
"C","A","20210101","2021","52","2021","140","CAF","Central African Rep.","M","Import","0","W00","World","0","W00","World","H4","HS","true","2204","Wine of fresh grapes, including fortified wines; grape must other than that of heading no. 2009","4","false","C00","TOTAL CPC","0","0","TOTAL MOT","7","l","41059899.582","true","-1","N/A","0","false","41061411.955","true","0","false","811551.804",,"811551.804","6","false","true",
"C","A","20210101","2021","52","2021","144","LKA","Sri Lanka","M","Import","0","W00","World","0","W00","World","H5","HS","true","2204","Wine of fresh grapes, including fortified wines; grape must other than that of heading no. 2009","4","false","C00","TOTAL CPC","0","0","TOTAL MOT","7","l","873528.33","false","7","l","873528.33","false","873528.33","false","0","false","5053539.503","0","5053539.503","0","false","true",
"C","A","20210101","2021","52","2021","152","CHL","Chile","M","Import","0","W00","World","0","W00","World","H5","HS","true","2204","Wine of fresh grapes, including fortified wines; grape must other than that of heading no. 2009","4","false","C00","TOTAL CPC","0","0","TOTAL MOT","7","l","9260836.101","true","-1","N/A","0","false","9260836.101","true","0","false","22913962.474","20717959.086","22913962.474","6","false","true",
"C","A","20210101","2021","52","2021","156","CHN","China","M","Import","0","W00","World","0","W00","World","H5","HS","true","2204","Wine of fresh grapes, including fortified wines; grape must other than that of heading no. 2009","4","false","C00","TOTAL CPC","0","0","TOTAL MOT","7","l","424064336","false","7","l","424064336","false","422148025","false","0","false","1689521020",,"1689521020","0","false","true",
"C","A","20210101","2021","52","2021","170","COL","Colombia","M","Import","0","W00","World","0","W00","World","H5","HS","true","2204","Wine of fresh grapes, including fortified wines; grape must other than that of heading no. 2009","4","false","C00","TOTAL CPC","0","0","TOTAL MOT","7","l","25871372.08","false","7","l","25871372.08","false","25706744.38","false","0","false","77839368.72","0","77839368.72","0","false","true",
"C","A","20210101","2021","52","2021","174","COM","Comoros","M","Import","0","W00","World","0","W00","World","H5","HS","true","2204","Wine of fresh grapes, including fortified wines; grape must other than that of heading no. 2009","4","false","C00","TOTAL CPC","0","0","TOTAL MOT","7","l","58215","true","-1","N/A","0","false","58215","false","0","false","35665.962",,"35665.962","2","false","true",
"C","A","20210101","2021","52","2021","178","COG","Congo","M","Import","0","W00","World","0","W00","World","H5","HS","true","2204","Wine of fresh grapes, including fortified wines; grape must other than that of heading no. 2009","4","false","C00","TOTAL CPC","0","0","TOTAL MOT","7","l","2612394.095","true","-1","N/A","0","false","2613002.2","false","0","false","4420084.28","0","4420084.28","2","false","true",
"C","A","20210101","2021","52","2021","180","COD","Dem. Rep. of the Congo","M","Import","0","W00","World","0","W00","World","H4","HS","true","2204","Wine of fresh grapes, including fortified wines; grape must other than that of heading no. 2009","4","false","C00","TOTAL CPC","0","0","TOTAL MOT","7","l","2603156","true","-1","N/A","0","false","2603156","false","0","false","2443306.799",,"2443306.799","2","false","true",
"C","A","20210101","2021","52","2021","188","CRI","Costa Rica","M","Import","0","W00","World","0","W00","World","H5","HS","true","2204","Wine of fresh grapes, including fortified wines; grape must other than that of heading no. 2009","4","false","C00","TOTAL CPC","0","0","TOTAL MOT","7","l","13723081.756","true","-1","N/A","0","false","13710416.94","false","0","false","35126008.88","0","35126008.88","2","false","true",
"C","A","20210101","2021","52","2021","191","HRV","Croatia","M","Import","0","W00","World","0","W00","World","H5","HS","true","2204","Wine of fresh grapes, including fortified wines; grape must other than that of heading no. 2009","4","false","C00","TOTAL CPC","0","0","TOTAL MOT","7","l","27596229.64","false","7","l","27596229.64","false","27564602.01","false","0","false","41747046","0","41747046","0","false","true",
"C","A","20210101","2021","52","2021","192","CUB","Cuba","M","Import","0","W00","World","0","W00","World","H5","HS","true","2204","Wine of fresh grapes, including fortified wines; grape must other than that of heading no. 2009","4","false","C00","TOTAL CPC","0","0","TOTAL MOT","7","l","1786416.9","false","7","l","1786416.9","false","1803474.247","false","0","false","5020419.97",,"5020419.97","0","false","true",
"C","A","20210101","2021","52","2021","196","CYP","Cyprus","M","Import","0","W00","World","0","W00","World","H5","HS","true","2204","Wine of fresh grapes, including fortified wines; grape must other than that of heading no. 2009","4","false","C00","TOTAL CPC","0","0","TOTAL MOT","7","l","6123139.528","true","-1","N/A","0","false","6016385.418","true","0","false","34892473.692",,"34892473.692","6","false","true",
"C","A","20210101","2021","52","2021","203","CZE","Czechia","M","Import","0","W00","World","0","W00","World","H5","HS","true","2204","Wine of fresh grapes, including fortified wines; grape must other than that of heading no. 2009","4","false","C00","TOTAL CPC","0","0","TOTAL MOT","7","l","172889071.539","true","-1","N/A","0","false","173017421.228","true","0","false","294487808","285769717","294487808","6","false","true",
"C","A","20210101","2021","52","2021","204","BEN","Benin","M","Import","0","W00","World","0","W00","World","H5","HS","true","2204","Wine of fresh grapes, including fortified wines; grape must other than that of heading no. 2009","4","false","C00","TOTAL CPC","0","0","TOTAL MOT","7","l","2527750.48","true","-1","N/A","0","false","2546641.54","false","0","false","2762335.549",,"2762335.549","2","false","true",
"C","A","20210101","2021","52","2021","208","DNK","Denmark","M","Import","0","W00","World","0","W00","World","H5","HS","true","2204","Wine of fresh grapes, including fortified wines; grape must other than that of heading no. 2009","4","false","C00","TOTAL CPC","0","0","TOTAL MOT","7","l","217074462.124","true","-1","N/A","0","false","221937126.935","true","0","false","1007325126.664",,"1007325126.664","6","false","true",
"C","A","20210101","2021","52","2021","212","DMA","Dominica","M","Import","0","W00","World","0","W00","World","H3","HS","true","2204","Wine of fresh grapes, including fortified wines; grape must other than that of heading no. 2009","4","false","C00","TOTAL CPC","0","0","TOTAL MOT","7","l","311572","true","-1","N/A","0","false","311572","false","0","false","642131.21",,"642131.21","2","false","true",
"C","A","20210101","2021","52","2021","214","DOM","Dominican Rep.","M","Import","0","W00","World","0","W00","World","H5","HS","true","2204","Wine of fresh grapes, including fortified wines; grape must other than that of heading no. 2009","4","false","C00","TOTAL CPC","0","0","TOTAL MOT","7","l","13142997.607","true","-1","N/A","0","false",,"false","0","false","79027795.264","72470828.615","79027795.264","2","false","true",
"C","A","20210101","2021","52","2021","218","ECU","Ecuador","M","Import","0","W00","World","0","W00","World","H5","HS","true","2204","Wine of fresh grapes, including fortified wines; grape must other than that of heading no. 2009","4","false","C00","TOTAL CPC","0","0","TOTAL MOT","7","l","12533697.367","true","-1","N/A","0","false","13256194.004","false","0","false","31958158.41","29601670.902","31958158.41","2","false","true",
"C","A","20210101","2021","52","2021","222","SLV","El Salvador","M","Import","0","W00","World","0","W00","World","H5","HS","true","2204","Wine of fresh grapes, including fortified wines; grape must other than that of heading no. 2009","4","false","C00","TOTAL CPC","0","0","TOTAL MOT","7","l","3117582.83","true","-1","N/A","0","false","3122005.77","false","0","false","7593381.83","0","7593381.83","2","false","true",
"C","A","20210101","2021","52","2021","231","ETH","Ethiopia","M","Import","0","W00","World","0","W00","World","H5","HS","true","2204","Wine of fresh grapes, including fortified wines; grape must other than that of heading no. 2009","4","false","C00","TOTAL CPC","0","0","TOTAL MOT","7","l","366966.578","true","-1","N/A","0","false","373589.78","false","0","false","1454211.67","0","1454211.67","2","false","true",
"C","A","20210101","2021","52","2021","233","EST","Estonia","M","Import","0","W00","World","0","W00","World","H5","HS","true","2204","Wine of fresh grapes, including fortified wines; grape must other than that of heading no. 2009","4","false","C00","TOTAL CPC","0","0","TOTAL MOT","7","l","22622555.271","false","7","l","22622555.271","false","22625384.224","false","0","false","90642478.74",,"90642478.74","0","false","true",
"C","A","20210101","2021","52","2021","242","FJI","Fiji","M","Import","0","W00","World","0","W00","World","H5","HS","true","2204","Wine of fresh grapes, including fortified wines; grape must other than that of heading no. 2009","4","false","C00","TOTAL CPC","0","0","TOTAL MOT","7","l","1141739.48","false","7","l","1141739.48","false","1141739.48","false","0","false","3746341.163","0","3746341.163","0","false","true",
"C","A","20210101","2021","52","2021","246","FIN","Finland","M","Import","0","W00","World","0","W00","World","H5","HS","true","2204","Wine of fresh grapes, including fortified wines; grape must other than that of heading no. 2009","4","false","C00","TOTAL CPC","0","0","TOTAL MOT","7","l","71230017.857","true","-1","N/A","0","false","70944661.974","true","0","false","250349785.114","0","250349785.114","6","false","true",
"C","A","20210101","2021","52","2021","251","FRA","France","M","Import","0","W00","World","0","W00","World","H5","HS","true","2204","Wine of fresh grapes, including fortified wines; grape must other than that of heading no. 2009","4","false","C00","TOTAL CPC","0","0","TOTAL MOT","7","l","606765566.139","true","-1","N/A","0","false","615028387.395","true","0","false","997998235.744",,"997998235.744","6","false","true",
"C","A","20210101","2021","52","2021","258","PYF","French Polynesia","M","Import","0","W00","World","0","W00","World","H5","HS","true","2204","Wine of fresh grapes, including fortified wines; grape must other than that of heading no. 2009","4","false","C00","TOTAL CPC","0","0","TOTAL MOT","7","l","2291823","false","7","l","2291823","false","2290925.467","true","0","false","15827469.907",,"15827469.907","4","false","true",
"C","A","20210101","2021","52","2021","262","DJI","Djibouti","M","Import","0","W00","World","0","W00","World","H3","HS","true","2204","Wine of fresh grapes, including fortified wines; grape must other than that of heading no. 2009","4","false","C00","TOTAL CPC","0","0","TOTAL MOT","7","l","420088.46","true","-1","N/A","0","false","420088.46","false","0","false","1091010.319",,"1091010.319","2","false","true",
"C","A","20210101","2021","52","2021","266","GAB","Gabon","M","Import","0","W00","World","0","W00","World","H5","HS","true","2204","Wine of fresh grapes, including fortified wines; grape must other than that of heading no. 2009","4","false","C00","TOTAL CPC","0","0","TOTAL MOT","7","l","5778036.938","true","-1","N/A","0","false","5914771","false","0","false","8779231.058",,"8779231.058","2","false","true",
"C","A","20210101","2021","52","2021","268","GEO","Georgia","M","Import","0","W00","World","0","W00","World","H5","HS","true","2204","Wine of fresh grapes, including fortified wines; grape must other than that of heading no. 2009","4","false","C00","TOTAL CPC","0","0","TOTAL MOT","7","l","400859.44","false","7","l","400859.44","false","400859.44","false","0","false","3913556.34",,"3913556.34","0","false","true",
"C","A","20210101","2021","52","2021","270","GMB","Gambia","M","Import","0","W00","World","0","W00","World","H5","HS","true","2204","Wine of fresh grapes, including fortified wines; grape must other than that of heading no. 2009","4","false","C00","TOTAL CPC","0","0","TOTAL MOT","7","l","15185.82","false","7","l","15185.82","false","11530.92","false","0","false","30676.26","0","30676.26","0","false","true",
"C","A","20210101","2021","52","2021","275","PSE","State of Palestine","M","Import","0","W00","World","0","W00","World","H4","HS","true","2204","Wine of fresh grapes, including fortified wines; grape must other than that of heading no. 2009","4","false","C00","TOTAL CPC","0","0","TOTAL MOT","7","l","68961.128","true","-1","N/A","0","false","71583.419","true","0","false","232931.89","0","232931.89","6","false","true",
"C","A","20210101","2021","52","2021","276","DEU","Germany","M","Import","0","W00","World","0","W00","World","H5","HS","true","2204","Wine of fresh grapes, including fortified wines; grape must other than that of heading no. 2009","4","false","C00","TOTAL CPC","0","0","TOTAL MOT","-1","N/A","0","false","-1","N/A","0","false","0","false","0","false","3406239144.204","0","3406239144.204","0","false","true",
"C","A","20210101","2021","52","2021","288","GHA","Ghana","M","Import","0","W00","World","0","W00","World","H5","HS","true","2204","Wine of fresh grapes, including fortified wines; grape must other than that of heading no. 2009","4","false","C00","TOTAL CPC","0","0","TOTAL MOT","7","l","4292580.782","true","-1","N/A","0","false","17283563.29","true","0","false","26045980.629",,"26045980.629","6","false","true",
"C","A","20210101","2021","52","2021","296","KIR","Kiribati","M","Import","0","W00","World","0","W00","World","H5","HS","true","2204","Wine of fresh grapes, including fortified wines; grape must other than that of heading no. 2009","4","false","C00","TOTAL CPC","0","0","TOTAL MOT","7","l","11628.62","false","7","l","11628.62","false","11628.62","false","0","false","55165.528",,"55165.528","0","false","true",
"C","A","20210101","2021","52","2021","300","GRC","Greece","M","Import","0","W00","World","0","W00","World","H5","HS","true","2204","Wine of fresh grapes, including fortified wines; grape must other than that of heading no. 2009","4","false","C00","TOTAL CPC","0","0","TOTAL MOT","7","l","17289250.499","true","-1","N/A","0","false","18849183.629","true","0","false","63626241.179","0","63626241.179","6","false","true",
"C","A","20210101","2021","52","2021","308","GRD","Grenada","M","Import","0","W00","World","0","W00","World","H4","HS","true","2204","Wine of fresh grapes, including fortified wines; grape must other than that of heading no. 2009","4","false","C00","TOTAL CPC","0","0","TOTAL MOT","7","l","473198","true","-1","N/A","0","false","473198","false","0","false","1283606.295","0","1283606.295","2","false","true",
"C","A","20210101","2021","52","2021","320","GTM","Guatemala","M","Import","0","W00","World","0","W00","World","H5","HS","true","2204","Wine of fresh grapes, including fortified wines; grape must other than that of heading no. 2009","4","false","C00","TOTAL CPC","0","0","TOTAL MOT","7","l","7671983.186","true","-1","N/A","0","false","7672738","false","0","false","21036717","0","21036717","2","false","true",
"C","A","20210101","2021","52","2021","328","GUY","Guyana","M","Import","0","W00","World","0","W00","World","H5","HS","true","2204","Wine of fresh grapes, including fortified wines; grape must other than that of heading no. 2009","4","false","C00","TOTAL CPC","0","0","TOTAL MOT","7","l","293598.727","true","-1","N/A","0","false","271765.176","true","0","false","1473136.923","735688.915","1473136.923","6","false","true",
"C","A","20210101","2021","52","2021","340","HND","Honduras","M","Import","0","W00","World","0","W00","World","H5","HS","true","2204","Wine of fresh grapes, including fortified wines; grape must other than that of heading no. 2009","4","false","C00","TOTAL CPC","0","0","TOTAL MOT","7","l","3190371.976","true","-1","N/A","0","false","3190282.8","false","0","false","7279359.17","0","7279359.17","2","false","true",
"C","A","20210101","2021","52","2021","344","HKG","China, Hong Kong SAR","M","Import","0","W00","World","0","W00","World","H5","HS","true","2204","Wine of fresh grapes, including fortified wines; grape must other than that of heading no. 2009","4","false","C00","TOTAL CPC","0","0","TOTAL MOT","7","l","39024380.312","true","-1","N/A","0","false","39024380.312","true","0","false","1363866940.788","0","1363866940.788","6","false","true",
"C","A","20210101","2021","52","2021","348","HUN","Hungary","M","Import","0","W00","World","0","W00","World","H5","HS","true","2204","Wine of fresh grapes, including fortified wines; grape must other than that of heading no. 2009","4","false","C00","TOTAL CPC","0","0","TOTAL MOT","-1","N/A","0","true","-1","N/A","0","false","0","true","0","false","26970640","0","26970640","6","false","true",
"C","A","20210101","2021","52","2021","352","ISL","Iceland","M","Import","0","W00","World","0","W00","World","H5","HS","true","2204","Wine of fresh grapes, including fortified wines; grape must other than that of heading no. 2009","4","false","C00","TOTAL CPC","0","0","TOTAL MOT","7","l","0","true","-1","N/A","0","false","5791742.504","true","0","false","37946416.509","34872506.071","37946416.509","6","false","true",
"C","A","20210101","2021","52","2021","360","IDN","Indonesia","M","Import","0","W00","World","0","W00","World","H5","HS","true","2204","Wine of fresh grapes, including fortified wines; grape must other than that of heading no. 2009","4","false","C00","TOTAL CPC","0","0","TOTAL MOT","7","l","2549581","true","-1","N/A","0","false","2549581","false","0","false","8478951",,"8478951","2","false","true",
"C","A","20210101","2021","52","2021","372","IRL","Ireland","M","Import","0","W00","World","0","W00","World","H5","HS","true","2204","Wine of fresh grapes, including fortified wines; grape must other than that of heading no. 2009","4","false","C00","TOTAL CPC","0","0","TOTAL MOT","7","l","80021572.393","true","-1","N/A","0","false","97962563.088","true","0","false","350043146.803",,"350043146.803","6","false","true",
"C","A","20210101","2021","52","2021","376","ISR","Israel","M","Import","0","W00","World","0","W00","World","H5","HS","true","2204","Wine of fresh grapes, including fortified wines; grape must other than that of heading no. 2009","4","false","C00","TOTAL CPC","0","0","TOTAL MOT","-1","N/A","0","false","-1","N/A","0","false","0","false","0","false","77790000","0","77790000","0","false","true",
"C","A","20210101","2021","52","2021","380","ITA","Italy","M","Import","0","W00","World","0","W00","World","H5","HS","true","2204","Wine of fresh grapes, including fortified wines; grape must other than that of heading no. 2009","4","false","C00","TOTAL CPC","0","0","TOTAL MOT","7","l","311156682.075","true","-1","N/A","0","false","312889631.683","true","0","false","509110986.312",,"509110986.312","6","false","true",
"C","A","20210101","2021","52","2021","384","CIV","Côte d'Ivoire","M","Import","0","W00","World","0","W00","World","H5","HS","true","2204","Wine of fresh grapes, including fortified wines; grape must other than that of heading no. 2009","4","false","C00","TOTAL CPC","0","0","TOTAL MOT","7","l","58338145.395","true","-1","N/A","0","false","58358429","false","0","false","54262092.967",,"54262092.967","2","false","true",
"C","A","20210101","2021","52","2021","388","JAM","Jamaica","M","Import","0","W00","World","0","W00","World","H5","HS","true","2204","Wine of fresh grapes, including fortified wines; grape must other than that of heading no. 2009","4","false","C00","TOTAL CPC","0","0","TOTAL MOT","7","l","3071175.71","false","7","l","3071175.71","false","3474139.03","false","0","false","9902055.19",,"9902055.19","0","false","true",
"C","A","20210101","2021","52","2021","392","JPN","Japan","M","Import","0","W00","World","0","W00","World","H5","HS","true","2204","Wine of fresh grapes, including fortified wines; grape must other than that of heading no. 2009","4","false","C00","TOTAL CPC","0","0","TOTAL MOT","7","l","244377085","false","7","l","244377085","false","244380698.904","true","0","false","1706817979.281","0","1706817979.281","4","false","true",
"C","A","20210101","2021","52","2021","398","KAZ","Kazakhstan","M","Import","0","W00","World","0","W00","World","H5","HS","true","2204","Wine of fresh grapes, including fortified wines; grape must other than that of heading no. 2009","4","false","C00","TOTAL CPC","0","0","TOTAL MOT","7","l","23495779.042","true","-1","N/A","0","false","23720058.532","false","0","false","46986391.78",,"46986391.78","2","false","true",
"C","A","20210101","2021","52","2021","400","JOR","Jordan","M","Import","0","W00","World","0","W00","World","H5","HS","true","2204","Wine of fresh grapes, including fortified wines; grape must other than that of heading no. 2009","4","false","C00","TOTAL CPC","0","0","TOTAL MOT","7","l","902285.872","true","-1","N/A","0","false","937369.566","true","0","false","2953121.766","0","2953121.766","6","false","true",
"C","A","20210101","2021","52","2021","404","KEN","Kenya","M","Import","0","W00","World","0","W00","World","H5","HS","true","2204","Wine of fresh grapes, including fortified wines; grape must other than that of heading no. 2009","4","false","C00","TOTAL CPC","0","0","TOTAL MOT","7","l","8244373.14","false","7","l","8244373.14","false","8244373.14","false","0","false","21512732.411","0","21512732.411","0","false","true",
"C","A","20210101","2021","52","2021","410","KOR","Rep. of Korea","M","Import","0","W00","World","0","W00","World","H5","HS","true","2204","Wine of fresh grapes, including fortified wines; grape must other than that of heading no. 2009","4","false","C00","TOTAL CPC","0","0","TOTAL MOT","7","l","76029190.142","true","-1","N/A","0","false","76575182.535","false","0","false","559808540",,"559808540","2","false","true",
"C","A","20210101","2021","52","2021","417","KGZ","Kyrgyzstan","M","Import","0","W00","World","0","W00","World","H5","HS","true","2204","Wine of fresh grapes, including fortified wines; grape must other than that of heading no. 2009","4","false","C00","TOTAL CPC","0","0","TOTAL MOT","7","l","1791817.118","true","-1","N/A","0","false","2082798","false","0","false","3224040",,"3224040","2","false","true",
"C","A","20210101","2021","52","2021","418","LAO","Lao People's Dem. Rep.","M","Import","0","W00","World","0","W00","World","H5","HS","true","2204","Wine of fresh grapes, including fortified wines; grape must other than that of heading no. 2009","4","false","C00","TOTAL CPC","0","0","TOTAL MOT","7","l","815916.282","true","-1","N/A","0","false","795177.14","false","0","false","1879143.84","0","1879143.84","2","false","true",
"C","A","20210101","2021","52","2021","422","LBN","Lebanon","M","Import","0","W00","World","0","W00","World","H5","HS","true","2204","Wine of fresh grapes, including fortified wines; grape must other than that of heading no. 2009","4","false","C00","TOTAL CPC","0","0","TOTAL MOT","7","l","716140.423","true","-1","N/A","0","false","714264.523","true","0","false","4648974","0","4648974","6","false","true",
"C","A","20210101","2021","52","2021","426","LSO","Lesotho","M","Import","0","W00","World","0","W00","World","H5","HS","true","2204","Wine of fresh grapes, including fortified wines; grape must other than that of heading no. 2009","4","false","C00","TOTAL CPC","0","0","TOTAL MOT","7","l","2137309.248","true","-1","N/A","0","false","2418092.286","true","0","false","4018735.374",,"4018735.374","6","false","true",
"C","A","20210101","2021","52","2021","428","LVA","Latvia","M","Import","0","W00","World","0","W00","World","H5","HS","true","2204","Wine of fresh grapes, including fortified wines; grape must other than that of heading no. 2009","4","false","C00","TOTAL CPC","0","0","TOTAL MOT","7","l","41953115","false","7","l","41953115","false","41965545.698","true","0","false","143820947.3",,"143820947.3","4","false","true",
"C","A","20210101","2021","52","2021","430","LBR","Liberia","M","Import","0","W00","World","0","W00","World","H5","HS","true","2204","Wine of fresh grapes, including fortified wines; grape must other than that of heading no. 2009","4","false","C00","TOTAL CPC","0","0","TOTAL MOT","-1","N/A","0","false","-1","N/A","0","false","1234954.04","false","0","false","1540820.23",,"1540820.23","0","false","true",
"C","A","20210101","2021","52","2021","440","LTU","Lithuania","M","Import","0","W00","World","0","W00","World","H5","HS","true","2204","Wine of fresh grapes, including fortified wines; grape must other than that of heading no. 2009","4","false","C00","TOTAL CPC","0","0","TOTAL MOT","7","l","97996070.139","true","-1","N/A","0","false","98051730.533","true","0","false","299623489","0","299623489","6","false","true",
"C","A","20210101","2021","52","2021","442","LUX","Luxembourg","M","Import","0","W00","World","0","W00","World","H5","HS","true","2204","Wine of fresh grapes, including fortified wines; grape must other than that of heading no. 2009","4","false","C00","TOTAL CPC","0","0","TOTAL MOT","7","l","23879264.621","true","-1","N/A","0","false","38687036.332","false","0","false","149442541.326","148242048.127","149442541.326","2","false","true",
"C","A","20210101","2021","52","2021","446","MAC","China, Macao SAR","M","Import","0","W00","World","0","W00","World","H5","HS","true","2204","Wine of fresh grapes, including fortified wines; grape must other than that of heading no. 2009","4","false","C00","TOTAL CPC","0","0","TOTAL MOT","7","l","4638575.324","true","-1","N/A","0","false","4742897.39","true","0","false","225962963.324","0","225962963.324","6","false","true",
"C","A","20210101","2021","52","2021","450","MDG","Madagascar","M","Import","0","W00","World","0","W00","World","H5","HS","true","2204","Wine of fresh grapes, including fortified wines; grape must other than that of heading no. 2009","4","false","C00","TOTAL CPC","0","0","TOTAL MOT","7","l","475778.21","false","7","l","475778.21","false","547628.76","false","0","false","1356867.841",,"1356867.841","0","false","true",
"C","A","20210101","2021","52","2021","454","MWI","Malawi","M","Import","0","W00","World","0","W00","World","H5","HS","true","2204","Wine of fresh grapes, including fortified wines; grape must other than that of heading no. 2009","4","false","C00","TOTAL CPC","0","0","TOTAL MOT","7","l","175084.046","true","-1","N/A","0","false","175178.68","false","0","false","182178.917",,"182178.917","2","false","true",
"C","A","20210101","2021","52","2021","458","MYS","Malaysia","M","Import","0","W00","World","0","W00","World","H5","HS","true","2204","Wine of fresh grapes, including fortified wines; grape must other than that of heading no. 2009","4","false","C00","TOTAL CPC","0","0","TOTAL MOT","7","l","18157889.19","false","7","l","18157889.19","false","18157889.19","false","0","false","82874440.539","0","82874440.539","0","false","true",
"C","A","20210101","2021","52","2021","462","MDV","Maldives","M","Import","0","W00","World","0","W00","World","H5","HS","true","2204","Wine of fresh grapes, including fortified wines; grape must other than that of heading no. 2009","4","false","C00","TOTAL CPC","0","0","TOTAL MOT","7","l","2318862.329","true","-1","N/A","0","false","2318862.329","true","0","false","14452814.286","0","14452814.286","6","false","true",
"C","A","20210101","2021","52","2021","466","MLI","Mali","M","Import","0","W00","World","0","W00","World","H5","HS","true","2204","Wine of fresh grapes, including fortified wines; grape must other than that of heading no. 2009","4","false","C00","TOTAL CPC","0","0","TOTAL MOT","7","l","2065028.899","true","-1","N/A","0","false","2062953.864","true","0","false","1026229.766",,"1026229.766","6","false","true",
"C","A","20210101","2021","52","2021","470","MLT","Malta","M","Import","0","W00","World","0","W00","World","H5","HS","true","2204","Wine of fresh grapes, including fortified wines; grape must other than that of heading no. 2009","4","false","C00","TOTAL CPC","0","0","TOTAL MOT","7","l","5606185","true","-1","N/A","0","false","6306998","false","0","false","24197578.738",,"24197578.738","2","false","true",
"C","A","20210101","2021","52","2021","478","MRT","Mauritania","M","Import","0","W00","World","0","W00","World","H5","HS","true","2204","Wine of fresh grapes, including fortified wines; grape must other than that of heading no. 2009","4","false","C00","TOTAL CPC","0","0","TOTAL MOT","7","l","2585","true","-1","N/A","0","false","2585","false","0","false","11689.81",,"11689.81","2","false","true",
"C","A","20210101","2021","52","2021","480","MUS","Mauritius","M","Import","0","W00","World","0","W00","World","H5","HS","true","2204","Wine of fresh grapes, including fortified wines; grape must other than that of heading no. 2009","4","false","C00","TOTAL CPC","0","0","TOTAL MOT","7","l","1258732","false","7","l","1258732","false","2011721","false","0","false","11355243.016","10495695.521","11355243.016","0","false","true",
"C","A","20210101","2021","52","2021","484","MEX","Mexico","M","Import","0","W00","World","0","W00","World","H5","HS","true","2204","Wine of fresh grapes, including fortified wines; grape must other than that of heading no. 2009","4","false","C00","TOTAL CPC","0","0","TOTAL MOT","-1","N/A","0","false","-1","N/A","0","false","0","true","0","false",,"271633447","271633447","4","false","true",
"C","A","20210101","2021","52","2021","490","S19","Other Asia, nes","M","Import","0","W00","World","0","W00","World","H5","HS","true","2204","Wine of fresh grapes, including fortified wines; grape must other than that of heading no. 2009","4","false","C00","TOTAL CPC","0","0","TOTAL MOT","7","l","22768044","false","7","l","22768044","false","22771465.103","true","0","false","264112596.811","0","264112596.811","4","false","true",
"C","A","20210101","2021","52","2021","496","MNG","Mongolia","M","Import","0","W00","World","0","W00","World","H5","HS","true","2204","Wine of fresh grapes, including fortified wines; grape must other than that of heading no. 2009","4","false","C00","TOTAL CPC","0","0","TOTAL MOT","7","l","3308998.4","false","7","l","3308998.4","false","5787985.4","false","0","false","12700384.54","0","12700384.54","0","false","true",
"C","A","20210101","2021","52","2021","498","MDA","Rep. of Moldova","M","Import","0","W00","World","0","W00","World","H5","HS","true","2204","Wine of fresh grapes, including fortified wines; grape must other than that of heading no. 2009","4","false","C00","TOTAL CPC","0","0","TOTAL MOT","7","l","5342349","false","7","l","5342349","false","5299395","false","0","false","6045537","0","6045537","0","false","true",
"C","A","20210101","2021","52","2021","499","MNE","Montenegro","M","Import","0","W00","World","0","W00","World","H5","HS","true","2204","Wine of fresh grapes, including fortified wines; grape must other than that of heading no. 2009","4","false","C00","TOTAL CPC","0","0","TOTAL MOT","7","l","2992192.22","false","7","l","2992192.22","false","2991399.54","false","0","false","9074706.694","0","9074706.694","0","false","true",
"C","A","20210101","2021","52","2021","500","MSR","Montserrat","M","Import","0","W00","World","0","W00","World","H5","HS","true","2204","Wine of fresh grapes, including fortified wines; grape must other than that of heading no. 2009","4","false","C00","TOTAL CPC","0","0","TOTAL MOT","7","l","10346.17","true","-1","N/A","0","false","10346.17","false","0","false","45421.537",,"45421.537","2","false","true",
"C","A","20210101","2021","52","2021","504","MAR","Morocco","M","Import","0","W00","World","0","W00","World","H5","HS","true","2204","Wine of fresh grapes, including fortified wines; grape must other than that of heading no. 2009","4","false","C00","TOTAL CPC","0","0","TOTAL MOT","7","l","15941754.827","true","-1","N/A","0","false","15488483.75","false","0","false","25770193.328","0","25770193.328","2","false","true",
"C","A","20210101","2021","52","2021","508","MOZ","Mozambique","M","Import","0","W00","World","0","W00","World","H5","HS","true","2204","Wine of fresh grapes, including fortified wines; grape must other than that of heading no. 2009","4","false","C00","TOTAL CPC","0","0","TOTAL MOT","-1","N/A","0","false","-1","N/A","0","false","4675487","false","0","false","10011885.599","9404808.715","10011885.599","0","false","true",
"C","A","20210101","2021","52","2021","512","OMN","Oman","M","Import","0","W00","World","0","W00","World","H5","HS","true","2204","Wine of fresh grapes, including fortified wines; grape must other than that of heading no. 2009","4","false","C00","TOTAL CPC","0","0","TOTAL MOT","7","l","1124284","true","-1","N/A","0","false","1124284","false","0","false","2446533.156",,"2446533.156","2","false","true",
"C","A","20210101","2021","52","2021","516","NAM","Namibia","M","Import","0","W00","World","0","W00","World","H5","HS","true","2204","Wine of fresh grapes, including fortified wines; grape must other than that of heading no. 2009","4","false","C00","TOTAL CPC","0","0","TOTAL MOT","7","l","21285077","true","-1","N/A","0","false","30302630.701","true","0","false","38663390.47",,"38663390.47","6","false","true",
"C","A","20210101","2021","52","2021","524","NPL","Nepal","M","Import","0","W00","World","0","W00","World","H5","HS","true","2204","Wine of fresh grapes, including fortified wines; grape must other than that of heading no. 2009","4","false","C00","TOTAL CPC","0","0","TOTAL MOT","7","l","705752","false","7","l","705752","false","705752","false","0","false","2538212.66","0","2538212.66","0","false","true",
"C","A","20210101","2021","52","2021","528","NLD","Netherlands","M","Import","0","W00","World","0","W00","World","H5","HS","true","2204","Wine of fresh grapes, including fortified wines; grape must other than that of heading no. 2009","4","false","C00","TOTAL CPC","0","0","TOTAL MOT","7","l","491213135","false","7","l","491213135","false","478577274.861","true","0","false","1701803133.484","0","1701803133.484","4","false","true",
"C","A","20210101","2021","52","2021","533","ABW","Aruba","M","Import","0","W00","World","0","W00","World","H4","HS","true","2204","Wine of fresh grapes, including fortified wines; grape must other than that of heading no. 2009","4","false","C00","TOTAL CPC","0","0","TOTAL MOT","7","l","3013690.18","true","-1","N/A","0","false","3013690.18","false","0","false","11585251.233","0","11585251.233","2","false","true",
"C","A","20210101","2021","52","2021","554","NZL","New Zealand","M","Import","0","W00","World","0","W00","World","H5","HS","true","2204","Wine of fresh grapes, including fortified wines; grape must other than that of heading no. 2009","4","false","C00","TOTAL CPC","0","0","TOTAL MOT","-1","N/A","0","false","-1","N/A","0","false",,"false","0","false","183745641.498","176559976.652","183745641.498","0","false","true",
"C","A","20210101","2021","52","2021","558","NIC","Nicaragua","M","Import","0","W00","World","0","W00","World","H5","HS","true","2204","Wine of fresh grapes, including fortified wines; grape must other than that of heading no. 2009","4","false","C00","TOTAL CPC","0","0","TOTAL MOT","7","l","1439717.079","true","-1","N/A","0","false","1439692.71","false","0","false","3557716.88","0","3557716.88","2","false","true",
"C","A","20210101","2021","52","2021","562","NER","Niger","M","Import","0","W00","World","0","W00","World","H5","HS","true","2204","Wine of fresh grapes, including fortified wines; grape must other than that of heading no. 2009","4","false","C00","TOTAL CPC","0","0","TOTAL MOT","7","l","571036","true","-1","N/A","0","false","571036","false","0","false","221295.471",,"221295.471","2","false","true",
"C","A","20210101","2021","52","2021","566","NGA","Nigeria","M","Import","0","W00","World","0","W00","World","H4","HS","true","2204","Wine of fresh grapes, including fortified wines; grape must other than that of heading no. 2009","4","false","C00","TOTAL CPC","0","0","TOTAL MOT","7","l","52017704.077","true","-1","N/A","0","false","52017704.951","true","0","false","12885701.903","0","12885701.903","6","false","true",
"C","A","20210101","2021","52","2021","579","NOR","Norway","M","Import","0","W00","World","0","W00","World","H5","HS","true","2204","Wine of fresh grapes, including fortified wines; grape must other than that of heading no. 2009","4","false","C00","TOTAL CPC","0","0","TOTAL MOT","7","l","109087167.267","true","-1","N/A","0","false","109810003.76","true","0","false","567194803.657",,"567194803.657","6","false","true",
"C","A","20210101","2021","52","2021","586","PAK","Pakistan","M","Import","0","W00","World","0","W00","World","H5","HS","true","2204","Wine of fresh grapes, including fortified wines; grape must other than that of heading no. 2009","4","false","C00","TOTAL CPC","0","0","TOTAL MOT","7","l","31184","false","7","l","31184","false","31184","false","0","false","137218.022","0","137218.022","0","false","true",
"C","A","20210101","2021","52","2021","591","PAN","Panama","M","Import","0","W00","World","0","W00","World","H5","HS","true","2204","Wine of fresh grapes, including fortified wines; grape must other than that of heading no. 2009","4","false","C00","TOTAL CPC","0","0","TOTAL MOT","7","l","5775901","false","7","l","5775901","false","5775901","false","11551802","false","29043734","0","29043734","0","false","true",
"C","A","20210101","2021","52","2021","598","PNG","Papua New Guinea","M","Import","0","W00","World","0","W00","World","H5","HS","true","2204","Wine of fresh grapes, including fortified wines; grape must other than that of heading no. 2009","4","false","C00","TOTAL CPC","0","0","TOTAL MOT","7","l","260128.916","false","7","l","260128.916","false","260128.916","false","0","false","3285999.213",,"3285999.213","0","false","true",
"C","A","20210101","2021","52","2021","600","PRY","Paraguay","M","Import","0","W00","World","0","W00","World","H5","HS","true","2204","Wine of fresh grapes, including fortified wines; grape must other than that of heading no. 2009","4","false","C00","TOTAL CPC","0","0","TOTAL MOT","7","l","25754742.961","true","-1","N/A","0","false","25738764","false","0","false","45125546","42572630","45125546","2","false","true",
"C","A","20210101","2021","52","2021","604","PER","Peru","M","Import","0","W00","World","0","W00","World","H5","HS","true","2204","Wine of fresh grapes, including fortified wines; grape must other than that of heading no. 2009","4","false","C00","TOTAL CPC","0","0","TOTAL MOT","7","l","12451315.33","false","7","l","12451315.33","false","13971010.44","false","0","false","42276382.08","0","42276382.08","0","false","true",
"C","A","20210101","2021","52","2021","608","PHL","Philippines","M","Import","0","W00","World","0","W00","World","H5","HS","true","2204","Wine of fresh grapes, including fortified wines; grape must other than that of heading no. 2009","4","false","C00","TOTAL CPC","0","0","TOTAL MOT","7","l","11224656.9","false","7","l","11224656.9","false","11224656.9","false","15054682.34","false","30681282","27934235","30681282","0","false","true",
"C","A","20210101","2021","52","2021","616","POL","Poland","M","Import","0","W00","World","0","W00","World","H5","HS","true","2204","Wine of fresh grapes, including fortified wines; grape must other than that of heading no. 2009","4","false","C00","TOTAL CPC","0","0","TOTAL MOT","7","l","157053982","false","7","l","157053982","false","157109797.416","true","0","false","423478281","0","423478281","4","false","true",
"C","A","20210101","2021","52","2021","620","PRT","Portugal","M","Import","0","W00","World","0","W00","World","H5","HS","true","2204","Wine of fresh grapes, including fortified wines; grape must other than that of heading no. 2009","4","false","C00","TOTAL CPC","0","0","TOTAL MOT","7","l","297094993.8","true","-1","N/A","0","false","296927566.16","true","0","false","204455632.555",,"204455632.555","6","false","true",
"C","A","20210101","2021","52","2021","626","TLS","Timor-Leste","M","Import","0","W00","World","0","W00","World","H5","HS","true","2204","Wine of fresh grapes, including fortified wines; grape must other than that of heading no. 2009","4","false","C00","TOTAL CPC","0","0","TOTAL MOT","7","l","132455.703","true","-1","N/A","0","false","151847.084","false","0","false","439315.42",,"439315.42","2","false","true",
"C","A","20210101","2021","52","2021","634","QAT","Qatar","M","Import","0","W00","World","0","W00","World","H5","HS","true","2204","Wine of fresh grapes, including fortified wines; grape must other than that of heading no. 2009","4","false","C00","TOTAL CPC","0","0","TOTAL MOT","7","l","1763443.397","true","-1","N/A","0","false","1775682.5","false","0","false","5462843.236","0","5462843.236","2","false","true",
"C","A","20210101","2021","52","2021","642","ROU","Romania","M","Import","0","W00","World","0","W00","World","H5","HS","true","2204","Wine of fresh grapes, including fortified wines; grape must other than that of heading no. 2009","4","false","C00","TOTAL CPC","0","0","TOTAL MOT","7","l","58634362.92","false","7","l","58634362.92","false","58849079.525","true","0","false","109613621.16","0","109613621.16","4","false","true",
"C","A","20210101","2021","52","2021","643","RUS","Russian Federation","M","Import","0","W00","World","0","W00","World","H5","HS","true","2204","Wine of fresh grapes, including fortified wines; grape must other than that of heading no. 2009","4","false","C00","TOTAL CPC","0","0","TOTAL MOT","7","l","375369085.01","true","-1","N/A","0","false","616239052.342","false","0","false","1251094437.729","0","1251094437.729","2","false","true",
"C","A","20210101","2021","52","2021","646","RWA","Rwanda","M","Import","0","W00","World","0","W00","World","H4","HS","true","2204","Wine of fresh grapes, including fortified wines; grape must other than that of heading no. 2009","4","false","C00","TOTAL CPC","0","0","TOTAL MOT","7","l","1925113.81","true","-1","N/A","0","false","1925113.81","false","0","false","4590519.14",,"4590519.14","2","false","true",
"C","A","20210101","2021","52","2021","670","VCT","Saint Vincent and the Grenadines","M","Import","0","W00","World","0","W00","World","H3","HS","true","2204","Wine of fresh grapes, including fortified wines; grape must other than that of heading no. 2009","4","false","C00","TOTAL CPC","0","0","TOTAL MOT","7","l","229854.929","true","-1","N/A","0","false","213763.364","true","0","false","2082340.509","0","2082340.509","6","false","true",
"C","A","20210101","2021","52","2021","678","STP","Sao Tome and Principe","M","Import","0","W00","World","0","W00","World","H3","HS","true","2204","Wine of fresh grapes, including fortified wines; grape must other than that of heading no. 2009","4","false","C00","TOTAL CPC","0","0","TOTAL MOT","-1","N/A","0","true","-1","N/A","0","false","0","false","0","false","5379354.989","0","5379354.989","2","false","true",
"C","A","20210101","2021","52","2021","686","SEN","Senegal","M","Import","0","W00","World","0","W00","World","H5","HS","true","2204","Wine of fresh grapes, including fortified wines; grape must other than that of heading no. 2009","4","false","C00","TOTAL CPC","0","0","TOTAL MOT","7","l","6219708.66","true","-1","N/A","0","false","6215596","false","0","false","6186949.899","0","6186949.899","2","false","true",
"C","A","20210101","2021","52","2021","688","SRB","Serbia","M","Import","0","W00","World","0","W00","World","H5","HS","true","2204","Wine of fresh grapes, including fortified wines; grape must other than that of heading no. 2009","4","false","C00","TOTAL CPC","0","0","TOTAL MOT","7","l","22954522","false","7","l","22954522","false","23982921.614","true","0","false","40181808","39782655","40181808","4","false","true",
"C","A","20210101","2021","52","2021","690","SYC","Seychelles","M","Import","0","W00","World","0","W00","World","H5","HS","true","2204","Wine of fresh grapes, including fortified wines; grape must other than that of heading no. 2009","4","false","C00","TOTAL CPC","0","0","TOTAL MOT","7","l","132582.898","true","-1","N/A","0","false","224837.64","false","0","false","1369395.239",,"1369395.239","2","false","true",
"C","A","20210101","2021","52","2021","699","IND","India","M","Import","0","W00","World","0","W00","World","H5","HS","true","2204","Wine of fresh grapes, including fortified wines; grape must other than that of heading no. 2009","4","false","C00","TOTAL CPC","0","0","TOTAL MOT","7","l","5564366","false","7","l","5564366","false","5564367.673","true","0","false","23512494.991","0","23512494.991","4","false","true",
"C","A","20210101","2021","52","2021","702","SGP","Singapore","M","Import","0","W00","World","0","W00","World","H5","HS","true","2204","Wine of fresh grapes, including fortified wines; grape must other than that of heading no. 2009","4","false","C00","TOTAL CPC","0","0","TOTAL MOT","7","l","32342056.1","false","7","l","32342056.1","false","32342056.1","false","0","false","852560309.708",,"852560309.708","0","false","true",
"C","A","20210101","2021","52","2021","703","SVK","Slovakia","M","Import","0","W00","World","0","W00","World","H5","HS","true","2204","Wine of fresh grapes, including fortified wines; grape must other than that of heading no. 2009","4","false","C00","TOTAL CPC","0","0","TOTAL MOT","-1","N/A","0","false","-1","N/A","0","false",,"false","0","false","85521994.381","84494588.087","85521994.381","0","false","true",
"C","A","20210101","2021","52","2021","704","VNM","Viet Nam","M","Import","0","W00","World","0","W00","World","H5","HS","true","2204","Wine of fresh grapes, including fortified wines; grape must other than that of heading no. 2009","4","false","C00","TOTAL CPC","0","0","TOTAL MOT","7","l","7532937.23","true","-1","N/A","0","false","7792241.967","true","0","false","22859971.328","0","22859971.328","6","false","true",
"C","A","20210101","2021","52","2021","705","SVN","Slovenia","M","Import","0","W00","World","0","W00","World","H5","HS","true","2204","Wine of fresh grapes, including fortified wines; grape must other than that of heading no. 2009","4","false","C00","TOTAL CPC","0","0","TOTAL MOT","7","l","8438944.1","true","-1","N/A","0","false","8625062.85","false","0","false","16268698.1","0","16268698.1","2","false","true",
"C","A","20210101","2021","52","2021","710","ZAF","South Africa","M","Import","0","W00","World","0","W00","World","H5","HS","true","2204","Wine of fresh grapes, including fortified wines; grape must other than that of heading no. 2009","4","false","C00","TOTAL CPC","0","0","TOTAL MOT","7","l","2506084.36","false","7","l","2506084.36","false","2506084.36","false","0","false","0","43542086.976","43542086.976","0","false","true",
"C","A","20210101","2021","52","2021","716","ZWE","Zimbabwe","M","Import","0","W00","World","0","W00","World","H5","HS","true","2204","Wine of fresh grapes, including fortified wines; grape must other than that of heading no. 2009","4","false","C00","TOTAL CPC","0","0","TOTAL MOT","7","l","1377695.912","true","-1","N/A","0","false","2573985.06","false","0","false","3655164.86",,"3655164.86","2","false","true",
"C","A","20210101","2021","52","2021","724","ESP","Spain","M","Import","0","W00","World","0","W00","World","H5","HS","true","2204","Wine of fresh grapes, including fortified wines; grape must other than that of heading no. 2009","4","false","C00","TOTAL CPC","0","0","TOTAL MOT","7","l","67702053.61","true","-1","N/A","0","false","71267980.234","true","0","false","284373242.457","0","284373242.457","6","false","true",
"C","A","20210101","2021","52","2021","740","SUR","Suriname","M","Import","0","W00","World","0","W00","World","H3","HS","true","2204","Wine of fresh grapes, including fortified wines; grape must other than that of heading no. 2009","4","false","C00","TOTAL CPC","0","0","TOTAL MOT","7","l","534258.64","false","7","l","534258.64","false","797443.6","false","986468.52","false","812885.06",,"812885.06","0","false","true",
"C","A","20210101","2021","52","2021","748","SWZ","Eswatini","M","Import","0","W00","World","0","W00","World","H5","HS","true","2204","Wine of fresh grapes, including fortified wines; grape must other than that of heading no. 2009","4","false","C00","TOTAL CPC","0","0","TOTAL MOT","7","l","2695555.6","false","7","l","2695555.6","false","3650271.59","false","0","false","6903058.71","0","6903058.71","0","false","true",
"C","A","20210101","2021","52","2021","752","SWE","Sweden","M","Import","0","W00","World","0","W00","World","H5","HS","true","2204","Wine of fresh grapes, including fortified wines; grape must other than that of heading no. 2009","4","false","C00","TOTAL CPC","0","0","TOTAL MOT","7","l","207156496.406","true","-1","N/A","0","false","182255894.102","true","0","false","888131821.896",,"888131821.896","6","false","true",
"C","A","20210101","2021","52","2021","757","CHE","Switzerland","M","Import","0","W00","World","0","W00","World","H5","HS","true","2204","Wine of fresh grapes, including fortified wines; grape must other than that of heading no. 2009","4","false","C00","TOTAL CPC","0","0","TOTAL MOT","7","l","190649320.858","true","-1","N/A","0","false","190649320.858","true","0","false","1476779857.9","0","1476779857.9","6","false","true",
"C","A","20210101","2021","52","2021","762","TJK","Tajikistan","M","Import","0","W00","World","0","W00","World","H4","HS","true","2204","Wine of fresh grapes, including fortified wines; grape must other than that of heading no. 2009","4","false","C00","TOTAL CPC","0","0","TOTAL MOT","7","l","156161.115","true","-1","N/A","0","false","166074.846","true","0","false","689311",,"689311","6","false","true",
"C","A","20210101","2021","52","2021","764","THA","Thailand","M","Import","0","W00","World","0","W00","World","H5","HS","true","2204","Wine of fresh grapes, including fortified wines; grape must other than that of heading no. 2009","4","false","C00","TOTAL CPC","0","0","TOTAL MOT","7","l","8448974","false","7","l","8448974","false","9888606.003","true","0","false","52485686.01",,"52485686.01","4","false","true",
"C","A","20210101","2021","52","2021","768","TGO","Togo","M","Import","0","W00","World","0","W00","World","H5","HS","true","2204","Wine of fresh grapes, including fortified wines; grape must other than that of heading no. 2009","4","false","C00","TOTAL CPC","0","0","TOTAL MOT","7","l","18707038.9","true","-1","N/A","0","false","18682243","false","0","false","12392882.41",,"12392882.41","2","false","true",
"C","A","20210101","2021","52","2021","776","TON","Tonga","M","Import","0","W00","World","0","W00","World","H5","HS","true","2204","Wine of fresh grapes, including fortified wines; grape must other than that of heading no. 2009","4","false","C00","TOTAL CPC","0","0","TOTAL MOT","7","l","285913.377","true","-1","N/A","0","false","294684.985","true","0","false","813445.045",,"813445.045","6","false","true",
"C","A","20210101","2021","52","2021","780","TTO","Trinidad and Tobago","M","Import","0","W00","World","0","W00","World","H4","HS","true","2204","Wine of fresh grapes, including fortified wines; grape must other than that of heading no. 2009","4","false","C00","TOTAL CPC","0","0","TOTAL MOT","7","l","904630","false","7","l","904630","false","1454091","false","0","false","6575480.508","0","6575480.508","0","false","true",
"C","A","20210101","2021","52","2021","784","ARE","United Arab Emirates","M","Import","0","W00","World","0","W00","World","H5","HS","true","2204","Wine of fresh grapes, including fortified wines; grape must other than that of heading no. 2009","4","false","C00","TOTAL CPC","0","0","TOTAL MOT","7","l","38632122.936","true","-1","N/A","0","false","38911189.88","false","0","false","201684909.527","0","201684909.527","2","false","true",
"C","A","20210101","2021","52","2021","788","TUN","Tunisia","M","Import","0","W00","World","0","W00","World","H5","HS","true","2204","Wine of fresh grapes, including fortified wines; grape must other than that of heading no. 2009","4","false","C00","TOTAL CPC","0","0","TOTAL MOT","7","l","85673.746","true","-1","N/A","0","false","117947","false","0","false","1044402.185","0","1044402.185","2","false","true",
"C","A","20210101","2021","52","2021","792","TUR","Türkiye","M","Import","0","W00","World","0","W00","World","H5","HS","true","2204","Wine of fresh grapes, including fortified wines; grape must other than that of heading no. 2009","4","false","C00","TOTAL CPC","0","0","TOTAL MOT","7","l","5353914","false","7","l","5353914","false","5354885","false","0","false","24772034","22729356.74","24772034","0","false","true",
"C","A","20210101","2021","52","2021","800","UGA","Uganda","M","Import","0","W00","World","0","W00","World","H5","HS","true","2204","Wine of fresh grapes, including fortified wines; grape must other than that of heading no. 2009","4","false","C00","TOTAL CPC","0","0","TOTAL MOT","7","l","2811904.45","false","7","l","2811904.45","false","4611226.86","false","0","false","5998509.67",,"5998509.67","0","false","true",
"C","A","20210101","2021","52","2021","804","UKR","Ukraine","M","Import","0","W00","World","0","W00","World","H5","HS","true","2204","Wine of fresh grapes, including fortified wines; grape must other than that of heading no. 2009","4","false","C00","TOTAL CPC","0","0","TOTAL MOT","7","l","61938101.29","false","7","l","61938101.29","false","74667123.21","false","0","false","210675699.22","0","210675699.22","0","false","true",
"C","A","20210101","2021","52","2021","807","MKD","North Macedonia","M","Import","0","W00","World","0","W00","World","H5","HS","true","2204","Wine of fresh grapes, including fortified wines; grape must other than that of heading no. 2009","4","false","C00","TOTAL CPC","0","0","TOTAL MOT","7","l","242692","false","7","l","242692","false","242722","false","0","false","1535108.55","0","1535108.55","0","false","true",
"C","A","20210101","2021","52","2021","818","EGY","Egypt","M","Import","0","W00","World","0","W00","World","H4","HS","true","2204","Wine of fresh grapes, including fortified wines; grape must other than that of heading no. 2009","4","false","C00","TOTAL CPC","0","0","TOTAL MOT","7","l","19663.877","true","-1","N/A","0","false","19683.526","true","0","false","29496.82",,"29496.82","6","false","true",
"C","A","20210101","2021","52","2021","826","GBR","United Kingdom","M","Import","0","W00","World","0","W00","World","H5","HS","true","2204","Wine of fresh grapes, including fortified wines; grape must other than that of heading no. 2009","4","false","C00","TOTAL CPC","0","0","TOTAL MOT","-1","N/A","0","false","-1","N/A","0","false","0","false","0","false","4828386889.707","0","4828386889.707","0","false","true",
"C","A","20210101","2021","52","2021","834","TZA","United Rep. of Tanzania","M","Import","0","W00","World","0","W00","World","H5","HS","true","2204","Wine of fresh grapes, including fortified wines; grape must other than that of heading no. 2009","4","false","C00","TOTAL CPC","0","0","TOTAL MOT","7","l","4499737","false","7","l","4499737","false","7170499","false","0","false","10863031","0","10863031","0","false","true",
"C","A","20210101","2021","52","2021","842","USA","USA","M","Import","0","W00","World","0","W00","World","H5","HS","true","2204","Wine of fresh grapes, including fortified wines; grape must other than that of heading no. 2009","4","false","C00","TOTAL CPC","0","0","TOTAL MOT","7","l","1391911582.983","true","-1","N/A","0","false","1391911582.983","true","0","false","7375680580","0","7375680580","6","false","true",
"C","A","20210101","2021","52","2021","854","BFA","Burkina Faso","M","Import","0","W00","World","0","W00","World","H5","HS","true","2204","Wine of fresh grapes, including fortified wines; grape must other than that of heading no. 2009","4","false","C00","TOTAL CPC","0","0","TOTAL MOT","7","l","14617493.376","true","-1","N/A","0","false","14954517","false","0","false","5456504.073","0","5456504.073","2","false","true",
"C","A","20210101","2021","52","2021","858","URY","Uruguay","M","Import","0","W00","World","0","W00","World","H5","HS","true","2204","Wine of fresh grapes, including fortified wines; grape must other than that of heading no. 2009","4","false","C00","TOTAL CPC","0","0","TOTAL MOT","7","l","5479616.55","true","-1","N/A","0","false","5137079.072","false","0","false","15822768.74","15106646.07","15822768.74","2","false","true",
"C","A","20210101","2021","52","2021","860","UZB","Uzbekistan","M","Import","0","W00","World","0","W00","World","H5","HS","true","2204","Wine of fresh grapes, including fortified wines; grape must other than that of heading no. 2009","4","false","C00","TOTAL CPC","0","0","TOTAL MOT","7","l","217623.651","true","-1","N/A","0","false","219888.579","true","0","false","1095496.93","0","1095496.93","6","false","true",
"C","A","20210101","2021","52","2021","882","WSM","Samoa","M","Import","0","W00","World","0","W00","World","H5","HS","true","2204","Wine of fresh grapes, including fortified wines; grape must other than that of heading no. 2009","4","false","C00","TOTAL CPC","0","0","TOTAL MOT","7","l","22192.25","false","7","l","22192.25","false","22192.25","false","0","false","112521.364","0","112521.364","0","false","true",
"C","A","20210101","2021","52","2021","894","ZMB","Zambia","M","Import","0","W00","World","0","W00","World","H5","HS","true","2204","Wine of fresh grapes, including fortified wines; grape must other than that of heading no. 2009","4","false","C00","TOTAL CPC","0","0","TOTAL MOT","-1","N/A","0","false","-1","N/A","0","false","2496389.68","false","0","false","3359550.319","47733.473","3359550.319","0","false","true",
"C","A","20220101","2022","52","2022","8","ALB","Albania","M","Import","0","W00","World","0","W00","World","H6","HS","true","2204","Wine of fresh grapes, including fortified wines; grape must other than that of heading no. 2009","4","false","C00","TOTAL CPC","0","0","TOTAL MOT","-1","N/A","0","false","-1","N/A","0","false","0","false","0","false","498619.114",,"498619.114","0","false","true",
"C","A","20220101","2022","52","2022","20","AND","Andorra","M","Import","0","W00","World","0","W00","World","H6","HS","true","2204","Wine of fresh grapes, including fortified wines; grape must other than that of heading no. 2009","4","false","C00","TOTAL CPC","0","0","TOTAL MOT","7","l","3062214.735","true","-1","N/A","0","false","3078321.5","false","0","false","18041656.11",,"18041656.11","2","false","true",
"C","A","20220101","2022","52","2022","24","AGO","Angola","M","Import","0","W00","World","0","W00","World","H5","HS","true","2204","Wine of fresh grapes, including fortified wines; grape must other than that of heading no. 2009","4","false","C00","TOTAL CPC","0","0","TOTAL MOT","7","l","41991533.158","true","-1","N/A","0","false","43055187.536","false","0","false","61216208.293","54790257.864","61216208.293","2","false","true",
"C","A","20220101","2022","52","2022","28","ATG","Antigua and Barbuda","M","Import","0","W00","World","0","W00","World","H3","HS","true","2204","Wine of fresh grapes, including fortified wines; grape must other than that of heading no. 2009","4","false","C00","TOTAL CPC","0","0","TOTAL MOT","-1","N/A","0","false","-1","N/A","0","false",,"false","0","false","5809852.483",,"5809852.483","0","false","true",
"C","A","20220101","2022","52","2022","31","AZE","Azerbaijan","M","Import","0","W00","World","0","W00","World","H6","HS","true","2204","Wine of fresh grapes, including fortified wines; grape must other than that of heading no. 2009","4","false","C00","TOTAL CPC","0","0","TOTAL MOT","7","l","536577.5","false","7","l","536577.5","false","732625.286","false","0","false","4422275.42",,"4422275.42","0","false","true",
"C","A","20220101","2022","52","2022","32","ARG","Argentina","M","Import","0","W00","World","0","W00","World","H5","HS","true","2204","Wine of fresh grapes, including fortified wines; grape must other than that of heading no. 2009","4","false","C00","TOTAL CPC","0","0","TOTAL MOT","7","l","881609.9","false","7","l","881609.9","false","883008.58","false","0","false","7739474.18","7376181.72","7739474.18","0","false","true",
"C","A","20220101","2022","52","2022","36","AUS","Australia","M","Import","0","W00","World","0","W00","World","H6","HS","true","2204","Wine of fresh grapes, including fortified wines; grape must other than that of heading no. 2009","4","false","C00","TOTAL CPC","0","0","TOTAL MOT","7","l","122018583.259","true","-1","N/A","0","false","122018564.49","true","0","false","776940851.796","728324501.445","776940851.796","6","false","true",
"C","A","20220101","2022","52","2022","40","AUT","Austria","M","Import","0","W00","World","0","W00","World","H6","HS","true","2204","Wine of fresh grapes, including fortified wines; grape must other than that of heading no. 2009","4","false","C00","TOTAL CPC","0","0","TOTAL MOT","7","l","74634027.569","true","-1","N/A","0","false","74156175","false","0","false","276648714.923",,"276648714.923","2","false","true",
"C","A","20220101","2022","52","2022","44","BHS","Bahamas","M","Import","0","W00","World","0","W00","World","H5","HS","true","2204","Wine of fresh grapes, including fortified wines; grape must other than that of heading no. 2009","4","false","C00","TOTAL CPC","0","0","TOTAL MOT","-1","N/A","0","false","-1","N/A","0","false",,"false","0","false","26864185",,"26864185","0","false","true",
"C","A","20220101","2022","52","2022","48","BHR","Bahrain","M","Import","0","W00","World","0","W00","World","H6","HS","true","2204","Wine of fresh grapes, including fortified wines; grape must other than that of heading no. 2009","4","false","C00","TOTAL CPC","0","0","TOTAL MOT","7","l","2296084.76","false","7","l","2296084.76","false","2296084.76","false","0","false","8945019.228",,"8945019.228","0","false","true",
"C","A","20220101","2022","52","2022","51","ARM","Armenia","M","Import","0","W00","World","0","W00","World","H6","HS","true","2204","Wine of fresh grapes, including fortified wines; grape must other than that of heading no. 2009","4","false","C00","TOTAL CPC","0","0","TOTAL MOT","7","l","1006688.78","false","7","l","1006688.78","false","1088625.74","false","0","false","4533313.42",,"4533313.42","0","false","true",
"C","A","20220101","2022","52","2022","52","BRB","Barbados","M","Import","0","W00","World","0","W00","World","H5","HS","true","2204","Wine of fresh grapes, including fortified wines; grape must other than that of heading no. 2009","4","false","C00","TOTAL CPC","0","0","TOTAL MOT","7","l","3492320.827","true","-1","N/A","0","false","3333802.179","true","0","false","14819781.5",,"14819781.5","6","false","true",
"C","A","20220101","2022","52","2022","56","BEL","Belgium","M","Import","0","W00","World","0","W00","World","H6","HS","true","2204","Wine of fresh grapes, including fortified wines; grape must other than that of heading no. 2009","4","false","C00","TOTAL CPC","0","0","TOTAL MOT","7","l","269138465.424","true","-1","N/A","0","false","273008375.304","true","0","false","1105437767.751",,"1105437767.751","6","false","true",
"C","A","20220101","2022","52","2022","60","BMU","Bermuda","M","Import","0","W00","World","0","W00","World","H6","HS","true","2204","Wine of fresh grapes, including fortified wines; grape must other than that of heading no. 2009","4","false","C00","TOTAL CPC","0","0","TOTAL MOT","7","l","1390086.22","false","7","l","1390086.22","false","1390086.22","false","0","false",,"17077814.55","17077814.55","0","false","true",
"C","A","20220101","2022","52","2022","64","BTN","Bhutan","M","Import","0","W00","World","0","W00","World","H6","HS","true","2204","Wine of fresh grapes, including fortified wines; grape must other than that of heading no. 2009","4","false","C00","TOTAL CPC","0","0","TOTAL MOT","7","l","100795.5","false","7","l","100795.5","false","100795.5","false","0","false","318270.279",,"318270.279","0","false","true",
"C","A","20220101","2022","52","2022","68","BOL","Bolivia (Plurinational State of)","M","Import","0","W00","World","0","W00","World","H6","HS","true","2204","Wine of fresh grapes, including fortified wines; grape must other than that of heading no. 2009","4","false","C00","TOTAL CPC","0","0","TOTAL MOT","7","l","578323.813","true","-1","N/A","0","false","600508.334","true","758446","false","2527872","2377908","2527872","6","false","true",
"C","A","20220101","2022","52","2022","70","BIH","Bosnia Herzegovina","M","Import","0","W00","World","0","W00","World","H6","HS","true","2204","Wine of fresh grapes, including fortified wines; grape must other than that of heading no. 2009","4","false","C00","TOTAL CPC","0","0","TOTAL MOT","7","l","8263609.008","true","-1","N/A","0","false","8488417.63","false","0","false","21202903.16",,"21202903.16","2","false","true",
"C","A","20220101","2022","52","2022","72","BWA","Botswana","M","Import","0","W00","World","0","W00","World","H6","HS","true","2204","Wine of fresh grapes, including fortified wines; grape must other than that of heading no. 2009","4","false","C00","TOTAL CPC","0","0","TOTAL MOT","7","l","7276964.19","false","7","l","7276964.19","false","8207103.978","false","0","false","14889029.793",,"14889029.793","0","false","true",
"C","A","20220101","2022","52","2022","76","BRA","Brazil","M","Import","0","W00","World","0","W00","World","H6","HS","true","2204","Wine of fresh grapes, including fortified wines; grape must other than that of heading no. 2009","4","false","C00","TOTAL CPC","0","0","TOTAL MOT","7","l","153570586","false","7","l","153570586","false","154091881","false","0","false","485598603","459774200","485598603","0","false","true",
"C","A","20220101","2022","52","2022","84","BLZ","Belize","M","Import","0","W00","World","0","W00","World","H5","HS","true","2204","Wine of fresh grapes, including fortified wines; grape must other than that of heading no. 2009","4","false","C00","TOTAL CPC","0","0","TOTAL MOT","7","l","879002.591","true","-1","N/A","0","false","878930.436","true","0","false","3736606.46",,"3736606.46","6","false","true",
"C","A","20220101","2022","52","2022","96","BRN","Brunei Darussalam","M","Import","0","W00","World","0","W00","World","H5","HS","true","2204","Wine of fresh grapes, including fortified wines; grape must other than that of heading no. 2009","4","false","C00","TOTAL CPC","0","0","TOTAL MOT","7","l","9792","false","7","l","9792","false","9792","false","0","false","129041.063",,"129041.063","0","false","true",
"C","A","20220101","2022","52","2022","100","BGR","Bulgaria","M","Import","0","W00","World","0","W00","World","H6","HS","true","2204","Wine of fresh grapes, including fortified wines; grape must other than that of heading no. 2009","4","false","C00","TOTAL CPC","0","0","TOTAL MOT","7","l","13064996","false","7","l","13064996","false","12978934","false","0","false","35673515.537",,"35673515.537","0","false","true",
"C","A","20220101","2022","52","2022","104","MMR","Myanmar","M","Import","0","W00","World","0","W00","World","H6","HS","true","2204","Wine of fresh grapes, including fortified wines; grape must other than that of heading no. 2009","4","false","C00","TOTAL CPC","0","0","TOTAL MOT","7","l","3414817.99","true","-1","N/A","0","false","3414817.99","false","0","false","3353402.92",,"3353402.92","2","false","true",
"C","A","20220101","2022","52","2022","108","BDI","Burundi","M","Import","0","W00","World","0","W00","World","H6","HS","true","2204","Wine of fresh grapes, including fortified wines; grape must other than that of heading no. 2009","4","false","C00","TOTAL CPC","0","0","TOTAL MOT","7","l","666930.689","true","-1","N/A","0","false","1071034.57","false","0","false","1910584.388",,"1910584.388","2","false","true",
"C","A","20220101","2022","52","2022","116","KHM","Cambodia","M","Import","0","W00","World","0","W00","World","H6","HS","true","2204","Wine of fresh grapes, including fortified wines; grape must other than that of heading no. 2009","4","false","C00","TOTAL CPC","0","0","TOTAL MOT","7","l","4890061.514","true","-1","N/A","0","false","1222864.43","false","0","false","8384896.06",,"8384896.06","2","false","true",
"C","A","20220101","2022","52","2022","120","CMR","Cameroon","M","Import","0","W00","World","0","W00","World","H6","HS","true","2204","Wine of fresh grapes, including fortified wines; grape must other than that of heading no. 2009","4","false","C00","TOTAL CPC","0","0","TOTAL MOT","7","l","9308896.326","true","-1","N/A","0","false","9311467.14","false","0","false","19711439.845",,"19711439.845","2","false","true",
"C","A","20220101","2022","52","2022","124","CAN","Canada","M","Import","0","W00","World","0","W00","World","H6","HS","true","2204","Wine of fresh grapes, including fortified wines; grape must other than that of heading no. 2009","4","false","C00","TOTAL CPC","0","0","TOTAL MOT","7","l","417943140","false","7","l","417943140","false","417943263.579","true","0","false",,"2269852546.534","2269852546.534","4","false","true",
"C","A","20220101","2022","52","2022","132","CPV","Cabo Verde","M","Import","0","W00","World","0","W00","World","H5","HS","true","2204","Wine of fresh grapes, including fortified wines; grape must other than that of heading no. 2009","4","false","C00","TOTAL CPC","0","0","TOTAL MOT","7","l","4215098.025","true","-1","N/A","0","false","5843871","false","0","false","4445502.974","3967206.447","4445502.974","2","false","true",
"C","A","20220101","2022","52","2022","136","CYM","Cayman Isds","M","Import","0","W00","World","0","W00","World","H5","HS","true","2204","Wine of fresh grapes, including fortified wines; grape must other than that of heading no. 2009","4","false","C00","TOTAL CPC","0","0","TOTAL MOT","7","l","4319850.214","true","-1","N/A","0","false","4488294.883","true","0","false","19240554.199",,"19240554.199","6","false","true",
"C","A","20220101","2022","52","2022","140","CAF","Central African Rep.","M","Import","0","W00","World","0","W00","World","H5","HS","true","2204","Wine of fresh grapes, including fortified wines; grape must other than that of heading no. 2009","4","false","C00","TOTAL CPC","0","0","TOTAL MOT","7","l","2106230.88","true","-1","N/A","0","false","2106626","false","0","false","325477.443",,"325477.443","2","false","true",
"C","A","20220101","2022","52","2022","144","LKA","Sri Lanka","M","Import","0","W00","World","0","W00","World","H5","HS","true","2204","Wine of fresh grapes, including fortified wines; grape must other than that of heading no. 2009","4","false","C00","TOTAL CPC","0","0","TOTAL MOT","7","l","1418115.01","false","7","l","1418115.01","false","1418115.01","false","0","false","7729925.25","0","7729925.25","0","false","true",
"C","A","20220101","2022","52","2022","152","CHL","Chile","M","Import","0","W00","World","0","W00","World","H6","HS","true","2204","Wine of fresh grapes, including fortified wines; grape must other than that of heading no. 2009","4","false","C00","TOTAL CPC","0","0","TOTAL MOT","-1","N/A","0","false","-1","N/A","0","false",,"false","0","false","17704246.69","15472131.4","17704246.69","0","false","true",
"C","A","20220101","2022","52","2022","156","CHN","China","M","Import","0","W00","World","0","W00","World","H6","HS","true","2204","Wine of fresh grapes, including fortified wines; grape must other than that of heading no. 2009","4","false","C00","TOTAL CPC","0","0","TOTAL MOT","7","l","335319678","false","7","l","335319678","false","334118802","false","0","false","1434947479",,"1434947479","0","false","true",
"C","A","20220101","2022","52","2022","170","COL","Colombia","M","Import","0","W00","World","0","W00","World","H6","HS","true","2204","Wine of fresh grapes, including fortified wines; grape must other than that of heading no. 2009","4","false","C00","TOTAL CPC","0","0","TOTAL MOT","7","l","33513022.71","false","7","l","33513022.71","false","33348920.92","false","0","false","108404568.99","96169596.48","108404568.99","0","false","true",
"C","A","20220101","2022","52","2022","174","COM","Comoros","M","Import","0","W00","World","0","W00","World","H6","HS","true","2204","Wine of fresh grapes, including fortified wines; grape must other than that of heading no. 2009","4","false","C00","TOTAL CPC","0","0","TOTAL MOT","7","l","64860.4","true","-1","N/A","0","false","64860.4","false","0","false","41188.672",,"41188.672","2","false","true",
"C","A","20220101","2022","52","2022","178","COG","Congo","M","Import","0","W00","World","0","W00","World","H5","HS","true","2204","Wine of fresh grapes, including fortified wines; grape must other than that of heading no. 2009","4","false","C00","TOTAL CPC","0","0","TOTAL MOT","7","l","3414078.985","true","-1","N/A","0","false","3414545.72","false","0","false","3526428.946",,"3526428.946","2","false","true",
"C","A","20220101","2022","52","2022","180","COD","Dem. Rep. of the Congo","M","Import","0","W00","World","0","W00","World","H4","HS","true","2204","Wine of fresh grapes, including fortified wines; grape must other than that of heading no. 2009","4","false","C00","TOTAL CPC","0","0","TOTAL MOT","7","l","3896168","true","-1","N/A","0","false","3896168","false","0","false","4814500.306",,"4814500.306","2","false","true",
"C","A","20220101","2022","52","2022","188","CRI","Costa Rica","M","Import","0","W00","World","0","W00","World","H6","HS","true","2204","Wine of fresh grapes, including fortified wines; grape must other than that of heading no. 2009","4","false","C00","TOTAL CPC","0","0","TOTAL MOT","7","l","14931253.602","true","-1","N/A","0","false","14920125.836","true","0","false","39974953.57",,"39974953.57","6","false","true",
"C","A","20220101","2022","52","2022","191","HRV","Croatia","M","Import","0","W00","World","0","W00","World","H6","HS","true","2204","Wine of fresh grapes, including fortified wines; grape must other than that of heading no. 2009","4","false","C00","TOTAL CPC","0","0","TOTAL MOT","7","l","24547617.804","false","7","l","24547617.804","false","24551704.941","false","0","false","41997391",,"41997391","0","false","true",
"C","A","20220101","2022","52","2022","192","CUB","Cuba","M","Import","0","W00","World","0","W00","World","H6","HS","true","2204","Wine of fresh grapes, including fortified wines; grape must other than that of heading no. 2009","4","false","C00","TOTAL CPC","0","0","TOTAL MOT","7","l","4587805.088","false","7","l","4587805.088","false","4789407.644","false","0","false","14943222.07",,"14943222.07","0","false","true",
"C","A","20220101","2022","52","2022","196","CYP","Cyprus","M","Import","0","W00","World","0","W00","World","H6","HS","true","2204","Wine of fresh grapes, including fortified wines; grape must other than that of heading no. 2009","4","false","C00","TOTAL CPC","0","0","TOTAL MOT","7","l","7569528","false","7","l","7569528","false","7491955","false","0","false","38471745.885",,"38471745.885","0","false","true",
"C","A","20220101","2022","52","2022","203","CZE","Czechia","M","Import","0","W00","World","0","W00","World","H6","HS","true","2204","Wine of fresh grapes, including fortified wines; grape must other than that of heading no. 2009","4","false","C00","TOTAL CPC","0","0","TOTAL MOT","7","l","169153921","false","7","l","169153921","false","175551350.607","true","0","false","284392639","275386884","284392639","4","false","true",
"C","A","20220101","2022","52","2022","204","BEN","Benin","M","Import","0","W00","World","0","W00","World","H6","HS","true","2204","Wine of fresh grapes, including fortified wines; grape must other than that of heading no. 2009","4","false","C00","TOTAL CPC","0","0","TOTAL MOT","7","l","3068391.185","true","-1","N/A","0","false","3090174","false","0","false","2926707.703",,"2926707.703","2","false","true",
"C","A","20220101","2022","52","2022","208","DNK","Denmark","M","Import","0","W00","World","0","W00","World","H6","HS","true","2204","Wine of fresh grapes, including fortified wines; grape must other than that of heading no. 2009","4","false","C00","TOTAL CPC","0","0","TOTAL MOT","7","l","192754107.855","true","-1","N/A","0","false","198603961.181","true","0","false","824863354.55",,"824863354.55","6","false","true",
"C","A","20220101","2022","52","2022","212","DMA","Dominica","M","Import","0","W00","World","0","W00","World","H5","HS","true","2204","Wine of fresh grapes, including fortified wines; grape must other than that of heading no. 2009","4","false","C00","TOTAL CPC","0","0","TOTAL MOT","7","l","345033","true","-1","N/A","0","false","345033","false","0","false","760794.795",,"760794.795","2","false","true",
"C","A","20220101","2022","52","2022","214","DOM","Dominican Rep.","M","Import","0","W00","World","0","W00","World","H5","HS","true","2204","Wine of fresh grapes, including fortified wines; grape must other than that of heading no. 2009","4","false","C00","TOTAL CPC","0","0","TOTAL MOT","7","l","14905549.129","true","-1","N/A","0","false",,"false","0","false","96885000.655","85050237.294","96885000.655","2","false","true",
"C","A","20220101","2022","52","2022","218","ECU","Ecuador","M","Import","0","W00","World","0","W00","World","H5","HS","true","2204","Wine of fresh grapes, including fortified wines; grape must other than that of heading no. 2009","4","false","C00","TOTAL CPC","0","0","TOTAL MOT","7","l","14597608.044","true","-1","N/A","0","false","14600480.3","false","0","false","38064452.4",,"38064452.4","2","false","true",
"C","A","20220101","2022","52","2022","222","SLV","El Salvador","M","Import","0","W00","World","0","W00","World","H6","HS","true","2204","Wine of fresh grapes, including fortified wines; grape must other than that of heading no. 2009","4","false","C00","TOTAL CPC","0","0","TOTAL MOT","7","l","3659387.11","true","-1","N/A","0","false","3659519.54","false","0","false","9668005.87","0","9668005.87","2","false","true",
"C","A","20220101","2022","52","2022","231","ETH","Ethiopia","M","Import","0","W00","World","0","W00","World","H6","HS","true","2204","Wine of fresh grapes, including fortified wines; grape must other than that of heading no. 2009","4","false","C00","TOTAL CPC","0","0","TOTAL MOT","7","l","317960.391","true","-1","N/A","0","false","292245.404","true","0","false","1591448.986",,"1591448.986","6","false","true",
"C","A","20220101","2022","52","2022","233","EST","Estonia","M","Import","0","W00","World","0","W00","World","H6","HS","true","2204","Wine of fresh grapes, including fortified wines; grape must other than that of heading no. 2009","4","false","C00","TOTAL CPC","0","0","TOTAL MOT","7","l","23559729.12","false","7","l","23559729.12","false","23561161.883","false","0","false","94385632.29",,"94385632.29","0","false","true",
"C","A","20220101","2022","52","2022","242","FJI","Fiji","M","Import","0","W00","World","0","W00","World","H6","HS","true","2204","Wine of fresh grapes, including fortified wines; grape must other than that of heading no. 2009","4","false","C00","TOTAL CPC","0","0","TOTAL MOT","7","l","2279792.318","true","-1","N/A","0","false","2279792.318","true","0","false","10302238.117",,"10302238.117","6","false","true",
"C","A","20220101","2022","52","2022","246","FIN","Finland","M","Import","0","W00","World","0","W00","World","H6","HS","true","2204","Wine of fresh grapes, including fortified wines; grape must other than that of heading no. 2009","4","false","C00","TOTAL CPC","0","0","TOTAL MOT","7","l","74408804.144","true","-1","N/A","0","false","74114775.691","true","0","false","255574273.831",,"255574273.831","6","false","true",
"C","A","20220101","2022","52","2022","251","FRA","France","M","Import","0","W00","World","0","W00","World","H6","HS","true","2204","Wine of fresh grapes, including fortified wines; grape must other than that of heading no. 2009","4","false","C00","TOTAL CPC","0","0","TOTAL MOT","-1","N/A","0","false","-1","N/A","0","false",,"false","0","false","1085031837.394",,"1085031837.394","0","false","true",
"C","A","20220101","2022","52","2022","258","PYF","French Polynesia","M","Import","0","W00","World","0","W00","World","H5","HS","true","2204","Wine of fresh grapes, including fortified wines; grape must other than that of heading no. 2009","4","false","C00","TOTAL CPC","0","0","TOTAL MOT","7","l","2202779","false","7","l","2202779","false","2251189.55","false","0","false","15188387.411",,"15188387.411","0","false","true",
"C","A","20220101","2022","52","2022","262","DJI","Djibouti","M","Import","0","W00","World","0","W00","World","H3","HS","true","2204","Wine of fresh grapes, including fortified wines; grape must other than that of heading no. 2009","4","false","C00","TOTAL CPC","0","0","TOTAL MOT","7","l","263711.56","true","-1","N/A","0","false","263711.56","false","0","false","732206.606",,"732206.606","2","false","true",
"C","A","20220101","2022","52","2022","266","GAB","Gabon","M","Import","0","W00","World","0","W00","World","H5","HS","true","2204","Wine of fresh grapes, including fortified wines; grape must other than that of heading no. 2009","4","false","C00","TOTAL CPC","0","0","TOTAL MOT","7","l","5375122.075","true","-1","N/A","0","false","5827125","false","0","false","9283762.69",,"9283762.69","2","false","true",
"C","A","20220101","2022","52","2022","268","GEO","Georgia","M","Import","0","W00","World","0","W00","World","H5","HS","true","2204","Wine of fresh grapes, including fortified wines; grape must other than that of heading no. 2009","4","false","C00","TOTAL CPC","0","0","TOTAL MOT","7","l","690924.52","false","7","l","690924.52","false","690924.52","false","0","false","5014740.877",,"5014740.877","0","false","true",
"C","A","20220101","2022","52","2022","270","GMB","Gambia","M","Import","0","W00","World","0","W00","World","H6","HS","true","2204","Wine of fresh grapes, including fortified wines; grape must other than that of heading no. 2009","4","false","C00","TOTAL CPC","0","0","TOTAL MOT","7","l","10494.5","true","-1","N/A","0","false","10494.5","false","0","false","17590.884",,"17590.884","2","false","true",
"C","A","20220101","2022","52","2022","275","PSE","State of Palestine","M","Import","0","W00","World","0","W00","World","H3","HS","true","2204","Wine of fresh grapes, including fortified wines; grape must other than that of heading no. 2009","4","false","C00","TOTAL CPC","0","0","TOTAL MOT","7","l","69293.817","true","-1","N/A","0","false","70883.971","true","0","false","225143.708",,"225143.708","6","false","true",
"C","A","20220101","2022","52","2022","276","DEU","Germany","M","Import","0","W00","World","0","W00","World","H6","HS","true","2204","Wine of fresh grapes, including fortified wines; grape must other than that of heading no. 2009","4","false","C00","TOTAL CPC","0","0","TOTAL MOT","7","l","1386017062","false","7","l","1386017062","false","1386017062","false","0","false","2985788939.389",,"2985788939.389","0","false","true",
"C","A","20220101","2022","52","2022","288","GHA","Ghana","M","Import","0","W00","World","0","W00","World","H5","HS","true","2204","Wine of fresh grapes, including fortified wines; grape must other than that of heading no. 2009","4","false","C00","TOTAL CPC","0","0","TOTAL MOT","7","l","4770830.886","true","-1","N/A","0","false","14284106.965","true","0","false","22739434.986",,"22739434.986","6","false","true",
"C","A","20220101","2022","52","2022","300","GRC","Greece","M","Import","0","W00","World","0","W00","World","H6","HS","true","2204","Wine of fresh grapes, including fortified wines; grape must other than that of heading no. 2009","4","false","C00","TOTAL CPC","0","0","TOTAL MOT","7","l","16242105.488","true","-1","N/A","0","false",,"false","0","false","73223570.105",,"73223570.105","2","false","true",
"C","A","20220101","2022","52","2022","308","GRD","Grenada","M","Import","0","W00","World","0","W00","World","H4","HS","true","2204","Wine of fresh grapes, including fortified wines; grape must other than that of heading no. 2009","4","false","C00","TOTAL CPC","0","0","TOTAL MOT","7","l","907820","true","-1","N/A","0","false","907820","false","0","false","2502856.294","0","2502856.294","2","false","true",
"C","A","20220101","2022","52","2022","320","GTM","Guatemala","M","Import","0","W00","World","0","W00","World","H6","HS","true","2204","Wine of fresh grapes, including fortified wines; grape must other than that of heading no. 2009","4","false","C00","TOTAL CPC","0","0","TOTAL MOT","7","l","8808650.056","true","-1","N/A","0","false","8767007","false","0","false","24328223",,"24328223","2","false","true",
"C","A","20220101","2022","52","2022","328","GUY","Guyana","M","Import","0","W00","World","0","W00","World","H5","HS","true","2204","Wine of fresh grapes, including fortified wines; grape must other than that of heading no. 2009","4","false","C00","TOTAL CPC","0","0","TOTAL MOT","7","l","244417.27","false","7","l","244417.27","false","388067.02","false","0","false","1877950.314","945199.947","1877950.314","0","false","true",
"C","A","20220101","2022","52","2022","344","HKG","China, Hong Kong SAR","M","Import","0","W00","World","0","W00","World","H6","HS","true","2204","Wine of fresh grapes, including fortified wines; grape must other than that of heading no. 2009","4","false","C00","TOTAL CPC","0","0","TOTAL MOT","7","l","34966422","false","7","l","34966422","false","34966422","false","0","false","1019876582.192",,"1019876582.192","0","false","true",
"C","A","20220101","2022","52","2022","348","HUN","Hungary","M","Import","0","W00","World","0","W00","World","H6","HS","true","2204","Wine of fresh grapes, including fortified wines; grape must other than that of heading no. 2009","4","false","C00","TOTAL CPC","0","0","TOTAL MOT","-1","N/A","0","true","-1","N/A","0","false","0","true","0","false","26761434",,"26761434","6","false","true",
"C","A","20220101","2022","52","2022","352","ISL","Iceland","M","Import","0","W00","World","0","W00","World","H6","HS","true","2204","Wine of fresh grapes, including fortified wines; grape must other than that of heading no. 2009","4","false","C00","TOTAL CPC","0","0","TOTAL MOT","7","l","5582252","true","-1","N/A","0","false","5584166","false","0","false","34747036.795","31695431.255","34747036.795","2","false","true",
"C","A","20220101","2022","52","2022","360","IDN","Indonesia","M","Import","0","W00","World","0","W00","World","H6","HS","true","2204","Wine of fresh grapes, including fortified wines; grape must other than that of heading no. 2009","4","false","C00","TOTAL CPC","0","0","TOTAL MOT","7","l","3778801.466","true","-1","N/A","0","false","3778484","false","0","false","11059079",,"11059079","2","false","true",
"C","A","20220101","2022","52","2022","372","IRL","Ireland","M","Import","0","W00","World","0","W00","World","H6","HS","true","2204","Wine of fresh grapes, including fortified wines; grape must other than that of heading no. 2009","4","false","C00","TOTAL CPC","0","0","TOTAL MOT","7","l","84316591.188","true","-1","N/A","0","false","96829305.611","true","0","false","336004178.997",,"336004178.997","6","false","true",
"C","A","20220101","2022","52","2022","376","ISR","Israel","M","Import","0","W00","World","0","W00","World","H6","HS","true","2204","Wine of fresh grapes, including fortified wines; grape must other than that of heading no. 2009","4","false","C00","TOTAL CPC","0","0","TOTAL MOT","-1","N/A","0","false","-1","N/A","0","false",,"false","0","false","78862000",,"78862000","0","false","true",
"C","A","20220101","2022","52","2022","380","ITA","Italy","M","Import","0","W00","World","0","W00","World","H6","HS","true","2204","Wine of fresh grapes, including fortified wines; grape must other than that of heading no. 2009","4","false","C00","TOTAL CPC","0","0","TOTAL MOT","7","l","201336733.373","true","-1","N/A","0","false","201760538.424","true","0","false","494791802.342",,"494791802.342","6","false","true",
"C","A","20220101","2022","52","2022","384","CIV","Côte d'Ivoire","M","Import","0","W00","World","0","W00","World","H5","HS","true","2204","Wine of fresh grapes, including fortified wines; grape must other than that of heading no. 2009","4","false","C00","TOTAL CPC","0","0","TOTAL MOT","-1","N/A","0","false","-1","N/A","0","false",,"false","0","false","52732692.017",,"52732692.017","0","false","true",
"C","A","20220101","2022","52","2022","388","JAM","Jamaica","M","Import","0","W00","World","0","W00","World","H6","HS","true","2204","Wine of fresh grapes, including fortified wines; grape must other than that of heading no. 2009","4","false","C00","TOTAL CPC","0","0","TOTAL MOT","7","l","7925291.283","true","-1","N/A","0","false","7925066.32","false","0","false","15568341.21",,"15568341.21","2","false","true",
"C","A","20220101","2022","52","2022","392","JPN","Japan","M","Import","0","W00","World","0","W00","World","H6","HS","true","2204","Wine of fresh grapes, including fortified wines; grape must other than that of heading no. 2009","4","false","C00","TOTAL CPC","0","0","TOTAL MOT","7","l","266264351","false","7","l","266264351","false","266264351","false","0","false","1868444893.967","0","1868444893.967","0","false","true",
"C","A","20220101","2022","52","2022","398","KAZ","Kazakhstan","M","Import","0","W00","World","0","W00","World","H6","HS","true","2204","Wine of fresh grapes, including fortified wines; grape must other than that of heading no. 2009","4","false","C00","TOTAL CPC","0","0","TOTAL MOT","7","l","22341521.545","true","-1","N/A","0","false","22530521.568","false","0","false","48883121.58",,"48883121.58","2","false","true",
"C","A","20220101","2022","52","2022","400","JOR","Jordan","M","Import","0","W00","World","0","W00","World","H6","HS","true","2204","Wine of fresh grapes, including fortified wines; grape must other than that of heading no. 2009","4","false","C00","TOTAL CPC","0","0","TOTAL MOT","-1","N/A","0","false","-1","N/A","0","false",,"false","0","false","5470215.843",,"5470215.843","0","false","true",
"C","A","20220101","2022","52","2022","404","KEN","Kenya","M","Import","0","W00","World","0","W00","World","H6","HS","true","2204","Wine of fresh grapes, including fortified wines; grape must other than that of heading no. 2009","4","false","C00","TOTAL CPC","0","0","TOTAL MOT","7","l","8937330.04","false","7","l","8937330.04","false","9063072.05","false","0","false","22525935",,"22525935","0","false","true",
"C","A","20220101","2022","52","2022","410","KOR","Rep. of Korea","M","Import","0","W00","World","0","W00","World","H6","HS","true","2204","Wine of fresh grapes, including fortified wines; grape must other than that of heading no. 2009","4","false","C00","TOTAL CPC","0","0","TOTAL MOT","7","l","70796359.913","true","-1","N/A","0","false","71020084.985","false","0","false","581282439",,"581282439","2","false","true",
"C","A","20220101","2022","52","2022","417","KGZ","Kyrgyzstan","M","Import","0","W00","World","0","W00","World","H6","HS","true","2204","Wine of fresh grapes, including fortified wines; grape must other than that of heading no. 2009","4","false","C00","TOTAL CPC","0","0","TOTAL MOT","7","l","1711852.737","true","-1","N/A","0","false","1712234","false","0","false","3140767",,"3140767","2","false","true",
"C","A","20220101","2022","52","2022","418","LAO","Lao People's Dem. Rep.","M","Import","0","W00","World","0","W00","World","H6","HS","true","2204","Wine of fresh grapes, including fortified wines; grape must other than that of heading no. 2009","4","false","C00","TOTAL CPC","0","0","TOTAL MOT","7","l","1122961.781","true","-1","N/A","0","false","1126669.68","false","0","false","1767119.34",,"1767119.34","2","false","true",
"C","A","20220101","2022","52","2022","422","LBN","Lebanon","M","Import","0","W00","World","0","W00","World","H5","HS","true","2204","Wine of fresh grapes, including fortified wines; grape must other than that of heading no. 2009","4","false","C00","TOTAL CPC","0","0","TOTAL MOT","-1","N/A","0","false","-1","N/A","0","false",,"false","0","false","7860256",,"7860256","0","false","true",
"C","A","20220101","2022","52","2022","426","LSO","Lesotho","M","Import","0","W00","World","0","W00","World","H5","HS","true","2204","Wine of fresh grapes, including fortified wines; grape must other than that of heading no. 2009","4","false","C00","TOTAL CPC","0","0","TOTAL MOT","7","l","2120765.02","false","7","l","2120765.02","false","2680903.78","false","0","false","4722081.891",,"4722081.891","0","false","true",
"C","A","20220101","2022","52","2022","428","LVA","Latvia","M","Import","0","W00","World","0","W00","World","H6","HS","true","2204","Wine of fresh grapes, including fortified wines; grape must other than that of heading no. 2009","4","false","C00","TOTAL CPC","0","0","TOTAL MOT","7","l","49900073","false","7","l","49900073","false","49952747","false","0","false","162279383.069",,"162279383.069","0","false","true",
"C","A","20220101","2022","52","2022","430","LBR","Liberia","M","Import","0","W00","World","0","W00","World","H5","HS","true","2204","Wine of fresh grapes, including fortified wines; grape must other than that of heading no. 2009","4","false","C00","TOTAL CPC","0","0","TOTAL MOT","7","l","910104.5","false","7","l","910104.5","false","1369437.75","false","0","false","2080483.59",,"2080483.59","0","false","true",
"C","A","20220101","2022","52","2022","440","LTU","Lithuania","M","Import","0","W00","World","0","W00","World","H6","HS","true","2204","Wine of fresh grapes, including fortified wines; grape must other than that of heading no. 2009","4","false","C00","TOTAL CPC","0","0","TOTAL MOT","7","l","99416757.787","false","7","l","99416757.787","false","99285413.791","false","0","false","285244178",,"285244178","0","false","true",
"C","A","20220101","2022","52","2022","442","LUX","Luxembourg","M","Import","0","W00","World","0","W00","World","H6","HS","true","2204","Wine of fresh grapes, including fortified wines; grape must other than that of heading no. 2009","4","false","C00","TOTAL CPC","0","0","TOTAL MOT","7","l","23075909.825","true","-1","N/A","0","false","39351881.758","false","0","false","134823716.588","133748939.653","134823716.588","2","false","true",
"C","A","20220101","2022","52","2022","446","MAC","China, Macao SAR","M","Import","0","W00","World","0","W00","World","H6","HS","true","2204","Wine of fresh grapes, including fortified wines; grape must other than that of heading no. 2009","4","false","C00","TOTAL CPC","0","0","TOTAL MOT","-1","N/A","0","true","-1","N/A","0","false","0","false","0","false","368243788.11",,"368243788.11","2","false","true",
"C","A","20220101","2022","52","2022","450","MDG","Madagascar","M","Import","0","W00","World","0","W00","World","H6","HS","true","2204","Wine of fresh grapes, including fortified wines; grape must other than that of heading no. 2009","4","false","C00","TOTAL CPC","0","0","TOTAL MOT","-1","N/A","0","false","-1","N/A","0","false","0","false","0","false","8475267.351","6274086.149","8475267.351","0","false","true",
"C","A","20220101","2022","52","2022","454","MWI","Malawi","M","Import","0","W00","World","0","W00","World","H5","HS","true","2204","Wine of fresh grapes, including fortified wines; grape must other than that of heading no. 2009","4","false","C00","TOTAL CPC","0","0","TOTAL MOT","7","l","36850.82","true","-1","N/A","0","false","55907.62","false","0","false","168401.98",,"168401.98","2","false","true",
"C","A","20220101","2022","52","2022","458","MYS","Malaysia","M","Import","0","W00","World","0","W00","World","H6","HS","true","2204","Wine of fresh grapes, including fortified wines; grape must other than that of heading no. 2009","4","false","C00","TOTAL CPC","0","0","TOTAL MOT","7","l","30297143.717","false","7","l","30297143.717","false","30297143.717","false","0","false","131510606.513",,"131510606.513","0","false","true",
"C","A","20220101","2022","52","2022","462","MDV","Maldives","M","Import","0","W00","World","0","W00","World","H6","HS","true","2204","Wine of fresh grapes, including fortified wines; grape must other than that of heading no. 2009","4","false","C00","TOTAL CPC","0","0","TOTAL MOT","7","l","2803966.198","true","-1","N/A","0","false","2803780.74","true","0","false","15051146.512",,"15051146.512","6","false","true",
"C","A","20220101","2022","52","2022","466","MLI","Mali","M","Import","0","W00","World","0","W00","World","H5","HS","true","2204","Wine of fresh grapes, including fortified wines; grape must other than that of heading no. 2009","4","false","C00","TOTAL CPC","0","0","TOTAL MOT","7","l","2384454","true","-1","N/A","0","false","2384454","false","0","false","957508.23",,"957508.23","2","false","true",
"C","A","20220101","2022","52","2022","470","MLT","Malta","M","Import","0","W00","World","0","W00","World","H6","HS","true","2204","Wine of fresh grapes, including fortified wines; grape must other than that of heading no. 2009","4","false","C00","TOTAL CPC","0","0","TOTAL MOT","7","l","6371004.343","true","-1","N/A","0","false","6456665","false","0","false","26531602.355",,"26531602.355","2","false","true",
"C","A","20220101","2022","52","2022","478","MRT","Mauritania","M","Import","0","W00","World","0","W00","World","H5","HS","true","2204","Wine of fresh grapes, including fortified wines; grape must other than that of heading no. 2009","4","false","C00","TOTAL CPC","0","0","TOTAL MOT","7","l","9918.57","true","-1","N/A","0","false","9918.57","false","0","false","18649.746",,"18649.746","2","false","true",
"C","A","20220101","2022","52","2022","480","MUS","Mauritius","M","Import","0","W00","World","0","W00","World","H6","HS","true","2204","Wine of fresh grapes, including fortified wines; grape must other than that of heading no. 2009","4","false","C00","TOTAL CPC","0","0","TOTAL MOT","7","l","3905703","false","7","l","3905703","false","5573623","false","0","false","23727601.791","21430513.278","23727601.791","0","false","true",
"C","A","20220101","2022","52","2022","484","MEX","Mexico","M","Import","0","W00","World","0","W00","World","H6","HS","true","2204","Wine of fresh grapes, including fortified wines; grape must other than that of heading no. 2009","4","false","C00","TOTAL CPC","0","0","TOTAL MOT","-1","N/A","0","false","-1","N/A","0","false","0","false","0","false",,"398991959","398991959","0","false","true",
"C","A","20220101","2022","52","2022","490","S19","Other Asia, nes","M","Import","0","W00","World","0","W00","World","H5","HS","true","2204","Wine of fresh grapes, including fortified wines; grape must other than that of heading no. 2009","4","false","C00","TOTAL CPC","0","0","TOTAL MOT","7","l","24614681.799","true","-1","N/A","0","false","24596353.711","true","0","false","278105265.07",,"278105265.07","6","false","true",
"C","A","20220101","2022","52","2022","496","MNG","Mongolia","M","Import","0","W00","World","0","W00","World","H6","HS","true","2204","Wine of fresh grapes, including fortified wines; grape must other than that of heading no. 2009","4","false","C00","TOTAL CPC","0","0","TOTAL MOT","7","l","4030872.95","false","7","l","4030872.95","false","6388145.89","false","0","false","15979803.835",,"15979803.835","0","false","true",
"C","A","20220101","2022","52","2022","498","MDA","Rep. of Moldova","M","Import","0","W00","World","0","W00","World","H5","HS","true","2204","Wine of fresh grapes, including fortified wines; grape must other than that of heading no. 2009","4","false","C00","TOTAL CPC","0","0","TOTAL MOT","7","l","3729698","false","7","l","3729698","false","3713380","false","0","false","5867123",,"5867123","0","false","true",
"C","A","20220101","2022","52","2022","499","MNE","Montenegro","M","Import","0","W00","World","0","W00","World","H6","HS","true","2204","Wine of fresh grapes, including fortified wines; grape must other than that of heading no. 2009","4","false","C00","TOTAL CPC","0","0","TOTAL MOT","7","l","3953098.933","false","7","l","3953098.933","false","3936553.48","false","0","false","11493097.023",,"11493097.023","0","false","true",
"C","A","20220101","2022","52","2022","500","MSR","Montserrat","M","Import","0","W00","World","0","W00","World","H5","HS","true","2204","Wine of fresh grapes, including fortified wines; grape must other than that of heading no. 2009","4","false","C00","TOTAL CPC","0","0","TOTAL MOT","7","l","10564.946","true","-1","N/A","0","false","10411","false","0","false","65446.355",,"65446.355","2","false","true",
"C","A","20220101","2022","52","2022","504","MAR","Morocco","M","Import","0","W00","World","0","W00","World","H6","HS","true","2204","Wine of fresh grapes, including fortified wines; grape must other than that of heading no. 2009","4","false","C00","TOTAL CPC","0","0","TOTAL MOT","7","l","25012226.2","false","7","l","25012226.2","false","24895530.34","false","0","false","35881220.373",,"35881220.373","0","false","true",
"C","A","20220101","2022","52","2022","508","MOZ","Mozambique","M","Import","0","W00","World","0","W00","World","H5","HS","true","2204","Wine of fresh grapes, including fortified wines; grape must other than that of heading no. 2009","4","false","C00","TOTAL CPC","0","0","TOTAL MOT","-1","N/A","0","false","-1","N/A","0","false","4737680","false","0","false","9113046.859","8371841.229","9113046.859","0","false","true",
"C","A","20220101","2022","52","2022","512","OMN","Oman","M","Import","0","W00","World","0","W00","World","H6","HS","true","2204","Wine of fresh grapes, including fortified wines; grape must other than that of heading no. 2009","4","false","C00","TOTAL CPC","0","0","TOTAL MOT","-1","N/A","0","false","-1","N/A","0","false",,"false","0","false","3487191.152",,"3487191.152","0","false","true",
"C","A","20220101","2022","52","2022","516","NAM","Namibia","M","Import","0","W00","World","0","W00","World","H6","HS","true","2204","Wine of fresh grapes, including fortified wines; grape must other than that of heading no. 2009","4","false","C00","TOTAL CPC","0","0","TOTAL MOT","7","l","23285559.165","true","-1","N/A","0","false","32153556.777","true","0","false","42597785.183",,"42597785.183","6","false","true",
"C","A","20220101","2022","52","2022","524","NPL","Nepal","M","Import","0","W00","World","0","W00","World","H6","HS","true","2204","Wine of fresh grapes, including fortified wines; grape must other than that of heading no. 2009","4","false","C00","TOTAL CPC","0","0","TOTAL MOT","7","l","561428","false","7","l","561428","false","561428","false","0","false","2310430.592",,"2310430.592","0","false","true",
"C","A","20220101","2022","52","2022","528","NLD","Netherlands","M","Import","0","W00","World","0","W00","World","H6","HS","true","2204","Wine of fresh grapes, including fortified wines; grape must other than that of heading no. 2009","4","false","C00","TOTAL CPC","0","0","TOTAL MOT","7","l","440461508","false","7","l","440461508","false","3230762840.526","true","0","false","1569394245.391",,"1569394245.391","4","false","true",
"C","A","20220101","2022","52","2022","533","ABW","Aruba","M","Import","0","W00","World","0","W00","World","H4","HS","true","2204","Wine of fresh grapes, including fortified wines; grape must other than that of heading no. 2009","4","false","C00","TOTAL CPC","0","0","TOTAL MOT","7","l","3884959.3","true","-1","N/A","0","false","3884959.3","false","0","false","14709914.318",,"14709914.318","2","false","true",
"C","A","20220101","2022","52","2022","554","NZL","New Zealand","M","Import","0","W00","World","0","W00","World","H6","HS","true","2204","Wine of fresh grapes, including fortified wines; grape must other than that of heading no. 2009","4","false","C00","TOTAL CPC","0","0","TOTAL MOT","7","l","44763256.621","true","-1","N/A","0","false","44763258.081","true","63357086","false","165723895.786","154049641.211","165723895.786","6","false","true",
"C","A","20220101","2022","52","2022","558","NIC","Nicaragua","M","Import","0","W00","World","0","W00","World","H6","HS","true","2204","Wine of fresh grapes, including fortified wines; grape must other than that of heading no. 2009","4","false","C00","TOTAL CPC","0","0","TOTAL MOT","7","l","1124344.242","true","-1","N/A","0","false","1123468.17","false","0","false","3133695.54",,"3133695.54","2","false","true",
"C","A","20220101","2022","52","2022","562","NER","Niger","M","Import","0","W00","World","0","W00","World","H6","HS","true","2204","Wine of fresh grapes, including fortified wines; grape must other than that of heading no. 2009","4","false","C00","TOTAL CPC","0","0","TOTAL MOT","7","l","583857","true","-1","N/A","0","false","583857","false","0","false","370511.832",,"370511.832","2","false","true",
"C","A","20220101","2022","52","2022","566","NGA","Nigeria","M","Import","0","W00","World","0","W00","World","H6","HS","true","2204","Wine of fresh grapes, including fortified wines; grape must other than that of heading no. 2009","4","false","C00","TOTAL CPC","0","0","TOTAL MOT","7","l","13338287.727","true","-1","N/A","0","false","13363306.24","false","0","false","14469829.641",,"14469829.641","2","false","true",
"C","A","20220101","2022","52","2022","579","NOR","Norway","M","Import","0","W00","World","0","W00","World","H6","HS","true","2204","Wine of fresh grapes, including fortified wines; grape must other than that of heading no. 2009","4","false","C00","TOTAL CPC","0","0","TOTAL MOT","7","l","93525115","false","7","l","93525115","false","94147115","false","0","false","494346405.379",,"494346405.379","0","false","true",
"C","A","20220101","2022","52","2022","586","PAK","Pakistan","M","Import","0","W00","World","0","W00","World","H6","HS","true","2204","Wine of fresh grapes, including fortified wines; grape must other than that of heading no. 2009","4","false","C00","TOTAL CPC","0","0","TOTAL MOT","7","l","74191","false","7","l","74191","false","74191","false","0","false","63123.871",,"63123.871","0","false","true",
"C","A","20220101","2022","52","2022","591","PAN","Panama","M","Import","0","W00","World","0","W00","World","H6","HS","true","2204","Wine of fresh grapes, including fortified wines; grape must other than that of heading no. 2009","4","false","C00","TOTAL CPC","0","0","TOTAL MOT","7","l","5833923.594","true","-1","N/A","0","false","5833199","false","11666386","false","30260192",,"30260192","2","false","true",
"C","A","20220101","2022","52","2022","598","PNG","Papua New Guinea","M","Import","0","W00","World","0","W00","World","H5","HS","true","2204","Wine of fresh grapes, including fortified wines; grape must other than that of heading no. 2009","4","false","C00","TOTAL CPC","0","0","TOTAL MOT","7","l","461566.973","false","7","l","461566.973","false","461566.973","false","0","false","3341548.237",,"3341548.237","0","false","true",
"C","A","20220101","2022","52","2022","600","PRY","Paraguay","M","Import","0","W00","World","0","W00","World","H6","HS","true","2204","Wine of fresh grapes, including fortified wines; grape must other than that of heading no. 2009","4","false","C00","TOTAL CPC","0","0","TOTAL MOT","7","l","20111340.522","true","-1","N/A","0","false","20026220.9","false","0","false","45981915.58","42791140.22","45981915.58","2","false","true",
"C","A","20220101","2022","52","2022","604","PER","Peru","M","Import","0","W00","World","0","W00","World","H6","HS","true","2204","Wine of fresh grapes, including fortified wines; grape must other than that of heading no. 2009","4","false","C00","TOTAL CPC","0","0","TOTAL MOT","7","l","13260802.176","false","7","l","13260802.176","false","15252791.722","false","0","false","53594844.57",,"53594844.57","0","false","true",
"C","A","20220101","2022","52","2022","608","PHL","Philippines","M","Import","0","W00","World","0","W00","World","H5","HS","true","2204","Wine of fresh grapes, including fortified wines; grape must other than that of heading no. 2009","4","false","C00","TOTAL CPC","0","0","TOTAL MOT","7","l","18242606.164","true","-1","N/A","0","false","18242606.164","true","27284680.57","false","56143789","49931412","56143789","6","false","true",
"C","A","20220101","2022","52","2022","616","POL","Poland","M","Import","0","W00","World","0","W00","World","H6","HS","true","2204","Wine of fresh grapes, including fortified wines; grape must other than that of heading no. 2009","4","false","C00","TOTAL CPC","0","0","TOTAL MOT","7","l","154521756","false","7","l","154521756","false","154324206.302","true","0","false","403345131",,"403345131","4","false","true",
"C","A","20220101","2022","52","2022","620","PRT","Portugal","M","Import","0","W00","World","0","W00","World","H6","HS","true","2204","Wine of fresh grapes, including fortified wines; grape must other than that of heading no. 2009","4","false","C00","TOTAL CPC","0","0","TOTAL MOT","-1","N/A","0","false","-1","N/A","0","false",,"false","0","false","217434505.66",,"217434505.66","0","false","true",
"C","A","20220101","2022","52","2022","626","TLS","Timor-Leste","M","Import","0","W00","World","0","W00","World","H5","HS","true","2204","Wine of fresh grapes, including fortified wines; grape must other than that of heading no. 2009","4","false","C00","TOTAL CPC","0","0","TOTAL MOT","7","l","388591.155","true","-1","N/A","0","false","431591.163","false","0","false","1413854.83",,"1413854.83","2","false","true",
"C","A","20220101","2022","52","2022","634","QAT","Qatar","M","Import","0","W00","World","0","W00","World","H6","HS","true","2204","Wine of fresh grapes, including fortified wines; grape must other than that of heading no. 2009","4","false","C00","TOTAL CPC","0","0","TOTAL MOT","7","l","3031761.931","true","-1","N/A","0","false","2757788.59","false","0","false","13300119.165",,"13300119.165","2","false","true",
"C","A","20220101","2022","52","2022","642","ROU","Romania","M","Import","0","W00","World","0","W00","World","H6","HS","true","2204","Wine of fresh grapes, including fortified wines; grape must other than that of heading no. 2009","4","false","C00","TOTAL CPC","0","0","TOTAL MOT","7","l","56443940.13","false","7","l","56443940.13","false","56593190.543","true","0","false","123060757.34",,"123060757.34","4","false","true",
"C","A","20220101","2022","52","2022","646","RWA","Rwanda","M","Import","0","W00","World","0","W00","World","H4","HS","true","2204","Wine of fresh grapes, including fortified wines; grape must other than that of heading no. 2009","4","false","C00","TOTAL CPC","0","0","TOTAL MOT","7","l","4963792.63","true","-1","N/A","0","false","4963792.63","false","0","false","10012916.52","0","10012916.52","2","false","true",
"C","A","20220101","2022","52","2022","670","VCT","Saint Vincent and the Grenadines","M","Import","0","W00","World","0","W00","World","H3","HS","true","2204","Wine of fresh grapes, including fortified wines; grape must other than that of heading no. 2009","4","false","C00","TOTAL CPC","0","0","TOTAL MOT","7","l","291817.22","true","-1","N/A","0","false","291817.22","false","0","false","2777857.689",,"2777857.689","2","false","true",
"C","A","20220101","2022","52","2022","678","STP","Sao Tome and Principe","M","Import","0","W00","World","0","W00","World","H3","HS","true","2204","Wine of fresh grapes, including fortified wines; grape must other than that of heading no. 2009","4","false","C00","TOTAL CPC","0","0","TOTAL MOT","-1","N/A","0","true","-1","N/A","0","false","0","false","0","false","4826647.748","4275025.39","4826647.748","2","false","true",
"C","A","20220101","2022","52","2022","686","SEN","Senegal","M","Import","0","W00","World","0","W00","World","H6","HS","true","2204","Wine of fresh grapes, including fortified wines; grape must other than that of heading no. 2009","4","false","C00","TOTAL CPC","0","0","TOTAL MOT","7","l","5874242.332","true","-1","N/A","0","false","5862386","false","0","false","5706399.592",,"5706399.592","2","false","true",
"C","A","20220101","2022","52","2022","688","SRB","Serbia","M","Import","0","W00","World","0","W00","World","H6","HS","true","2204","Wine of fresh grapes, including fortified wines; grape must other than that of heading no. 2009","4","false","C00","TOTAL CPC","0","0","TOTAL MOT","7","l","22268054","false","7","l","22268054","false","22946391.313","true","0","false","38645631","38259639","38645631","4","false","true",
"C","A","20220101","2022","52","2022","690","SYC","Seychelles","M","Import","0","W00","World","0","W00","World","H5","HS","true","2204","Wine of fresh grapes, including fortified wines; grape must other than that of heading no. 2009","4","false","C00","TOTAL CPC","0","0","TOTAL MOT","7","l","186674.642","true","-1","N/A","0","false","300414.254","false","0","false","1629053.652",,"1629053.652","2","false","true",
"C","A","20220101","2022","52","2022","699","IND","India","M","Import","0","W00","World","0","W00","World","H6","HS","true","2204","Wine of fresh grapes, including fortified wines; grape must other than that of heading no. 2009","4","false","C00","TOTAL CPC","0","0","TOTAL MOT","7","l","7811751","false","7","l","7811751","false","7811751.263","true","0","false","33400168.646",,"33400168.646","4","false","true",
"C","A","20220101","2022","52","2022","702","SGP","Singapore","M","Import","0","W00","World","0","W00","World","H6","HS","true","2204","Wine of fresh grapes, including fortified wines; grape must other than that of heading no. 2009","4","false","C00","TOTAL CPC","0","0","TOTAL MOT","7","l","34006272.087","true","-1","N/A","0","false","34006272.087","true","0","false","851363495.094",,"851363495.094","6","false","true",
"C","A","20220101","2022","52","2022","703","SVK","Slovakia","M","Import","0","W00","World","0","W00","World","H6","HS","true","2204","Wine of fresh grapes, including fortified wines; grape must other than that of heading no. 2009","4","false","C00","TOTAL CPC","0","0","TOTAL MOT","7","l","57382521.873","true","-1","N/A","0","false","57687604.402","true","0","false","73004581.271","72044448.387","73004581.271","6","false","true",
"C","A","20220101","2022","52","2022","704","VNM","Viet Nam","M","Import","0","W00","World","0","W00","World","H6","HS","true","2204","Wine of fresh grapes, including fortified wines; grape must other than that of heading no. 2009","4","false","C00","TOTAL CPC","0","0","TOTAL MOT","-1","N/A","0","false","-1","N/A","0","false",,"false","0","false","35095645.665",,"35095645.665","0","false","true",
"C","A","20220101","2022","52","2022","705","SVN","Slovenia","M","Import","0","W00","World","0","W00","World","H6","HS","true","2204","Wine of fresh grapes, including fortified wines; grape must other than that of heading no. 2009","4","false","C00","TOTAL CPC","0","0","TOTAL MOT","7","l","8721757.544","true","-1","N/A","0","false","8954942.194","false","0","false","19174792.015",,"19174792.015","2","false","true",
"C","A","20220101","2022","52","2022","710","ZAF","South Africa","M","Import","0","W00","World","0","W00","World","H6","HS","true","2204","Wine of fresh grapes, including fortified wines; grape must other than that of heading no. 2009","4","false","C00","TOTAL CPC","0","0","TOTAL MOT","7","l","3222101.29","false","7","l","3222101.29","false","3222101.29","false","0","false",,"50974726.276","50974726.276","0","false","true",
"C","A","20220101","2022","52","2022","716","ZWE","Zimbabwe","M","Import","0","W00","World","0","W00","World","H5","HS","true","2204","Wine of fresh grapes, including fortified wines; grape must other than that of heading no. 2009","4","false","C00","TOTAL CPC","0","0","TOTAL MOT","-1","N/A","0","false","-1","N/A","0","false","4757769.3","false","0","false","5923145.47",,"5923145.47","0","false","true",
"C","A","20220101","2022","52","2022","724","ESP","Spain","M","Import","0","W00","World","0","W00","World","H6","HS","true","2204","Wine of fresh grapes, including fortified wines; grape must other than that of heading no. 2009","4","false","C00","TOTAL CPC","0","0","TOTAL MOT","7","l","66313818.024","true","-1","N/A","0","false","69676911.007","true","0","false","297436708.349",,"297436708.349","6","false","true",
"C","A","20220101","2022","52","2022","740","SUR","Suriname","M","Import","0","W00","World","0","W00","World","H3","HS","true","2204","Wine of fresh grapes, including fortified wines; grape must other than that of heading no. 2009","4","false","C00","TOTAL CPC","0","0","TOTAL MOT","7","l","581791.64","false","7","l","581791.64","false","646011.64","false","894564.12","false","895235.82",,"895235.82","0","false","true",
"C","A","20220101","2022","52","2022","748","SWZ","Eswatini","M","Import","0","W00","World","0","W00","World","H6","HS","true","2204","Wine of fresh grapes, including fortified wines; grape must other than that of heading no. 2009","4","false","C00","TOTAL CPC","0","0","TOTAL MOT","7","l","8936556.764","true","-1","N/A","0","false","3358074.87","false","0","false","8293986.31",,"8293986.31","2","false","true",
"C","A","20220101","2022","52","2022","752","SWE","Sweden","M","Import","0","W00","World","0","W00","World","H6","HS","true","2204","Wine of fresh grapes, including fortified wines; grape must other than that of heading no. 2009","4","false","C00","TOTAL CPC","0","0","TOTAL MOT","7","l","207782018.918","true","-1","N/A","0","false","201089686.545","true","0","false","829029109.984",,"829029109.984","6","false","true",
"C","A","20220101","2022","52","2022","757","CHE","Switzerland","M","Import","0","W00","World","0","W00","World","H6","HS","true","2204","Wine of fresh grapes, including fortified wines; grape must other than that of heading no. 2009","4","false","C00","TOTAL CPC","0","0","TOTAL MOT","-1","N/A","0","false","-1","N/A","0","false",,"false","0","false","1355227132.858",,"1355227132.858","0","false","true",
"C","A","20220101","2022","52","2022","762","TJK","Tajikistan","M","Import","0","W00","World","0","W00","World","H4","HS","true","2204","Wine of fresh grapes, including fortified wines; grape must other than that of heading no. 2009","4","false","C00","TOTAL CPC","0","0","TOTAL MOT","7","l","170790.05","false","7","l","170790.05","false","170790.05","false","0","false","690349",,"690349","0","false","true",
"C","A","20220101","2022","52","2022","764","THA","Thailand","M","Import","0","W00","World","0","W00","World","H6","HS","true","2204","Wine of fresh grapes, including fortified wines; grape must other than that of heading no. 2009","4","false","C00","TOTAL CPC","0","0","TOTAL MOT","7","l","18530916","false","7","l","18530916","false","21922393","false","0","false","115040648.947",,"115040648.947","0","false","true",
"C","A","20220101","2022","52","2022","768","TGO","Togo","M","Import","0","W00","World","0","W00","World","H5","HS","true","2204","Wine of fresh grapes, including fortified wines; grape must other than that of heading no. 2009","4","false","C00","TOTAL CPC","0","0","TOTAL MOT","-1","N/A","0","false","-1","N/A","0","false",,"false","0","false","12260595.537",,"12260595.537","0","false","true",
"C","A","20220101","2022","52","2022","776","TON","Tonga","M","Import","0","W00","World","0","W00","World","H5","HS","true","2204","Wine of fresh grapes, including fortified wines; grape must other than that of heading no. 2009","4","false","C00","TOTAL CPC","0","0","TOTAL MOT","7","l","203488.29","true","-1","N/A","0","false","209430.982","true","0","false","704163.649",,"704163.649","6","false","true",
"C","A","20220101","2022","52","2022","780","TTO","Trinidad and Tobago","M","Import","0","W00","World","0","W00","World","H4","HS","true","2204","Wine of fresh grapes, including fortified wines; grape must other than that of heading no. 2009","4","false","C00","TOTAL CPC","0","0","TOTAL MOT","7","l","984362","false","7","l","984362","false","1579537","false","0","false","7788447.318",,"7788447.318","0","false","true",
"C","A","20220101","2022","52","2022","784","ARE","United Arab Emirates","M","Import","0","W00","World","0","W00","World","H6","HS","true","2204","Wine of fresh grapes, including fortified wines; grape must other than that of heading no. 2009","4","false","C00","TOTAL CPC","0","0","TOTAL MOT","7","l","56155658.99","true","-1","N/A","0","false","56363356.09","false","0","false","361902735.936",,"361902735.936","2","false","true",
"C","A","20220101","2022","52","2022","788","TUN","Tunisia","M","Import","0","W00","World","0","W00","World","H5","HS","true","2204","Wine of fresh grapes, including fortified wines; grape must other than that of heading no. 2009","4","false","C00","TOTAL CPC","0","0","TOTAL MOT","7","l","112880.7","true","-1","N/A","0","false","126631","false","0","false","1767327.137",,"1767327.137","2","false","true",
"C","A","20220101","2022","52","2022","792","TUR","Türkiye","M","Import","0","W00","World","0","W00","World","H6","HS","true","2204","Wine of fresh grapes, including fortified wines; grape must other than that of heading no. 2009","4","false","C00","TOTAL CPC","0","0","TOTAL MOT","7","l","7926172","false","7","l","7926172","false","7934391","false","0","false","43103511","39414155.03","43103511","0","false","true",
"C","A","20220101","2022","52","2022","800","UGA","Uganda","M","Import","0","W00","World","0","W00","World","H6","HS","true","2204","Wine of fresh grapes, including fortified wines; grape must other than that of heading no. 2009","4","false","C00","TOTAL CPC","0","0","TOTAL MOT","7","l","2438226.74","false","7","l","2438226.74","false","3674058.71","false","0","false","5222596.1",,"5222596.1","0","false","true",
"C","A","20220101","2022","52","2022","804","UKR","Ukraine","M","Import","0","W00","World","0","W00","World","H5","HS","true","2204","Wine of fresh grapes, including fortified wines; grape must other than that of heading no. 2009","4","false","C00","TOTAL CPC","0","0","TOTAL MOT","7","l","36857620.39","false","7","l","36857620.39","false","44753094.51","false","0","false","117624946.2",,"117624946.2","0","false","true",
"C","A","20220101","2022","52","2022","807","MKD","North Macedonia","M","Import","0","W00","World","0","W00","World","H6","HS","true","2204","Wine of fresh grapes, including fortified wines; grape must other than that of heading no. 2009","4","false","C00","TOTAL CPC","0","0","TOTAL MOT","7","l","210249","false","7","l","210249","false","215539","false","0","false","1480935.76",,"1480935.76","0","false","true",
"C","A","20220101","2022","52","2022","818","EGY","Egypt","M","Import","0","W00","World","0","W00","World","H6","HS","true","2204","Wine of fresh grapes, including fortified wines; grape must other than that of heading no. 2009","4","false","C00","TOTAL CPC","0","0","TOTAL MOT","-1","N/A","0","false","-1","N/A","0","false",,"false","0","false","8083.693",,"8083.693","0","false","true",
"C","A","20220101","2022","52","2022","826","GBR","United Kingdom","M","Import","0","W00","World","0","W00","World","H6","HS","true","2204","Wine of fresh grapes, including fortified wines; grape must other than that of heading no. 2009","4","false","C00","TOTAL CPC","0","0","TOTAL MOT","-1","N/A","0","false","-1","N/A","0","false",,"false","0","false","5029253132.186",,"5029253132.186","0","false","true",
"C","A","20220101","2022","52","2022","834","TZA","United Rep. of Tanzania","M","Import","0","W00","World","0","W00","World","H6","HS","true","2204","Wine of fresh grapes, including fortified wines; grape must other than that of heading no. 2009","4","false","C00","TOTAL CPC","0","0","TOTAL MOT","7","l","7577787.436","true","-1","N/A","0","false","7803535.993","true","0","false","11821050.02","10720467.67","11821050.02","6","false","true",
"C","A","20220101","2022","52","2022","842","USA","USA","M","Import","0","W00","World","0","W00","World","H6","HS","true","2204","Wine of fresh grapes, including fortified wines; grape must other than that of heading no. 2009","4","false","C00","TOTAL CPC","0","0","TOTAL MOT","7","l","1437141867.1","true","-1","N/A","0","false","1437135039.755","true","0","false","7684771423","7321313138","7684771423","6","false","true",
"C","A","20220101","2022","52","2022","854","BFA","Burkina Faso","M","Import","0","W00","World","0","W00","World","H6","HS","true","2204","Wine of fresh grapes, including fortified wines; grape must other than that of heading no. 2009","4","false","C00","TOTAL CPC","0","0","TOTAL MOT","7","l","15591272.136","true","-1","N/A","0","false","16512770","false","0","false","6163816.643",,"6163816.643","2","false","true",
"C","A","20220101","2022","52","2022","858","URY","Uruguay","M","Import","0","W00","World","0","W00","World","H6","HS","true","2204","Wine of fresh grapes, including fortified wines; grape must other than that of heading no. 2009","4","false","C00","TOTAL CPC","0","0","TOTAL MOT","7","l","4627796.975","true","-1","N/A","0","false","4754785.515","false","0","false","15913965.64","15104375.67","15913965.64","2","false","true",
"C","A","20220101","2022","52","2022","860","UZB","Uzbekistan","M","Import","0","W00","World","0","W00","World","H5","HS","true","2204","Wine of fresh grapes, including fortified wines; grape must other than that of heading no. 2009","4","false","C00","TOTAL CPC","0","0","TOTAL MOT","7","l","236004.332","false","7","l","236004.332","false","236004.332","false","0","false","1720996.99","0","1720996.99","0","false","true",
"C","A","20220101","2022","52","2022","882","WSM","Samoa","M","Import","0","W00","World","0","W00","World","H5","HS","true","2204","Wine of fresh grapes, including fortified wines; grape must other than that of heading no. 2009","4","false","C00","TOTAL CPC","0","0","TOTAL MOT","7","l","27924.714","true","-1","N/A","0","false","28021.327","true","0","false","155176.006",,"155176.006","6","false","true",
"C","A","20220101","2022","52","2022","894","ZMB","Zambia","M","Import","0","W00","World","0","W00","World","H6","HS","true","2204","Wine of fresh grapes, including fortified wines; grape must other than that of heading no. 2009","4","false","C00","TOTAL CPC","0","0","TOTAL MOT","-1","N/A","0","false","-1","N/A","0","false","8208081.206","false","0","false","5114767.718","117584.169","5114767.718","0","false","true",
"C","A","20230101","2023","52","2023","8","ALB","Albania","M","Import","0","W00","World","0","W00","World","H6","HS","true","2204","Wine of fresh grapes, including fortified wines; grape must other than that of heading no. 2009","4","false","C00","TOTAL CPC","0","0","TOTAL MOT","-1","N/A","0","false","-1","N/A","0","false","0","false","0","false","20202083.198",,"20202083.198","0","false","true",
"C","A","20230101","2023","52","2023","20","AND","Andorra","M","Import","0","W00","World","0","W00","World","H6","HS","true","2204","Wine of fresh grapes, including fortified wines; grape must other than that of heading no. 2009","4","false","C00","TOTAL CPC","0","0","TOTAL MOT","7","l","2917946.186","true","-1","N/A","0","false","2930355.69","false","0","false","19604600.263",,"19604600.263","2","false","true",
"C","A","20230101","2023","52","2023","24","AGO","Angola","M","Import","0","W00","World","0","W00","World","H5","HS","true","2204","Wine of fresh grapes, including fortified wines; grape must other than that of heading no. 2009","4","false","C00","TOTAL CPC","0","0","TOTAL MOT","-1","N/A","0","false","-1","N/A","0","false","40498602.895","true","0","false","59154135.682","52702728.15","59154135.682","4","false","true",
"C","A","20230101","2023","52","2023","28","ATG","Antigua and Barbuda","M","Import","0","W00","World","0","W00","World","H3","HS","true","2204","Wine of fresh grapes, including fortified wines; grape must other than that of heading no. 2009","4","false","C00","TOTAL CPC","0","0","TOTAL MOT","-1","N/A","0","false","-1","N/A","0","false",,"false","0","false","4462086.096",,"4462086.096","0","false","true",
"C","A","20230101","2023","52","2023","31","AZE","Azerbaijan","M","Import","0","W00","World","0","W00","World","H6","HS","true","2204","Wine of fresh grapes, including fortified wines; grape must other than that of heading no. 2009","4","false","C00","TOTAL CPC","0","0","TOTAL MOT","7","l","748416.09","false","7","l","748416.09","false","922831.03","false","0","false","6551306.49",,"6551306.49","0","false","true",
"C","A","20230101","2023","52","2023","32","ARG","Argentina","M","Import","0","W00","World","0","W00","World","H5","HS","true","2204","Wine of fresh grapes, including fortified wines; grape must other than that of heading no. 2009","4","false","C00","TOTAL CPC","0","0","TOTAL MOT","7","l","1076784.41","false","7","l","1076784.41","false","1071119.17","false","0","false","7140651.79","6850215.24","7140651.79","0","false","true",
"C","A","20230101","2023","52","2023","36","AUS","Australia","M","Import","0","W00","World","0","W00","World","H6","HS","true","2204","Wine of fresh grapes, including fortified wines; grape must other than that of heading no. 2009","4","false","C00","TOTAL CPC","0","0","TOTAL MOT","7","l","98823942.783","true","-1","N/A","0","false","98824160.355","true","0","false","678454810.059","646636062.729","678454810.059","6","false","true",
"C","A","20230101","2023","52","2023","40","AUT","Austria","M","Import","0","W00","World","0","W00","World","H6","HS","true","2204","Wine of fresh grapes, including fortified wines; grape must other than that of heading no. 2009","4","false","C00","TOTAL CPC","0","0","TOTAL MOT","7","l","87119765.842","true","-1","N/A","0","false","86569767","false","0","false","332896619.807",,"332896619.807","2","false","true",
"C","A","20230101","2023","52","2023","44","BHS","Bahamas","M","Import","0","W00","World","0","W00","World","H6","HS","true","2204","Wine of fresh grapes, including fortified wines; grape must other than that of heading no. 2009","4","false","C00","TOTAL CPC","0","0","TOTAL MOT","-1","N/A","0","false","-1","N/A","0","false","5869482.619","true","0","false","24919930",,"24919930","4","false","true",
"C","A","20230101","2023","52","2023","48","BHR","Bahrain","M","Import","0","W00","World","0","W00","World","H6","HS","true","2204","Wine of fresh grapes, including fortified wines; grape must other than that of heading no. 2009","4","false","C00","TOTAL CPC","0","0","TOTAL MOT","7","l","1955344.788","true","-1","N/A","0","false","1986381.535","true","0","false","7855407.037",,"7855407.037","6","false","true",
"C","A","20230101","2023","52","2023","51","ARM","Armenia","M","Import","0","W00","World","0","W00","World","H6","HS","true","2204","Wine of fresh grapes, including fortified wines; grape must other than that of heading no. 2009","4","false","C00","TOTAL CPC","0","0","TOTAL MOT","7","l","1327096.52","false","7","l","1327096.52","false","1618869.79","false","0","false","8409990.03",,"8409990.03","0","false","true",
"C","A","20230101","2023","52","2023","52","BRB","Barbados","M","Import","0","W00","World","0","W00","World","H5","HS","true","2204","Wine of fresh grapes, including fortified wines; grape must other than that of heading no. 2009","4","false","C00","TOTAL CPC","0","0","TOTAL MOT","7","l","2851756.569","true","-1","N/A","0","false","2849651","false","0","false","12882350",,"12882350","2","false","true",
"C","A","20230101","2023","52","2023","56","BEL","Belgium","M","Import","0","W00","World","0","W00","World","H6","HS","true","2204","Wine of fresh grapes, including fortified wines; grape must other than that of heading no. 2009","4","false","C00","TOTAL CPC","0","0","TOTAL MOT","7","l","251665369.587","true","-1","N/A","0","false","499777898.917","true","0","false","1052695926.871",,"1052695926.871","6","false","true",
"C","A","20230101","2023","52","2023","60","BMU","Bermuda","M","Import","0","W00","World","0","W00","World","H6","HS","true","2204","Wine of fresh grapes, including fortified wines; grape must other than that of heading no. 2009","4","false","C00","TOTAL CPC","0","0","TOTAL MOT","7","l","1436031.978","true","-1","N/A","0","false","1261073.368","true","0","false","17267536.03",,"17267536.03","6","false","true",
"C","A","20230101","2023","52","2023","64","BTN","Bhutan","M","Import","0","W00","World","0","W00","World","H6","HS","true","2204","Wine of fresh grapes, including fortified wines; grape must other than that of heading no. 2009","4","false","C00","TOTAL CPC","0","0","TOTAL MOT","7","l","91348.8","false","7","l","91348.8","false","91348.8","false","0","false","211924.993",,"211924.993","0","false","true",
"C","A","20230101","2023","52","2023","68","BOL","Bolivia (Plurinational State of)","M","Import","0","W00","World","0","W00","World","H6","HS","true","2204","Wine of fresh grapes, including fortified wines; grape must other than that of heading no. 2009","4","false","C00","TOTAL CPC","0","0","TOTAL MOT","7","l","414069.592","true","-1","N/A","0","false","420625.037","true","521753","false","1948924","1835444","1948924","6","false","true",
"C","A","20230101","2023","52","2023","70","BIH","Bosnia Herzegovina","M","Import","0","W00","World","0","W00","World","H6","HS","true","2204","Wine of fresh grapes, including fortified wines; grape must other than that of heading no. 2009","4","false","C00","TOTAL CPC","0","0","TOTAL MOT","7","l","8341045.506","true","-1","N/A","0","false","8590250.36","false","0","false","23479840.691",,"23479840.691","2","false","true",
"C","A","20230101","2023","52","2023","72","BWA","Botswana","M","Import","0","W00","World","0","W00","World","H6","HS","true","2204","Wine of fresh grapes, including fortified wines; grape must other than that of heading no. 2009","4","false","C00","TOTAL CPC","0","0","TOTAL MOT","7","l","7615712.946","true","-1","N/A","0","false","8019947.925","false","0","false","14656746.356",,"14656746.356","2","false","true",
"C","A","20230101","2023","52","2023","76","BRA","Brazil","M","Import","0","W00","World","0","W00","World","H6","HS","true","2204","Wine of fresh grapes, including fortified wines; grape must other than that of heading no. 2009","4","false","C00","TOTAL CPC","0","0","TOTAL MOT","7","l","155927719","false","7","l","155927719","false","145060950.747","true","0","false","490069386","467123287","490069386","4","false","true",
"C","A","20230101","2023","52","2023","84","BLZ","Belize","M","Import","0","W00","World","0","W00","World","H6","HS","true","2204","Wine of fresh grapes, including fortified wines; grape must other than that of heading no. 2009","4","false","C00","TOTAL CPC","0","0","TOTAL MOT","-1","N/A","0","false","-1","N/A","0","false","1599645.872","true","0","false","2863173.085",,"2863173.085","4","false","true",
"C","A","20230101","2023","52","2023","96","BRN","Brunei Darussalam","M","Import","0","W00","World","0","W00","World","H6","HS","true","2204","Wine of fresh grapes, including fortified wines; grape must other than that of heading no. 2009","4","false","C00","TOTAL CPC","0","0","TOTAL MOT","7","l","7098","false","7","l","7098","false","7098","false","0","false","114189.806",,"114189.806","0","false","true",
"C","A","20230101","2023","52","2023","100","BGR","Bulgaria","M","Import","0","W00","World","0","W00","World","H6","HS","true","2204","Wine of fresh grapes, including fortified wines; grape must other than that of heading no. 2009","4","false","C00","TOTAL CPC","0","0","TOTAL MOT","7","l","13798826","false","7","l","13798826","false","13723649.331","true","0","false","43681162.249",,"43681162.249","4","false","true",
"C","A","20230101","2023","52","2023","104","MMR","Myanmar","M","Import","0","W00","World","0","W00","World","H6","HS","true","2204","Wine of fresh grapes, including fortified wines; grape must other than that of heading no. 2009","4","false","C00","TOTAL CPC","0","0","TOTAL MOT","7","l","3268022","false","7","l","3268022","false","3268022","false","0","false","4221110.879",,"4221110.879","0","false","true",
"C","A","20230101","2023","52","2023","108","BDI","Burundi","M","Import","0","W00","World","0","W00","World","H6","HS","true","2204","Wine of fresh grapes, including fortified wines; grape must other than that of heading no. 2009","4","false","C00","TOTAL CPC","0","0","TOTAL MOT","7","l","436785.515","true","-1","N/A","0","false","441973.964","true","0","false","1581776.012",,"1581776.012","6","false","true",
"C","A","20230101","2023","52","2023","116","KHM","Cambodia","M","Import","0","W00","World","0","W00","World","H6","HS","true","2204","Wine of fresh grapes, including fortified wines; grape must other than that of heading no. 2009","4","false","C00","TOTAL CPC","0","0","TOTAL MOT","7","l","904584.439","false","7","l","904584.439","false","1168315.47","false","0","false","3537869.71",,"3537869.71","0","false","true",
"C","A","20230101","2023","52","2023","120","CMR","Cameroon","M","Import","0","W00","World","0","W00","World","H6","HS","true","2204","Wine of fresh grapes, including fortified wines; grape must other than that of heading no. 2009","4","false","C00","TOTAL CPC","0","0","TOTAL MOT","7","l","8217376.082","true","-1","N/A","0","false","8215858.49","false","0","false","19550884.454",,"19550884.454","2","false","true",
"C","A","20230101","2023","52","2023","124","CAN","Canada","M","Import","0","W00","World","0","W00","World","H6","HS","true","2204","Wine of fresh grapes, including fortified wines; grape must other than that of heading no. 2009","4","false","C00","TOTAL CPC","0","0","TOTAL MOT","7","l","375134264","false","7","l","375134264","false","375134313.843","true","0","false",,"1994855347.258","1994855347.258","4","false","true",
"C","A","20230101","2023","52","2023","132","CPV","Cabo Verde","M","Import","0","W00","World","0","W00","World","H5","HS","true","2204","Wine of fresh grapes, including fortified wines; grape must other than that of heading no. 2009","4","false","C00","TOTAL CPC","0","0","TOTAL MOT","7","l","4452385.499","true","-1","N/A","0","false","6193316","false","0","false","4943795.239",,"4943795.239","2","false","true",
"C","A","20230101","2023","52","2023","136","CYM","Cayman Isds","M","Import","0","W00","World","0","W00","World","H5","HS","true","2204","Wine of fresh grapes, including fortified wines; grape must other than that of heading no. 2009","4","false","C00","TOTAL CPC","0","0","TOTAL MOT","-1","N/A","0","false","-1","N/A","0","false","4046573.802","true","0","false","18391636.988",,"18391636.988","4","false","true",
"C","A","20230101","2023","52","2023","140","CAF","Central African Rep.","M","Import","0","W00","World","0","W00","World","H5","HS","true","2204","Wine of fresh grapes, including fortified wines; grape must other than that of heading no. 2009","4","false","C00","TOTAL CPC","0","0","TOTAL MOT","7","l","392074.588","true","-1","N/A","0","false","371047.25","false","0","false","637374.239",,"637374.239","2","false","true",
"C","A","20230101","2023","52","2023","144","LKA","Sri Lanka","M","Import","0","W00","World","0","W00","World","H6","HS","true","2204","Wine of fresh grapes, including fortified wines; grape must other than that of heading no. 2009","4","false","C00","TOTAL CPC","0","0","TOTAL MOT","7","l","2201075.27","false","7","l","2201075.27","false","2201075.27","false","0","false","11436394.902",,"11436394.902","0","false","true",
"C","A","20230101","2023","52","2023","152","CHL","Chile","M","Import","0","W00","World","0","W00","World","H6","HS","true","2204","Wine of fresh grapes, including fortified wines; grape must other than that of heading no. 2009","4","false","C00","TOTAL CPC","0","0","TOTAL MOT","7","l","2148832.908","true","-1","N/A","0","false","2144333.223","true","0","false","10685319.423","9847290.76","10685319.423","6","false","true",
"C","A","20230101","2023","52","2023","156","CHN","China","M","Import","0","W00","World","0","W00","World","H6","HS","true","2204","Wine of fresh grapes, including fortified wines; grape must other than that of heading no. 2009","4","false","C00","TOTAL CPC","0","0","TOTAL MOT","7","l","248955901","false","7","l","248955901","false","247983069","false","0","false","1160277727",,"1160277727","0","false","true",
"C","A","20230101","2023","52","2023","170","COL","Colombia","M","Import","0","W00","World","0","W00","World","H6","HS","true","2204","Wine of fresh grapes, including fortified wines; grape must other than that of heading no. 2009","4","false","C00","TOTAL CPC","0","0","TOTAL MOT","7","l","22475332.46","false","7","l","22475332.46","false","22335739.43","false","0","false","74761403.61","69746700.83","74761403.61","0","false","true",
"C","A","20230101","2023","52","2023","174","COM","Comoros","M","Import","0","W00","World","0","W00","World","H6","HS","true","2204","Wine of fresh grapes, including fortified wines; grape must other than that of heading no. 2009","4","false","C00","TOTAL CPC","0","0","TOTAL MOT","7","l","95101","true","-1","N/A","0","false","95101","false","0","false","54062.177",,"54062.177","2","false","true",
"C","A","20230101","2023","52","2023","178","COG","Congo","M","Import","0","W00","World","0","W00","World","H6","HS","true","2204","Wine of fresh grapes, including fortified wines; grape must other than that of heading no. 2009","4","false","C00","TOTAL CPC","0","0","TOTAL MOT","7","l","3592089.646","true","-1","N/A","0","false","3592093.07","false","0","false","5864281.217",,"5864281.217","2","false","true",
"C","A","20230101","2023","52","2023","180","COD","Dem. Rep. of the Congo","M","Import","0","W00","World","0","W00","World","H4","HS","true","2204","Wine of fresh grapes, including fortified wines; grape must other than that of heading no. 2009","4","false","C00","TOTAL CPC","0","0","TOTAL MOT","7","l","3960473.1","true","-1","N/A","0","false","3960473.1","false","0","false","7248185.11",,"7248185.11","2","false","true",
"C","A","20230101","2023","52","2023","188","CRI","Costa Rica","M","Import","0","W00","World","0","W00","World","H6","HS","true","2204","Wine of fresh grapes, including fortified wines; grape must other than that of heading no. 2009","4","false","C00","TOTAL CPC","0","0","TOTAL MOT","7","l","13160801.473","true","-1","N/A","0","false","13235754.607","false","0","false","39586388.85",,"39586388.85","2","false","true",
"C","A","20230101","2023","52","2023","191","HRV","Croatia","M","Import","0","W00","World","0","W00","World","H6","HS","true","2204","Wine of fresh grapes, including fortified wines; grape must other than that of heading no. 2009","4","false","C00","TOTAL CPC","0","0","TOTAL MOT","7","l","24619395.204","true","-1","N/A","0","false","24739848.497","true","0","false","49343431",,"49343431","6","false","true",
"C","A","20230101","2023","52","2023","196","CYP","Cyprus","M","Import","0","W00","World","0","W00","World","H6","HS","true","2204","Wine of fresh grapes, including fortified wines; grape must other than that of heading no. 2009","4","false","C00","TOTAL CPC","0","0","TOTAL MOT","7","l","6870244","false","7","l","6870244","false","6773591","false","0","false","41340841.648",,"41340841.648","0","false","true",
"C","A","20230101","2023","52","2023","203","CZE","Czechia","M","Import","0","W00","World","0","W00","World","H6","HS","true","2204","Wine of fresh grapes, including fortified wines; grape must other than that of heading no. 2009","4","false","C00","TOTAL CPC","0","0","TOTAL MOT","7","l","164962606","false","7","l","164962606","false","177386726.588","true","0","false","307995715","295977802","307995715","4","false","true",
"C","A","20230101","2023","52","2023","204","BEN","Benin","M","Import","0","W00","World","0","W00","World","H6","HS","true","2204","Wine of fresh grapes, including fortified wines; grape must other than that of heading no. 2009","4","false","C00","TOTAL CPC","0","0","TOTAL MOT","7","l","3052807.406","true","-1","N/A","0","false","3078767","false","0","false","2719619.579",,"2719619.579","2","false","true",
"C","A","20230101","2023","52","2023","208","DNK","Denmark","M","Import","0","W00","World","0","W00","World","H6","HS","true","2204","Wine of fresh grapes, including fortified wines; grape must other than that of heading no. 2009","4","false","C00","TOTAL CPC","0","0","TOTAL MOT","7","l","188444278.071","true","-1","N/A","0","false","193997769.565","true","0","false","785397589.686",,"785397589.686","6","false","true",
"C","A","20230101","2023","52","2023","212","DMA","Dominica","M","Import","0","W00","World","0","W00","World","H5","HS","true","2204","Wine of fresh grapes, including fortified wines; grape must other than that of heading no. 2009","4","false","C00","TOTAL CPC","0","0","TOTAL MOT","7","l","289888","true","-1","N/A","0","false","289888","false","0","false","718992.614",,"718992.614","2","false","true",
"C","A","20230101","2023","52","2023","214","DOM","Dominican Rep.","M","Import","0","W00","World","0","W00","World","H6","HS","true","2204","Wine of fresh grapes, including fortified wines; grape must other than that of heading no. 2009","4","false","C00","TOTAL CPC","0","0","TOTAL MOT","7","l","21251214.677","true","-1","N/A","0","false","21253572.412","true","0","false","79248155.218",,"79248155.218","6","false","true",
"C","A","20230101","2023","52","2023","218","ECU","Ecuador","M","Import","0","W00","World","0","W00","World","H6","HS","true","2204","Wine of fresh grapes, including fortified wines; grape must other than that of heading no. 2009","4","false","C00","TOTAL CPC","0","0","TOTAL MOT","-1","N/A","0","false","-1","N/A","0","false",,"false","0","false","30267387.9",,"30267387.9","0","false","true",
"C","A","20230101","2023","52","2023","222","SLV","El Salvador","M","Import","0","W00","World","0","W00","World","H6","HS","true","2204","Wine of fresh grapes, including fortified wines; grape must other than that of heading no. 2009","4","false","C00","TOTAL CPC","0","0","TOTAL MOT","7","l","3211284.802","true","-1","N/A","0","false","3215500.61","false","0","false","9007521.54",,"9007521.54","2","false","true",
"C","A","20230101","2023","52","2023","231","ETH","Ethiopia","M","Import","0","W00","World","0","W00","World","H6","HS","true","2204","Wine of fresh grapes, including fortified wines; grape must other than that of heading no. 2009","4","false","C00","TOTAL CPC","0","0","TOTAL MOT","7","l","277064.67","true","-1","N/A","0","false","261713.56","false","0","false","1895557.326",,"1895557.326","2","false","true",
"C","A","20230101","2023","52","2023","233","EST","Estonia","M","Import","0","W00","World","0","W00","World","H6","HS","true","2204","Wine of fresh grapes, including fortified wines; grape must other than that of heading no. 2009","4","false","C00","TOTAL CPC","0","0","TOTAL MOT","-1","N/A","0","false","-1","N/A","0","false",,"false","0","false","94189012.54",,"94189012.54","0","false","true",
"C","A","20230101","2023","52","2023","242","FJI","Fiji","M","Import","0","W00","World","0","W00","World","H6","HS","true","2204","Wine of fresh grapes, including fortified wines; grape must other than that of heading no. 2009","4","false","C00","TOTAL CPC","0","0","TOTAL MOT","7","l","1703207.89","false","7","l","1703207.89","false","1703207.89","false","0","false","8429532.497",,"8429532.497","0","false","true",
"C","A","20230101","2023","52","2023","246","FIN","Finland","M","Import","0","W00","World","0","W00","World","H6","HS","true","2204","Wine of fresh grapes, including fortified wines; grape must other than that of heading no. 2009","4","false","C00","TOTAL CPC","0","0","TOTAL MOT","7","l","71138870","false","7","l","71138870","false","70820188.215","true","0","false","250861592.453",,"250861592.453","4","false","true",
"C","A","20230101","2023","52","2023","251","FRA","France","M","Import","0","W00","World","0","W00","World","H6","HS","true","2204","Wine of fresh grapes, including fortified wines; grape must other than that of heading no. 2009","4","false","C00","TOTAL CPC","0","0","TOTAL MOT","-1","N/A","0","false","-1","N/A","0","false",,"false","0","false","1079685101.274",,"1079685101.274","0","false","true",
"C","A","20230101","2023","52","2023","258","PYF","French Polynesia","M","Import","0","W00","World","0","W00","World","H5","HS","true","2204","Wine of fresh grapes, including fortified wines; grape must other than that of heading no. 2009","4","false","C00","TOTAL CPC","0","0","TOTAL MOT","7","l","2013806.086","true","-1","N/A","0","false","1999610.678","false","0","false","15337165.214",,"15337165.214","2","false","true",
"C","A","20230101","2023","52","2023","262","DJI","Djibouti","M","Import","0","W00","World","0","W00","World","H3","HS","true","2204","Wine of fresh grapes, including fortified wines; grape must other than that of heading no. 2009","4","false","C00","TOTAL CPC","0","0","TOTAL MOT","7","l","131472.1","true","-1","N/A","0","false","131472.1","false","0","false","399523.094",,"399523.094","2","false","true",
"C","A","20230101","2023","52","2023","266","GAB","Gabon","M","Import","0","W00","World","0","W00","World","H6","HS","true","2204","Wine of fresh grapes, including fortified wines; grape must other than that of heading no. 2009","4","false","C00","TOTAL CPC","0","0","TOTAL MOT","7","l","5746161.42","true","-1","N/A","0","false","5741883","false","0","false","9156403.758",,"9156403.758","2","false","true",
"C","A","20230101","2023","52","2023","268","GEO","Georgia","M","Import","0","W00","World","0","W00","World","H5","HS","true","2204","Wine of fresh grapes, including fortified wines; grape must other than that of heading no. 2009","4","false","C00","TOTAL CPC","0","0","TOTAL MOT","7","l","630916.31","false","7","l","630916.31","false","630916.31","false","0","false","5947922.453",,"5947922.453","0","false","true",
"C","A","20230101","2023","52","2023","270","GMB","Gambia","M","Import","0","W00","World","0","W00","World","H6","HS","true","2204","Wine of fresh grapes, including fortified wines; grape must other than that of heading no. 2009","4","false","C00","TOTAL CPC","0","0","TOTAL MOT","7","l","33136.717","true","-1","N/A","0","false","33163","false","0","false","56143.39",,"56143.39","2","false","true",
"C","A","20230101","2023","52","2023","275","PSE","State of Palestine","M","Import","0","W00","World","0","W00","World","H4","HS","true","2204","Wine of fresh grapes, including fortified wines; grape must other than that of heading no. 2009","4","false","C00","TOTAL CPC","0","0","TOTAL MOT","7","l","79635.818","true","-1","N/A","0","false","80690.913","true","0","false","219664.268",,"219664.268","6","false","true",
"C","A","20230101","2023","52","2023","276","DEU","Germany","M","Import","0","W00","World","0","W00","World","H6","HS","true","2204","Wine of fresh grapes, including fortified wines; grape must other than that of heading no. 2009","4","false","C00","TOTAL CPC","0","0","TOTAL MOT","7","l","1383770515.691","true","-1","N/A","0","false","1383770517.002","true","0","false","2980388434.971",,"2980388434.971","6","false","true",
"C","A","20230101","2023","52","2023","288","GHA","Ghana","M","Import","0","W00","World","0","W00","World","H5","HS","true","2204","Wine of fresh grapes, including fortified wines; grape must other than that of heading no. 2009","4","false","C00","TOTAL CPC","0","0","TOTAL MOT","7","l","3643200.54","false","7","l","3643200.54","false","11289847.736","true","0","false","21611304.55",,"21611304.55","4","false","true",
"C","A","20230101","2023","52","2023","300","GRC","Greece","M","Import","0","W00","World","0","W00","World","H6","HS","true","2204","Wine of fresh grapes, including fortified wines; grape must other than that of heading no. 2009","4","false","C00","TOTAL CPC","0","0","TOTAL MOT","7","l","17364889.47","true","-1","N/A","0","false","18223669.798","true","0","false","82892636.641",,"82892636.641","6","false","true",
"C","A","20230101","2023","52","2023","308","GRD","Grenada","M","Import","0","W00","World","0","W00","World","H4","HS","true","2204","Wine of fresh grapes, including fortified wines; grape must other than that of heading no. 2009","4","false","C00","TOTAL CPC","0","0","TOTAL MOT","7","l","879745","true","-1","N/A","0","false","879745","false","0","false","2528835.387",,"2528835.387","2","false","true",
"C","A","20230101","2023","52","2023","320","GTM","Guatemala","M","Import","0","W00","World","0","W00","World","H6","HS","true","2204","Wine of fresh grapes, including fortified wines; grape must other than that of heading no. 2009","4","false","C00","TOTAL CPC","0","0","TOTAL MOT","7","l","6086189.254","true","-1","N/A","0","false","6084138","false","0","false","18422247",,"18422247","2","false","true",
"C","A","20230101","2023","52","2023","328","GUY","Guyana","M","Import","0","W00","World","0","W00","World","H5","HS","true","2204","Wine of fresh grapes, including fortified wines; grape must other than that of heading no. 2009","4","false","C00","TOTAL CPC","0","0","TOTAL MOT","7","l","243120.83","false","7","l","243120.83","false","395271.11","false","0","false","1827391.109","871193.663","1827391.109","0","false","true",
"C","A","20230101","2023","52","2023","340","HND","Honduras","M","Import","0","W00","World","0","W00","World","H6","HS","true","2204","Wine of fresh grapes, including fortified wines; grape must other than that of heading no. 2009","4","false","C00","TOTAL CPC","0","0","TOTAL MOT","7","l","2586899.259","true","-1","N/A","0","false","2583475.39","false","0","false","6659015.83",,"6659015.83","2","false","true",
"C","A","20230101","2023","52","2023","344","HKG","China, Hong Kong SAR","M","Import","0","W00","World","0","W00","World","H6","HS","true","2204","Wine of fresh grapes, including fortified wines; grape must other than that of heading no. 2009","4","false","C00","TOTAL CPC","0","0","TOTAL MOT","7","l","31197049","false","7","l","31197049","false","31197049","false","0","false","968997967.902",,"968997967.902","0","false","true",
"C","A","20230101","2023","52","2023","348","HUN","Hungary","M","Import","0","W00","World","0","W00","World","H6","HS","true","2204","Wine of fresh grapes, including fortified wines; grape must other than that of heading no. 2009","4","false","C00","TOTAL CPC","0","0","TOTAL MOT","-1","N/A","0","false","-1","N/A","0","false","0","true","0","false","25838717",,"25838717","4","false","true",
"C","A","20230101","2023","52","2023","352","ISL","Iceland","M","Import","0","W00","World","0","W00","World","H6","HS","true","2204","Wine of fresh grapes, including fortified wines; grape must other than that of heading no. 2009","4","false","C00","TOTAL CPC","0","0","TOTAL MOT","7","l","5511317","true","-1","N/A","0","false","5517748.402","true","0","false","37493808.631","35092043.91","37493808.631","6","false","true",
"C","A","20230101","2023","52","2023","360","IDN","Indonesia","M","Import","0","W00","World","0","W00","World","H6","HS","true","2204","Wine of fresh grapes, including fortified wines; grape must other than that of heading no. 2009","4","false","C00","TOTAL CPC","0","0","TOTAL MOT","7","l","5275364.319","true","-1","N/A","0","false","5275361","false","0","false","16595783",,"16595783","2","false","true",
"C","A","20230101","2023","52","2023","372","IRL","Ireland","M","Import","0","W00","World","0","W00","World","H6","HS","true","2204","Wine of fresh grapes, including fortified wines; grape must other than that of heading no. 2009","4","false","C00","TOTAL CPC","0","0","TOTAL MOT","7","l","89053447.353","true","-1","N/A","0","false","106942400.709","true","0","false","374081916.639",,"374081916.639","6","false","true",
"C","A","20230101","2023","52","2023","376","ISR","Israel","M","Import","0","W00","World","0","W00","World","H6","HS","true","2204","Wine of fresh grapes, including fortified wines; grape must other than that of heading no. 2009","4","false","C00","TOTAL CPC","0","0","TOTAL MOT","-1","N/A","0","false","-1","N/A","0","false",,"false","0","false","77565000",,"77565000","0","false","true",
"C","A","20230101","2023","52","2023","380","ITA","Italy","M","Import","0","W00","World","0","W00","World","H6","HS","true","2204","Wine of fresh grapes, including fortified wines; grape must other than that of heading no. 2009","4","false","C00","TOTAL CPC","0","0","TOTAL MOT","7","l","202570307.417","true","-1","N/A","0","false","209161354.055","true","0","false","620401075.831",,"620401075.831","6","false","true",
"C","A","20230101","2023","52","2023","384","CIV","Côte d'Ivoire","M","Import","0","W00","World","0","W00","World","H6","HS","true","2204","Wine of fresh grapes, including fortified wines; grape must other than that of heading no. 2009","4","false","C00","TOTAL CPC","0","0","TOTAL MOT","7","l","77267282.926","true","-1","N/A","0","false","77267241.982","true","0","false","64122695.428",,"64122695.428","6","false","true",
"C","A","20230101","2023","52","2023","388","JAM","Jamaica","M","Import","0","W00","World","0","W00","World","H6","HS","true","2204","Wine of fresh grapes, including fortified wines; grape must other than that of heading no. 2009","4","false","C00","TOTAL CPC","0","0","TOTAL MOT","7","l","6368047.561","true","-1","N/A","0","false","6368016.05","false","0","false","13575511.48",,"13575511.48","2","false","true",
"C","A","20230101","2023","52","2023","392","JPN","Japan","M","Import","0","W00","World","0","W00","World","H6","HS","true","2204","Wine of fresh grapes, including fortified wines; grape must other than that of heading no. 2009","4","false","C00","TOTAL CPC","0","0","TOTAL MOT","7","l","232873306.309","true","-1","N/A","0","false","232873306.309","true","0","false","1783493168.134",,"1783493168.134","6","false","true",
"C","A","20230101","2023","52","2023","398","KAZ","Kazakhstan","M","Import","0","W00","World","0","W00","World","H6","HS","true","2204","Wine of fresh grapes, including fortified wines; grape must other than that of heading no. 2009","4","false","C00","TOTAL CPC","0","0","TOTAL MOT","7","l","15349660.608","true","-1","N/A","0","false","22647069.9","false","0","false","58358282.17",,"58358282.17","2","false","true",
"C","A","20230101","2023","52","2023","400","JOR","Jordan","M","Import","0","W00","World","0","W00","World","H6","HS","true","2204","Wine of fresh grapes, including fortified wines; grape must other than that of heading no. 2009","4","false","C00","TOTAL CPC","0","0","TOTAL MOT","7","l","829605.615","true","-1","N/A","0","false","841101.328","true","0","false","3338125.413",,"3338125.413","6","false","true",
"C","A","20230101","2023","52","2023","404","KEN","Kenya","M","Import","0","W00","World","0","W00","World","H6","HS","true","2204","Wine of fresh grapes, including fortified wines; grape must other than that of heading no. 2009","4","false","C00","TOTAL CPC","0","0","TOTAL MOT","7","l","9612177.42","false","7","l","9612177.42","false","9636822.52","false","0","false","24000497.787",,"24000497.787","0","false","true",
"C","A","20230101","2023","52","2023","410","KOR","Rep. of Korea","M","Import","0","W00","World","0","W00","World","H6","HS","true","2204","Wine of fresh grapes, including fortified wines; grape must other than that of heading no. 2009","4","false","C00","TOTAL CPC","0","0","TOTAL MOT","7","l","56353183.088","true","-1","N/A","0","false","56541970.212","true","0","false","506019190",,"506019190","6","false","true",
"C","A","20230101","2023","52","2023","417","KGZ","Kyrgyzstan","M","Import","0","W00","World","0","W00","World","H6","HS","true","2204","Wine of fresh grapes, including fortified wines; grape must other than that of heading no. 2009","4","false","C00","TOTAL CPC","0","0","TOTAL MOT","7","l","1504723.358","true","-1","N/A","0","false","1780269","false","0","false","3679812",,"3679812","2","false","true",
"C","A","20230101","2023","52","2023","418","LAO","Lao People's Dem. Rep.","M","Import","0","W00","World","0","W00","World","H6","HS","true","2204","Wine of fresh grapes, including fortified wines; grape must other than that of heading no. 2009","4","false","C00","TOTAL CPC","0","0","TOTAL MOT","-1","N/A","0","false","-1","N/A","0","false","754995.12","false","0","false","1938711.13",,"1938711.13","0","false","true",
"C","A","20230101","2023","52","2023","422","LBN","Lebanon","M","Import","0","W00","World","0","W00","World","H5","HS","true","2204","Wine of fresh grapes, including fortified wines; grape must other than that of heading no. 2009","4","false","C00","TOTAL CPC","0","0","TOTAL MOT","7","l","1762459.239","true","-1","N/A","0","false","1781028.321","true","0","false","8155476",,"8155476","6","false","true",
"C","A","20230101","2023","52","2023","426","LSO","Lesotho","M","Import","0","W00","World","0","W00","World","H6","HS","true","2204","Wine of fresh grapes, including fortified wines; grape must other than that of heading no. 2009","4","false","C00","TOTAL CPC","0","0","TOTAL MOT","7","l","2354410.23","false","7","l","2354410.23","false","3001792.581","true","0","false","4204030.983",,"4204030.983","4","false","true",
"C","A","20230101","2023","52","2023","428","LVA","Latvia","M","Import","0","W00","World","0","W00","World","H6","HS","true","2204","Wine of fresh grapes, including fortified wines; grape must other than that of heading no. 2009","4","false","C00","TOTAL CPC","0","0","TOTAL MOT","7","l","51410662","false","7","l","51410662","false","51487443.593","true","0","false","188035055.604",,"188035055.604","4","false","true",
"C","A","20230101","2023","52","2023","430","LBR","Liberia","M","Import","0","W00","World","0","W00","World","H6","HS","true","2204","Wine of fresh grapes, including fortified wines; grape must other than that of heading no. 2009","4","false","C00","TOTAL CPC","0","0","TOTAL MOT","7","l","960043","false","7","l","960043","false","1346864.86","false","0","false","1866545.82",,"1866545.82","0","false","true",
"C","A","20230101","2023","52","2023","440","LTU","Lithuania","M","Import","0","W00","World","0","W00","World","H6","HS","true","2204","Wine of fresh grapes, including fortified wines; grape must other than that of heading no. 2009","4","false","C00","TOTAL CPC","0","0","TOTAL MOT","7","l","99859701.089","false","7","l","99859701.089","false","99887564.413","false","0","false","313836959",,"313836959","0","false","true",
"C","A","20230101","2023","52","2023","442","LUX","Luxembourg","M","Import","0","W00","World","0","W00","World","H6","HS","true","2204","Wine of fresh grapes, including fortified wines; grape must other than that of heading no. 2009","4","false","C00","TOTAL CPC","0","0","TOTAL MOT","-1","N/A","0","false","-1","N/A","0","false","42776285.452","false","0","false","143797491.571","142524071.528","143797491.571","0","false","true",
"C","A","20230101","2023","52","2023","446","MAC","China, Macao SAR","M","Import","0","W00","World","0","W00","World","H6","HS","true","2204","Wine of fresh grapes, including fortified wines; grape must other than that of heading no. 2009","4","false","C00","TOTAL CPC","0","0","TOTAL MOT","-1","N/A","0","true","-1","N/A","0","false","0","true","0","false","400819841.939",,"400819841.939","6","false","true",
"C","A","20230101","2023","52","2023","450","MDG","Madagascar","M","Import","0","W00","World","0","W00","World","H6","HS","true","2204","Wine of fresh grapes, including fortified wines; grape must other than that of heading no. 2009","4","false","C00","TOTAL CPC","0","0","TOTAL MOT","-1","N/A","0","false","-1","N/A","0","false","0","false","0","false","8715789.467","6062868.125","8715789.467","0","false","true",
"C","A","20230101","2023","52","2023","454","MWI","Malawi","M","Import","0","W00","World","0","W00","World","H6","HS","true","2204","Wine of fresh grapes, including fortified wines; grape must other than that of heading no. 2009","4","false","C00","TOTAL CPC","0","0","TOTAL MOT","7","l","36615","false","7","l","36615","false","73368","false","0","false","150916.12",,"150916.12","0","false","true",
"C","A","20230101","2023","52","2023","458","MYS","Malaysia","M","Import","0","W00","World","0","W00","World","H6","HS","true","2204","Wine of fresh grapes, including fortified wines; grape must other than that of heading no. 2009","4","false","C00","TOTAL CPC","0","0","TOTAL MOT","-1","N/A","0","false","-1","N/A","0","false",,"false","0","false","101562918.412",,"101562918.412","0","false","true",
"C","A","20230101","2023","52","2023","462","MDV","Maldives","M","Import","0","W00","World","0","W00","World","H6","HS","true","2204","Wine of fresh grapes, including fortified wines; grape must other than that of heading no. 2009","4","false","C00","TOTAL CPC","0","0","TOTAL MOT","-1","N/A","0","false","-1","N/A","0","false",,"false","0","false","13649847.188",,"13649847.188","0","false","true",
"C","A","20230101","2023","52","2023","466","MLI","Mali","M","Import","0","W00","World","0","W00","World","H6","HS","true","2204","Wine of fresh grapes, including fortified wines; grape must other than that of heading no. 2009","4","false","C00","TOTAL CPC","0","0","TOTAL MOT","7","l","1926081.2","true","-1","N/A","0","false","1926081.2","false","0","false","963621.127",,"963621.127","2","false","true",
"C","A","20230101","2023","52","2023","470","MLT","Malta","M","Import","0","W00","World","0","W00","World","H6","HS","true","2204","Wine of fresh grapes, including fortified wines; grape must other than that of heading no. 2009","4","false","C00","TOTAL CPC","0","0","TOTAL MOT","7","l","6644028.015","true","-1","N/A","0","false","6810342","false","0","false","29037796.414",,"29037796.414","2","false","true",
"C","A","20230101","2023","52","2023","478","MRT","Mauritania","M","Import","0","W00","World","0","W00","World","H5","HS","true","2204","Wine of fresh grapes, including fortified wines; grape must other than that of heading no. 2009","4","false","C00","TOTAL CPC","0","0","TOTAL MOT","7","l","5000","true","-1","N/A","0","false","5000","false","0","false","2251.335",,"2251.335","2","false","true",
"C","A","20230101","2023","52","2023","480","MUS","Mauritius","M","Import","0","W00","World","0","W00","World","H6","HS","true","2204","Wine of fresh grapes, including fortified wines; grape must other than that of heading no. 2009","4","false","C00","TOTAL CPC","0","0","TOTAL MOT","7","l","2900926","false","7","l","2900926","false","1325061","false","0","false","20237692.876","18689657.211","20237692.876","0","false","true",
"C","A","20230101","2023","52","2023","484","MEX","Mexico","M","Import","0","W00","World","0","W00","World","H6","HS","true","2204","Wine of fresh grapes, including fortified wines; grape must other than that of heading no. 2009","4","false","C00","TOTAL CPC","0","0","TOTAL MOT","-1","N/A","0","false","-1","N/A","0","false","0","false","0","false",,"352647524","352647524","0","false","true",
"C","A","20230101","2023","52","2023","490","S19","Other Asia, nes","M","Import","0","W00","World","0","W00","World","H6","HS","true","2204","Wine of fresh grapes, including fortified wines; grape must other than that of heading no. 2009","4","false","C00","TOTAL CPC","0","0","TOTAL MOT","7","l","20268450","false","7","l","20268450","false","20264587.879","true","0","false","274658197.43",,"274658197.43","4","false","true",
"C","A","20230101","2023","52","2023","496","MNG","Mongolia","M","Import","0","W00","World","0","W00","World","H6","HS","true","2204","Wine of fresh grapes, including fortified wines; grape must other than that of heading no. 2009","4","false","C00","TOTAL CPC","0","0","TOTAL MOT","7","l","2571649.9","false","7","l","2571649.9","false","4107174","false","0","false","12358849.724",,"12358849.724","0","false","true",
"C","A","20230101","2023","52","2023","498","MDA","Rep. of Moldova","M","Import","0","W00","World","0","W00","World","H6","HS","true","2204","Wine of fresh grapes, including fortified wines; grape must other than that of heading no. 2009","4","false","C00","TOTAL CPC","0","0","TOTAL MOT","7","l","3405152","false","7","l","3405152","false","3388959.923","true","0","false","6110390",,"6110390","4","false","true",
"C","A","20230101","2023","52","2023","499","MNE","Montenegro","M","Import","0","W00","World","0","W00","World","H6","HS","true","2204","Wine of fresh grapes, including fortified wines; grape must other than that of heading no. 2009","4","false","C00","TOTAL CPC","0","0","TOTAL MOT","7","l","4702317.42","true","-1","N/A","0","false","4690272.54","false","0","false","14008878.502",,"14008878.502","2","false","true",
"C","A","20230101","2023","52","2023","500","MSR","Montserrat","M","Import","0","W00","World","0","W00","World","H5","HS","true","2204","Wine of fresh grapes, including fortified wines; grape must other than that of heading no. 2009","4","false","C00","TOTAL CPC","0","0","TOTAL MOT","7","l","8161.965","true","-1","N/A","0","false","7226","false","0","false","55970.133",,"55970.133","2","false","true",
"C","A","20230101","2023","52","2023","504","MAR","Morocco","M","Import","0","W00","World","0","W00","World","H6","HS","true","2204","Wine of fresh grapes, including fortified wines; grape must other than that of heading no. 2009","4","false","C00","TOTAL CPC","0","0","TOTAL MOT","7","l","35741776.625","true","-1","N/A","0","false","35741765.99","false","0","false","46833418.702",,"46833418.702","2","false","true",
"C","A","20230101","2023","52","2023","508","MOZ","Mozambique","M","Import","0","W00","World","0","W00","World","H6","HS","true","2204","Wine of fresh grapes, including fortified wines; grape must other than that of heading no. 2009","4","false","C00","TOTAL CPC","0","0","TOTAL MOT","7","l","2791264.75","false","7","l","2791264.75","false","4191749.303","true","0","false","8557000","7761000","8557000","4","false","true",
"C","A","20230101","2023","52","2023","512","OMN","Oman","M","Import","0","W00","World","0","W00","World","H6","HS","true","2204","Wine of fresh grapes, including fortified wines; grape must other than that of heading no. 2009","4","false","C00","TOTAL CPC","0","0","TOTAL MOT","7","l","1046195.918","true","-1","N/A","0","false","1069019.95","true","0","false","4956423.919",,"4956423.919","6","false","true",
"C","A","20230101","2023","52","2023","516","NAM","Namibia","M","Import","0","W00","World","0","W00","World","H6","HS","true","2204","Wine of fresh grapes, including fortified wines; grape must other than that of heading no. 2009","4","false","C00","TOTAL CPC","0","0","TOTAL MOT","7","l","12467220.66","false","7","l","12467220.66","false","15987850.405","false","0","false","47205665.057","44286578.596","47205665.057","0","false","true",
"C","A","20230101","2023","52","2023","528","NLD","Netherlands","M","Import","0","W00","World","0","W00","World","H6","HS","true","2204","Wine of fresh grapes, including fortified wines; grape must other than that of heading no. 2009","4","false","C00","TOTAL CPC","0","0","TOTAL MOT","7","l","438692864.469","true","-1","N/A","0","false","800212346.085","true","0","false","1602247659.301",,"1602247659.301","6","false","true",
"C","A","20230101","2023","52","2023","533","ABW","Aruba","M","Import","0","W00","World","0","W00","World","H4","HS","true","2204","Wine of fresh grapes, including fortified wines; grape must other than that of heading no. 2009","4","false","C00","TOTAL CPC","0","0","TOTAL MOT","7","l","3414751.12","true","-1","N/A","0","false","3414751.12","false","0","false","13865469.637",,"13865469.637","2","false","true",
"C","A","20230101","2023","52","2023","554","NZL","New Zealand","M","Import","0","W00","World","0","W00","World","H6","HS","true","2204","Wine of fresh grapes, including fortified wines; grape must other than that of heading no. 2009","4","false","C00","TOTAL CPC","0","0","TOTAL MOT","7","l","40350773.175","true","-1","N/A","0","false","40350773.175","true","56083397","false","154014773.594","145713353.133","154014773.594","6","false","true",
"C","A","20230101","2023","52","2023","558","NIC","Nicaragua","M","Import","0","W00","World","0","W00","World","H6","HS","true","2204","Wine of fresh grapes, including fortified wines; grape must other than that of heading no. 2009","4","false","C00","TOTAL CPC","0","0","TOTAL MOT","7","l","1560453.536","true","-1","N/A","0","false","1556406.72","false","0","false","4410457.33",,"4410457.33","2","false","true",
"C","A","20230101","2023","52","2023","562","NER","Niger","M","Import","0","W00","World","0","W00","World","H6","HS","true","2204","Wine of fresh grapes, including fortified wines; grape must other than that of heading no. 2009","4","false","C00","TOTAL CPC","0","0","TOTAL MOT","7","l","223083","true","-1","N/A","0","false","223083","false","0","false","137723.197",,"137723.197","2","false","true",
"C","A","20230101","2023","52","2023","566","NGA","Nigeria","M","Import","0","W00","World","0","W00","World","H6","HS","true","2204","Wine of fresh grapes, including fortified wines; grape must other than that of heading no. 2009","4","false","C00","TOTAL CPC","0","0","TOTAL MOT","7","l","8365385.28","true","-1","N/A","0","false","8365385.28","false","0","false","7382156.853",,"7382156.853","2","false","true",
"C","A","20230101","2023","52","2023","579","NOR","Norway","M","Import","0","W00","World","0","W00","World","H6","HS","true","2204","Wine of fresh grapes, including fortified wines; grape must other than that of heading no. 2009","4","false","C00","TOTAL CPC","0","0","TOTAL MOT","-1","N/A","0","false","-1","N/A","0","false","92191178","false","0","false","523735682.026",,"523735682.026","0","false","true",
"C","A","20230101","2023","52","2023","586","PAK","Pakistan","M","Import","0","W00","World","0","W00","World","H6","HS","true","2204","Wine of fresh grapes, including fortified wines; grape must other than that of heading no. 2009","4","false","C00","TOTAL CPC","0","0","TOTAL MOT","7","l","20154","false","7","l","20154","false","20154","false","0","false","76058.065",,"76058.065","0","false","true",
"C","A","20230101","2023","52","2023","591","PAN","Panama","M","Import","0","W00","World","0","W00","World","H6","HS","true","2204","Wine of fresh grapes, including fortified wines; grape must other than that of heading no. 2009","4","false","C00","TOTAL CPC","0","0","TOTAL MOT","7","l","4824237.22","true","-1","N/A","0","false","4817680","false","9635360","false","25258673",,"25258673","2","false","true",
"C","A","20230101","2023","52","2023","598","PNG","Papua New Guinea","M","Import","0","W00","World","0","W00","World","H6","HS","true","2204","Wine of fresh grapes, including fortified wines; grape must other than that of heading no. 2009","4","false","C00","TOTAL CPC","0","0","TOTAL MOT","7","l","311946.443","false","7","l","311946.443","false","311946.443","false","0","false","3576950.905",,"3576950.905","0","false","true",
"C","A","20230101","2023","52","2023","600","PRY","Paraguay","M","Import","0","W00","World","0","W00","World","H6","HS","true","2204","Wine of fresh grapes, including fortified wines; grape must other than that of heading no. 2009","4","false","C00","TOTAL CPC","0","0","TOTAL MOT","7","l","12095926.596","true","-1","N/A","0","false","12071039.78","false","0","false","37521053.513","35309761.99","37521053.513","2","false","true",
"C","A","20230101","2023","52","2023","604","PER","Peru","M","Import","0","W00","World","0","W00","World","H6","HS","true","2204","Wine of fresh grapes, including fortified wines; grape must other than that of heading no. 2009","4","false","C00","TOTAL CPC","0","0","TOTAL MOT","7","l","10573001.32","true","-1","N/A","0","false","12431401.23","false","0","false","45661610.21",,"45661610.21","2","false","true",
"C","A","20230101","2023","52","2023","608","PHL","Philippines","M","Import","0","W00","World","0","W00","World","H5","HS","true","2204","Wine of fresh grapes, including fortified wines; grape must other than that of heading no. 2009","4","false","C00","TOTAL CPC","0","0","TOTAL MOT","7","l","14935391.43","false","7","l","14935391.43","false","14935391.43","false","24696513.72","false","53893416","49120768","53893416","0","false","true",
"C","A","20230101","2023","52","2023","616","POL","Poland","M","Import","0","W00","World","0","W00","World","H6","HS","true","2204","Wine of fresh grapes, including fortified wines; grape must other than that of heading no. 2009","4","false","C00","TOTAL CPC","0","0","TOTAL MOT","7","l","149974648.031","true","-1","N/A","0","false","149967740.953","true","0","false","425979771",,"425979771","6","false","true",
"C","A","20230101","2023","52","2023","620","PRT","Portugal","M","Import","0","W00","World","0","W00","World","H6","HS","true","2204","Wine of fresh grapes, including fortified wines; grape must other than that of heading no. 2009","4","false","C00","TOTAL CPC","0","0","TOTAL MOT","7","l","289460855.001","true","-1","N/A","0","false","289399389.05","true","0","false","213638772.075",,"213638772.075","6","false","true",
"C","A","20230101","2023","52","2023","626","TLS","Timor-Leste","M","Import","0","W00","World","0","W00","World","H5","HS","true","2204","Wine of fresh grapes, including fortified wines; grape must other than that of heading no. 2009","4","false","C00","TOTAL CPC","0","0","TOTAL MOT","-1","N/A","0","false","-1","N/A","0","false","322472.44","false","0","false","1125440.87",,"1125440.87","0","false","true",
"C","A","20230101","2023","52","2023","634","QAT","Qatar","M","Import","0","W00","World","0","W00","World","H6","HS","true","2204","Wine of fresh grapes, including fortified wines; grape must other than that of heading no. 2009","4","false","C00","TOTAL CPC","0","0","TOTAL MOT","7","l","886348.816","true","-1","N/A","0","false","901541.644","true","0","false","4059680.286",,"4059680.286","6","false","true",
"C","A","20230101","2023","52","2023","642","ROU","Romania","M","Import","0","W00","World","0","W00","World","H6","HS","true","2204","Wine of fresh grapes, including fortified wines; grape must other than that of heading no. 2009","4","false","C00","TOTAL CPC","0","0","TOTAL MOT","7","l","61011958.4","true","-1","N/A","0","false","60572179.057","true","0","false","142141263.06","136411960.81","142141263.06","6","false","true",
"C","A","20230101","2023","52","2023","670","VCT","Saint Vincent and the Grenadines","M","Import","0","W00","World","0","W00","World","H6","HS","true","2204","Wine of fresh grapes, including fortified wines; grape must other than that of heading no. 2009","4","false","C00","TOTAL CPC","0","0","TOTAL MOT","7","l","302237.08","true","-1","N/A","0","false","302237.08","false","0","false","2113096.457",,"2113096.457","2","false","true",
"C","A","20230101","2023","52","2023","678","STP","Sao Tome and Principe","M","Import","0","W00","World","0","W00","World","H5","HS","true","2204","Wine of fresh grapes, including fortified wines; grape must other than that of heading no. 2009","4","false","C00","TOTAL CPC","0","0","TOTAL MOT","7","l","1879293.812","true","-1","N/A","0","false","2759687.95","false","3255094.45","false","3902907.115",,"3902907.115","2","false","true",
"C","A","20230101","2023","52","2023","686","SEN","Senegal","M","Import","0","W00","World","0","W00","World","H6","HS","true","2204","Wine of fresh grapes, including fortified wines; grape must other than that of heading no. 2009","4","false","C00","TOTAL CPC","0","0","TOTAL MOT","7","l","5520852.943","true","-1","N/A","0","false","5520873","false","0","false","6004630.927",,"6004630.927","2","false","true",
"C","A","20230101","2023","52","2023","688","SRB","Serbia","M","Import","0","W00","World","0","W00","World","H6","HS","true","2204","Wine of fresh grapes, including fortified wines; grape must other than that of heading no. 2009","4","false","C00","TOTAL CPC","0","0","TOTAL MOT","7","l","20240723.386","true","-1","N/A","0","false","21010932.346","true","0","false","46071909","45711572","46071909","6","false","true",
"C","A","20230101","2023","52","2023","690","SYC","Seychelles","M","Import","0","W00","World","0","W00","World","H5","HS","true","2204","Wine of fresh grapes, including fortified wines; grape must other than that of heading no. 2009","4","false","C00","TOTAL CPC","0","0","TOTAL MOT","7","l","2173879.959","true","-1","N/A","0","false","2151292.292","false","0","false","8683545.232",,"8683545.232","2","false","true",
"C","A","20230101","2023","52","2023","699","IND","India","M","Import","0","W00","World","0","W00","World","H6","HS","true","2204","Wine of fresh grapes, including fortified wines; grape must other than that of heading no. 2009","4","false","C00","TOTAL CPC","0","0","TOTAL MOT","7","l","6741428","false","7","l","6741428","false","6741428","false","0","false","435869531.94",,"435869531.94","0","false","true",
"C","A","20230101","2023","52","2023","702","SGP","Singapore","M","Import","0","W00","World","0","W00","World","H6","HS","true","2204","Wine of fresh grapes, including fortified wines; grape must other than that of heading no. 2009","4","false","C00","TOTAL CPC","0","0","TOTAL MOT","7","l","37330127.448","true","-1","N/A","0","false","37486939.878","true","0","false","980517096.023",,"980517096.023","6","false","true",
"C","A","20230101","2023","52","2023","703","SVK","Slovakia","M","Import","0","W00","World","0","W00","World","H6","HS","true","2204","Wine of fresh grapes, including fortified wines; grape must other than that of heading no. 2009","4","false","C00","TOTAL CPC","0","0","TOTAL MOT","7","l","65191532.965","true","-1","N/A","0","false","65861649.805","true","0","false","93849614.895","92874603.623","93849614.895","6","false","true",
"C","A","20230101","2023","52","2023","704","VNM","Viet Nam","M","Import","0","W00","World","0","W00","World","H6","HS","true","2204","Wine of fresh grapes, including fortified wines; grape must other than that of heading no. 2009","4","false","C00","TOTAL CPC","0","0","TOTAL MOT","-1","N/A","0","false","-1","N/A","0","false","7698685.223","true","0","false","25965103.792",,"25965103.792","4","false","true",
"C","A","20230101","2023","52","2023","705","SVN","Slovenia","M","Import","0","W00","World","0","W00","World","H6","HS","true","2204","Wine of fresh grapes, including fortified wines; grape must other than that of heading no. 2009","4","false","C00","TOTAL CPC","0","0","TOTAL MOT","7","l","10827684.344","false","7","l","10827684.344","false","11140718.795","false","0","false","22127477.197",,"22127477.197","0","false","true",
"C","A","20230101","2023","52","2023","710","ZAF","South Africa","M","Import","0","W00","World","0","W00","World","H6","HS","true","2204","Wine of fresh grapes, including fortified wines; grape must other than that of heading no. 2009","4","false","C00","TOTAL CPC","0","0","TOTAL MOT","7","l","3304390.91","false","7","l","3304390.91","false","3304390.91","false","0","false",,"54358199.189","54358199.189","0","false","true",
"C","A","20230101","2023","52","2023","716","ZWE","Zimbabwe","M","Import","0","W00","World","0","W00","World","H6","HS","true","2204","Wine of fresh grapes, including fortified wines; grape must other than that of heading no. 2009","4","false","C00","TOTAL CPC","0","0","TOTAL MOT","7","l","2056401.05","true","-1","N/A","0","false","3194092.54","false","0","false","5565176.34",,"5565176.34","2","false","true",
"C","A","20230101","2023","52","2023","724","ESP","Spain","M","Import","0","W00","World","0","W00","World","H6","HS","true","2204","Wine of fresh grapes, including fortified wines; grape must other than that of heading no. 2009","4","false","C00","TOTAL CPC","0","0","TOTAL MOT","7","l","53741378.367","true","-1","N/A","0","false","54846307.694","true","0","false","320687214.966",,"320687214.966","6","false","true",
"C","A","20230101","2023","52","2023","740","SUR","Suriname","M","Import","0","W00","World","0","W00","World","H3","HS","true","2204","Wine of fresh grapes, including fortified wines; grape must other than that of heading no. 2009","4","false","C00","TOTAL CPC","0","0","TOTAL MOT","7","l","528952.115","true","-1","N/A","0","false","571682.07","false","732839.77","false","1223097.523",,"1223097.523","2","false","true",
"C","A","20230101","2023","52","2023","748","SWZ","Eswatini","M","Import","0","W00","World","0","W00","World","H6","HS","true","2204","Wine of fresh grapes, including fortified wines; grape must other than that of heading no. 2009","4","false","C00","TOTAL CPC","0","0","TOTAL MOT","-1","N/A","0","false","-1","N/A","0","false","3018467.59","false","0","false","6885042.46",,"6885042.46","0","false","true",
"C","A","20230101","2023","52","2023","752","SWE","Sweden","M","Import","0","W00","World","0","W00","World","H6","HS","true","2204","Wine of fresh grapes, including fortified wines; grape must other than that of heading no. 2009","4","false","C00","TOTAL CPC","0","0","TOTAL MOT","7","l","196196911.212","true","-1","N/A","0","false","187982109.916","true","0","false","811115815.069",,"811115815.069","6","false","true",
"C","A","20230101","2023","52","2023","757","CHE","Switzerland","M","Import","0","W00","World","0","W00","World","H6","HS","true","2204","Wine of fresh grapes, including fortified wines; grape must other than that of heading no. 2009","4","false","C00","TOTAL CPC","0","0","TOTAL MOT","7","l","168775134.257","true","-1","N/A","0","false","168775134.257","true","0","false","1374295089.889",,"1374295089.889","6","false","true",
"C","A","20230101","2023","52","2023","762","TJK","Tajikistan","M","Import","0","W00","World","0","W00","World","H4","HS","true","2204","Wine of fresh grapes, including fortified wines; grape must other than that of heading no. 2009","4","false","C00","TOTAL CPC","0","0","TOTAL MOT","7","l","202048.48","false","7","l","202048.48","false","202048.48","false","0","false","967857",,"967857","0","false","true",
"C","A","20230101","2023","52","2023","764","THA","Thailand","M","Import","0","W00","World","0","W00","World","H6","HS","true","2204","Wine of fresh grapes, including fortified wines; grape must other than that of heading no. 2009","4","false","C00","TOTAL CPC","0","0","TOTAL MOT","7","l","17597129","false","7","l","17597129","false","21201538.643","true","0","false","112371557.266",,"112371557.266","4","false","true",
"C","A","20230101","2023","52","2023","768","TGO","Togo","M","Import","0","W00","World","0","W00","World","H5","HS","true","2204","Wine of fresh grapes, including fortified wines; grape must other than that of heading no. 2009","4","false","C00","TOTAL CPC","0","0","TOTAL MOT","7","l","15079152.016","true","-1","N/A","0","false","15078200","false","0","false","11080270.471",,"11080270.471","2","false","true",
"C","A","20230101","2023","52","2023","776","TON","Tonga","M","Import","0","W00","World","0","W00","World","H5","HS","true","2204","Wine of fresh grapes, including fortified wines; grape must other than that of heading no. 2009","4","false","C00","TOTAL CPC","0","0","TOTAL MOT","7","l","262535.932","true","-1","N/A","0","false","269372.538","true","0","false","841296.466",,"841296.466","6","false","true",
"C","A","20230101","2023","52","2023","780","TTO","Trinidad and Tobago","M","Import","0","W00","World","0","W00","World","H4","HS","true","2204","Wine of fresh grapes, including fortified wines; grape must other than that of heading no. 2009","4","false","C00","TOTAL CPC","0","0","TOTAL MOT","7","l","816834","true","-1","N/A","0","false","1209482","false","0","false","6854581.717",,"6854581.717","2","false","true",
"C","A","20230101","2023","52","2023","784","ARE","United Arab Emirates","M","Import","0","W00","World","0","W00","World","H6","HS","true","2204","Wine of fresh grapes, including fortified wines; grape must other than that of heading no. 2009","4","false","C00","TOTAL CPC","0","0","TOTAL MOT","7","l","50973778.128","true","-1","N/A","0","false","51124448.93","false","0","false","388912233.758",,"388912233.758","2","false","true",
"C","A","20230101","2023","52","2023","788","TUN","Tunisia","M","Import","0","W00","World","0","W00","World","H6","HS","true","2204","Wine of fresh grapes, including fortified wines; grape must other than that of heading no. 2009","4","false","C00","TOTAL CPC","0","0","TOTAL MOT","7","l","88708.545","true","-1","N/A","0","false","88344","false","0","false","1159658.372",,"1159658.372","2","false","true",
"C","A","20230101","2023","52","2023","792","TUR","Türkiye","M","Import","0","W00","World","0","W00","World","H6","HS","true","2204","Wine of fresh grapes, including fortified wines; grape must other than that of heading no. 2009","4","false","C00","TOTAL CPC","0","0","TOTAL MOT","7","l","14496652","false","7","l","14496652","false","14563661","false","0","false","72925260","66266310.13","72925260","0","false","true",
"C","A","20230101","2023","52","2023","800","UGA","Uganda","M","Import","0","W00","World","0","W00","World","H6","HS","true","2204","Wine of fresh grapes, including fortified wines; grape must other than that of heading no. 2009","4","false","C00","TOTAL CPC","0","0","TOTAL MOT","7","l","2386529.81","false","7","l","2386529.81","false","3030490.99","false","0","false","5795351.02",,"5795351.02","0","false","true",
"C","A","20230101","2023","52","2023","804","UKR","Ukraine","M","Import","0","W00","World","0","W00","World","H6","HS","true","2204","Wine of fresh grapes, including fortified wines; grape must other than that of heading no. 2009","4","false","C00","TOTAL CPC","0","0","TOTAL MOT","7","l","51346471.717","true","-1","N/A","0","false","61790167.68","true","0","false","179859418.22",,"179859418.22","6","false","true",
"C","A","20230101","2023","52","2023","807","MKD","North Macedonia","M","Import","0","W00","World","0","W00","World","H6","HS","true","2204","Wine of fresh grapes, including fortified wines; grape must other than that of heading no. 2009","4","false","C00","TOTAL CPC","0","0","TOTAL MOT","7","l","1029116","false","7","l","1029116","false","1036837","false","0","false","1967799.966",,"1967799.966","0","false","true",
"C","A","20230101","2023","52","2023","818","EGY","Egypt","M","Import","0","W00","World","0","W00","World","H6","HS","true","2204","Wine of fresh grapes, including fortified wines; grape must other than that of heading no. 2009","4","false","C00","TOTAL CPC","0","0","TOTAL MOT","-1","N/A","0","false","-1","N/A","0","false","2481.571","true","0","false","14451.351",,"14451.351","4","false","true",
"C","A","20230101","2023","52","2023","826","GBR","United Kingdom","M","Import","0","W00","World","0","W00","World","H6","HS","true","2204","Wine of fresh grapes, including fortified wines; grape must other than that of heading no. 2009","4","false","C00","TOTAL CPC","0","0","TOTAL MOT","-1","N/A","0","false","-1","N/A","0","false",,"false","0","false","5051536345.835",,"5051536345.835","0","false","true",
"C","A","20230101","2023","52","2023","834","TZA","United Rep. of Tanzania","M","Import","0","W00","World","0","W00","World","H6","HS","true","2204","Wine of fresh grapes, including fortified wines; grape must other than that of heading no. 2009","4","false","C00","TOTAL CPC","0","0","TOTAL MOT","7","l","3424317.94","false","7","l","3424317.94","false","6551896.675","true","0","false","9412360.11","8552141.38","9412360.11","4","false","true",
"C","A","20230101","2023","52","2023","842","USA","USA","M","Import","0","W00","World","0","W00","World","H6","HS","true","2204","Wine of fresh grapes, including fortified wines; grape must other than that of heading no. 2009","4","false","C00","TOTAL CPC","0","0","TOTAL MOT","7","l","1226580796.828","true","-1","N/A","0","false","1226580796.828","true","0","false","6991393598","6689623389","6991393598","6","false","true",
"C","A","20230101","2023","52","2023","854","BFA","Burkina Faso","M","Import","0","W00","World","0","W00","World","H6","HS","true","2204","Wine of fresh grapes, including fortified wines; grape must other than that of heading no. 2009","4","false","C00","TOTAL CPC","0","0","TOTAL MOT","7","l","8964828.826","true","-1","N/A","0","false","9374917","false","0","false","3290396.359",,"3290396.359","2","false","true",
"C","A","20230101","2023","52","2023","858","URY","Uruguay","M","Import","0","W00","World","0","W00","World","H6","HS","true","2204","Wine of fresh grapes, including fortified wines; grape must other than that of heading no. 2009","4","false","C00","TOTAL CPC","0","0","TOTAL MOT","7","l","3743015.34","true","-1","N/A","0","false","3793821.354","true","0","false","13714026.68","12994082.86","13714026.68","6","false","true",
"C","A","20230101","2023","52","2023","860","UZB","Uzbekistan","M","Import","0","W00","World","0","W00","World","H6","HS","true","2204","Wine of fresh grapes, including fortified wines; grape must other than that of heading no. 2009","4","false","C00","TOTAL CPC","0","0","TOTAL MOT","7","l","386174.35","false","7","l","386174.35","false","386174.35","false","0","false","3037703.91",,"3037703.91","0","false","true",
"C","A","20230101","2023","52","2023","882","WSM","Samoa","M","Import","0","W00","World","0","W00","World","H5","HS","true","2204","Wine of fresh grapes, including fortified wines; grape must other than that of heading no. 2009","4","false","C00","TOTAL CPC","0","0","TOTAL MOT","7","l","30107.028","true","-1","N/A","0","false","28733.65","false","0","false","79019.72",,"79019.72","2","false","true",
"C","A","20230101","2023","52","2023","894","ZMB","Zambia","M","Import","0","W00","World","0","W00","World","H6","HS","true","2204","Wine of fresh grapes, including fortified wines; grape must other than that of heading no. 2009","4","false","C00","TOTAL CPC","0","0","TOTAL MOT","7","l","2487226.894","true","-1","N/A","0","false","3173955.741","false","0","false","5131476.999","80195.943","5131476.999","2","false","true",
"C","A","20240101","2024","52","2024","8","ALB","Albania","M","Import","0","W00","World","0","W00","World","H6","HS","true","2204","Wine of fresh grapes, including fortified wines; grape must other than that of heading no. 2009","4","false","C00","TOTAL CPC","0","0","TOTAL MOT","-1","N/A","0","true","-1","N/A","0","false","0","false","0","false","24023449.014",,"24023449.014","2","false","true",
"C","A","20240101","2024","52","2024","24","AGO","Angola","M","Import","0","W00","World","0","W00","World","H6","HS","true","2204","Wine of fresh grapes, including fortified wines; grape must other than that of heading no. 2009","4","false","C00","TOTAL CPC","0","0","TOTAL MOT","-1","N/A","0","false","-1","N/A","0","false",,"false","0","false","50869267.77",,"50869267.77","0","false","true",
"C","A","20240101","2024","52","2024","28","ATG","Antigua and Barbuda","M","Import","0","W00","World","0","W00","World","H3","HS","true","2204","Wine of fresh grapes, including fortified wines; grape must other than that of heading no. 2009","4","false","C00","TOTAL CPC","0","0","TOTAL MOT","7","l","1628969.703","true","-1","N/A","0","false","1621566.453","true","0","false","5236364.998",,"5236364.998","6","false","true",
"C","A","20240101","2024","52","2024","31","AZE","Azerbaijan","M","Import","0","W00","World","0","W00","World","H6","HS","true","2204","Wine of fresh grapes, including fortified wines; grape must other than that of heading no. 2009","4","false","C00","TOTAL CPC","0","0","TOTAL MOT","7","l","755299.8","false","7","l","755299.8","false","941091.09","false","0","false","6117272.03",,"6117272.03","0","false","true",
"C","A","20240101","2024","52","2024","32","ARG","Argentina","M","Import","0","W00","World","0","W00","World","H6","HS","true","2204","Wine of fresh grapes, including fortified wines; grape must other than that of heading no. 2009","4","false","C00","TOTAL CPC","0","0","TOTAL MOT","7","l","5385184.08","false","7","l","5385184.08","false","5382370.39","false","0","false","10104215.08","9364290.44","10104215.08","0","false","true",
"C","A","20240101","2024","52","2024","36","AUS","Australia","M","Import","0","W00","World","0","W00","World","H6","HS","true","2204","Wine of fresh grapes, including fortified wines; grape must other than that of heading no. 2009","4","false","C00","TOTAL CPC","0","0","TOTAL MOT","7","l","98184495.02","true","-1","N/A","0","false","98184008.228","true","0","false","631388758.138","606130797.24","631388758.138","6","false","true",
"C","A","20240101","2024","52","2024","40","AUT","Austria","M","Import","0","W00","World","0","W00","World","H6","HS","true","2204","Wine of fresh grapes, including fortified wines; grape must other than that of heading no. 2009","4","false","C00","TOTAL CPC","0","0","TOTAL MOT","7","l","81601561.298","true","-1","N/A","0","false","80668286","false","0","false","324064980.319",,"324064980.319","2","false","true",
"C","A","20240101","2024","52","2024","44","BHS","Bahamas","M","Import","0","W00","World","0","W00","World","H6","HS","true","2204","Wine of fresh grapes, including fortified wines; grape must other than that of heading no. 2009","4","false","C00","TOTAL CPC","0","0","TOTAL MOT","-1","N/A","0","false","-1","N/A","0","false",,"false","0","false","22891959",,"22891959","0","false","true",
"C","A","20240101","2024","52","2024","48","BHR","Bahrain","M","Import","0","W00","World","0","W00","World","H6","HS","true","2204","Wine of fresh grapes, including fortified wines; grape must other than that of heading no. 2009","4","false","C00","TOTAL CPC","0","0","TOTAL MOT","7","l","1713132.341","false","7","l","1713132.341","false","1713132.341","false","0","false","8383463.302",,"8383463.302","0","false","true",
"C","A","20240101","2024","52","2024","51","ARM","Armenia","M","Import","0","W00","World","0","W00","World","H6","HS","true","2204","Wine of fresh grapes, including fortified wines; grape must other than that of heading no. 2009","4","false","C00","TOTAL CPC","0","0","TOTAL MOT","7","l","1188426.34","false","7","l","1188426.34","false","1579814.14","false","0","false","7780906.38",,"7780906.38","0","false","true",
"C","A","20240101","2024","52","2024","52","BRB","Barbados","M","Import","0","W00","World","0","W00","World","H6","HS","true","2204","Wine of fresh grapes, including fortified wines; grape must other than that of heading no. 2009","4","false","C00","TOTAL CPC","0","0","TOTAL MOT","7","l","2680073","true","-1","N/A","0","false","2680073","false","0","false","11870346.5",,"11870346.5","2","false","true",
"C","A","20240101","2024","52","2024","56","BEL","Belgium","M","Import","0","W00","World","0","W00","World","H6","HS","true","2204","Wine of fresh grapes, including fortified wines; grape must other than that of heading no. 2009","4","false","C00","TOTAL CPC","0","0","TOTAL MOT","7","l","214669422.834","true","-1","N/A","0","false","381357544.371","true","0","false","1035183250.603",,"1035183250.603","6","false","true",
"C","A","20240101","2024","52","2024","60","BMU","Bermuda","M","Import","0","W00","World","0","W00","World","H6","HS","true","2204","Wine of fresh grapes, including fortified wines; grape must other than that of heading no. 2009","4","false","C00","TOTAL CPC","0","0","TOTAL MOT","7","l","1051203.391","true","-1","N/A","0","false","1047827.43","false","0","false","15787167.92",,"15787167.92","2","false","true",
"C","A","20240101","2024","52","2024","68","BOL","Bolivia (Plurinational State of)","M","Import","0","W00","World","0","W00","World","H6","HS","true","2204","Wine of fresh grapes, including fortified wines; grape must other than that of heading no. 2009","4","false","C00","TOTAL CPC","0","0","TOTAL MOT","-1","N/A","0","false","-1","N/A","0","false",,"false","502410","false","1732267","1664327","1732267","0","false","true",
"C","A","20240101","2024","52","2024","70","BIH","Bosnia Herzegovina","M","Import","0","W00","World","0","W00","World","H6","HS","true","2204","Wine of fresh grapes, including fortified wines; grape must other than that of heading no. 2009","4","false","C00","TOTAL CPC","0","0","TOTAL MOT","7","l","8729159.752","true","-1","N/A","0","false","8938114.59","false","0","false","25909348.262",,"25909348.262","2","false","true",
"C","A","20240101","2024","52","2024","76","BRA","Brazil","M","Import","0","W00","World","0","W00","World","H6","HS","true","2204","Wine of fresh grapes, including fortified wines; grape must other than that of heading no. 2009","4","false","C00","TOTAL CPC","0","0","TOTAL MOT","7","l","159552308","false","7","l","159552308","false","160272162","false","0","false","544250604","523354627","544250604","0","false","true",
"C","A","20240101","2024","52","2024","84","BLZ","Belize","M","Import","0","W00","World","0","W00","World","H6","HS","true","2204","Wine of fresh grapes, including fortified wines; grape must other than that of heading no. 2009","4","false","C00","TOTAL CPC","0","0","TOTAL MOT","7","l","656399.743","true","-1","N/A","0","false","656306.762","true","0","false","2561136.29",,"2561136.29","6","false","true",
"C","A","20240101","2024","52","2024","96","BRN","Brunei Darussalam","M","Import","0","W00","World","0","W00","World","H6","HS","true","2204","Wine of fresh grapes, including fortified wines; grape must other than that of heading no. 2009","4","false","C00","TOTAL CPC","0","0","TOTAL MOT","7","l","3355","false","7","l","3355","false","3355","false","0","false","35987.793",,"35987.793","0","false","true",
"C","A","20240101","2024","52","2024","100","BGR","Bulgaria","M","Import","0","W00","World","0","W00","World","H6","HS","true","2204","Wine of fresh grapes, including fortified wines; grape must other than that of heading no. 2009","4","false","C00","TOTAL CPC","0","0","TOTAL MOT","7","l","14848291","false","7","l","14848291","false","14769449.492","true","0","false","43322418.422",,"43322418.422","4","false","true",
"C","A","20240101","2024","52","2024","104","MMR","Myanmar","M","Import","0","W00","World","0","W00","World","H6","HS","true","2204","Wine of fresh grapes, including fortified wines; grape must other than that of heading no. 2009","4","false","C00","TOTAL CPC","0","0","TOTAL MOT","7","l","1064881","false","7","l","1064881","false","1064881","false","0","false","1371777.61",,"1371777.61","0","false","true",
"C","A","20240101","2024","52","2024","116","KHM","Cambodia","M","Import","0","W00","World","0","W00","World","H6","HS","true","2204","Wine of fresh grapes, including fortified wines; grape must other than that of heading no. 2009","4","false","C00","TOTAL CPC","0","0","TOTAL MOT","7","l","1248674.776","false","7","l","1248674.776","false","1312089.88","false","0","false","5189332.39",,"5189332.39","0","false","true",
"C","A","20240101","2024","52","2024","124","CAN","Canada","M","Import","0","W00","World","0","W00","World","H6","HS","true","2204","Wine of fresh grapes, including fortified wines; grape must other than that of heading no. 2009","4","false","C00","TOTAL CPC","0","0","TOTAL MOT","7","l","377934267","false","7","l","377934267","false","377934286.523","true","0","false",,"2012563282.382","2012563282.382","4","false","true",
"C","A","20240101","2024","52","2024","132","CPV","Cabo Verde","M","Import","0","W00","World","0","W00","World","H5","HS","true","2204","Wine of fresh grapes, including fortified wines; grape must other than that of heading no. 2009","4","false","C00","TOTAL CPC","0","0","TOTAL MOT","7","l","4700350","false","7","l","4700350","false","5002800","false","0","false","4389013.548",,"4389013.548","0","false","true",
"C","A","20240101","2024","52","2024","136","CYM","Cayman Isds","M","Import","0","W00","World","0","W00","World","H5","HS","true","2204","Wine of fresh grapes, including fortified wines; grape must other than that of heading no. 2009","4","false","C00","TOTAL CPC","0","0","TOTAL MOT","7","l","3240592.347","true","-1","N/A","0","false","3311000.999","true","0","false","15152468.111",,"15152468.111","6","false","true",
"C","A","20240101","2024","52","2024","140","CAF","Central African Rep.","M","Import","0","W00","World","0","W00","World","H6","HS","true","2204","Wine of fresh grapes, including fortified wines; grape must other than that of heading no. 2009","4","false","C00","TOTAL CPC","0","0","TOTAL MOT","7","l","180298.225","true","-1","N/A","0","false","181134.45","false","0","false","501839.52",,"501839.52","2","false","true",
"C","A","20240101","2024","52","2024","144","LKA","Sri Lanka","M","Import","0","W00","World","0","W00","World","H6","HS","true","2204","Wine of fresh grapes, including fortified wines; grape must other than that of heading no. 2009","4","false","C00","TOTAL CPC","0","0","TOTAL MOT","7","l","1716078","false","7","l","1716078","false","1716078.327","true","0","false","8921768.328",,"8921768.328","4","false","true",
"C","A","20240101","2024","52","2024","152","CHL","Chile","M","Import","0","W00","World","0","W00","World","H6","HS","true","2204","Wine of fresh grapes, including fortified wines; grape must other than that of heading no. 2009","4","false","C00","TOTAL CPC","0","0","TOTAL MOT","7","l","7687370.898","true","-1","N/A","0","false","7687370.898","true","0","false","11157682.078","10570694.446","11157682.078","6","false","true",
"C","A","20240101","2024","52","2024","156","CHN","China","M","Import","0","W00","World","0","W00","World","H6","HS","true","2204","Wine of fresh grapes, including fortified wines; grape must other than that of heading no. 2009","4","false","C00","TOTAL CPC","0","0","TOTAL MOT","7","l","282753413","false","7","l","282753413","false","281284904","false","0","false","1591749689",,"1591749689","0","false","true",
"C","A","20240101","2024","52","2024","170","COL","Colombia","M","Import","0","W00","World","0","W00","World","H6","HS","true","2204","Wine of fresh grapes, including fortified wines; grape must other than that of heading no. 2009","4","false","C00","TOTAL CPC","0","0","TOTAL MOT","7","l","25643032.13","false","7","l","25643032.13","false","25496153.16","false","0","false","80714561.02",,"80714561.02","0","false","true",
"C","A","20240101","2024","52","2024","188","CRI","Costa Rica","M","Import","0","W00","World","0","W00","World","H6","HS","true","2204","Wine of fresh grapes, including fortified wines; grape must other than that of heading no. 2009","4","false","C00","TOTAL CPC","0","0","TOTAL MOT","7","l","12660574.09","true","-1","N/A","0","false","12684618.52","false","0","false","38388242.91",,"38388242.91","2","false","true",
"C","A","20240101","2024","52","2024","191","HRV","Croatia","M","Import","0","W00","World","0","W00","World","H6","HS","true","2204","Wine of fresh grapes, including fortified wines; grape must other than that of heading no. 2009","4","false","C00","TOTAL CPC","0","0","TOTAL MOT","7","l","33018229.059","true","-1","N/A","0","false","32962493.05","true","0","false","60461040",,"60461040","6","false","true",
"C","A","20240101","2024","52","2024","196","CYP","Cyprus","M","Import","0","W00","World","0","W00","World","H6","HS","true","2204","Wine of fresh grapes, including fortified wines; grape must other than that of heading no. 2009","4","false","C00","TOTAL CPC","0","0","TOTAL MOT","7","l","6962581.445","true","-1","N/A","0","false","6848914.389","true","0","false","42786296.096",,"42786296.096","6","false","true",
"C","A","20240101","2024","52","2024","203","CZE","Czechia","M","Import","0","W00","World","0","W00","World","H6","HS","true","2204","Wine of fresh grapes, including fortified wines; grape must other than that of heading no. 2009","4","false","C00","TOTAL CPC","0","0","TOTAL MOT","7","l","164800424","false","7","l","164800424","false","174393831.565","true","0","false","316627987","304290910","316627987","4","false","true",
"C","A","20240101","2024","52","2024","204","BEN","Benin","M","Import","0","W00","World","0","W00","World","H6","HS","true","2204","Wine of fresh grapes, including fortified wines; grape must other than that of heading no. 2009","4","false","C00","TOTAL CPC","0","0","TOTAL MOT","7","l","2590490.06","true","-1","N/A","0","false","2592047.19","false","0","false","3065283.415",,"3065283.415","2","false","true",
"C","A","20240101","2024","52","2024","208","DNK","Denmark","M","Import","0","W00","World","0","W00","World","H6","HS","true","2204","Wine of fresh grapes, including fortified wines; grape must other than that of heading no. 2009","4","false","C00","TOTAL CPC","0","0","TOTAL MOT","7","l","187803598.736","true","-1","N/A","0","false","190509296.776","true","0","false","782564645.419",,"782564645.419","6","false","true",
"C","A","20240101","2024","52","2024","214","DOM","Dominican Rep.","M","Import","0","W00","World","0","W00","World","H6","HS","true","2204","Wine of fresh grapes, including fortified wines; grape must other than that of heading no. 2009","4","false","C00","TOTAL CPC","0","0","TOTAL MOT","7","l","13768827.14","false","7","l","13768827.14","false","24884131.999","true","0","false","93436605.783","87833927.097","93436605.783","4","false","true",
"C","A","20240101","2024","52","2024","218","ECU","Ecuador","M","Import","0","W00","World","0","W00","World","H6","HS","true","2204","Wine of fresh grapes, including fortified wines; grape must other than that of heading no. 2009","4","false","C00","TOTAL CPC","0","0","TOTAL MOT","7","l","12327345.281","true","-1","N/A","0","false","13043314.944","false","0","false","30931386.739",,"30931386.739","2","false","true",
"C","A","20240101","2024","52","2024","222","SLV","El Salvador","M","Import","0","W00","World","0","W00","World","H6","HS","true","2204","Wine of fresh grapes, including fortified wines; grape must other than that of heading no. 2009","4","false","C00","TOTAL CPC","0","0","TOTAL MOT","7","l","3215994.786","true","-1","N/A","0","false","3219044.23","false","0","false","8003949.97",,"8003949.97","2","false","true",
"C","A","20240101","2024","52","2024","233","EST","Estonia","M","Import","0","W00","World","0","W00","World","H6","HS","true","2204","Wine of fresh grapes, including fortified wines; grape must other than that of heading no. 2009","4","false","C00","TOTAL CPC","0","0","TOTAL MOT","-1","N/A","0","false","-1","N/A","0","false",,"false","0","false","108570265.98",,"108570265.98","0","false","true",
"C","A","20240101","2024","52","2024","242","FJI","Fiji","M","Import","0","W00","World","0","W00","World","H6","HS","true","2204","Wine of fresh grapes, including fortified wines; grape must other than that of heading no. 2009","4","false","C00","TOTAL CPC","0","0","TOTAL MOT","7","l","2108951.56","false","7","l","2108951.56","false","2108951.56","false","0","false","8903644.08",,"8903644.08","0","false","true",
"C","A","20240101","2024","52","2024","246","FIN","Finland","M","Import","0","W00","World","0","W00","World","H6","HS","true","2204","Wine of fresh grapes, including fortified wines; grape must other than that of heading no. 2009","4","false","C00","TOTAL CPC","0","0","TOTAL MOT","7","l","77266772.267","true","-1","N/A","0","false","76935951.803","true","0","false","251796850.284",,"251796850.284","6","false","true",
"C","A","20240101","2024","52","2024","251","FRA","France","M","Import","0","W00","World","0","W00","World","H6","HS","true","2204","Wine of fresh grapes, including fortified wines; grape must other than that of heading no. 2009","4","false","C00","TOTAL CPC","0","0","TOTAL MOT","-1","N/A","0","false","-1","N/A","0","false",,"false","0","false","988100415.744",,"988100415.744","0","false","true",
"C","A","20240101","2024","52","2024","258","PYF","French Polynesia","M","Import","0","W00","World","0","W00","World","H5","HS","true","2204","Wine of fresh grapes, including fortified wines; grape must other than that of heading no. 2009","4","false","C00","TOTAL CPC","0","0","TOTAL MOT","7","l","2122387.169","true","-1","N/A","0","false","2113703.82","false","0","false","15602318.294",,"15602318.294","2","false","true",
"C","A","20240101","2024","52","2024","268","GEO","Georgia","M","Import","0","W00","World","0","W00","World","H5","HS","true","2204","Wine of fresh grapes, including fortified wines; grape must other than that of heading no. 2009","4","false","C00","TOTAL CPC","0","0","TOTAL MOT","7","l","800338.96","false","7","l","800338.96","false","800338.96","false","0","false","7432579.169",,"7432579.169","0","false","true",
"C","A","20240101","2024","52","2024","270","GMB","Gambia","M","Import","0","W00","World","0","W00","World","H6","HS","true","2204","Wine of fresh grapes, including fortified wines; grape must other than that of heading no. 2009","4","false","C00","TOTAL CPC","0","0","TOTAL MOT","7","l","35802.995","true","-1","N/A","0","false","36621","false","0","false","58658.194",,"58658.194","2","false","true",
"C","A","20240101","2024","52","2024","276","DEU","Germany","M","Import","0","W00","World","0","W00","World","H6","HS","true","2204","Wine of fresh grapes, including fortified wines; grape must other than that of heading no. 2009","4","false","C00","TOTAL CPC","0","0","TOTAL MOT","7","l","1299739069.669","true","-1","N/A","0","false","1299749111.4","true","0","false","2666902895.905",,"2666902895.905","6","false","true",
"C","A","20240101","2024","52","2024","300","GRC","Greece","M","Import","0","W00","World","0","W00","World","H6","HS","true","2204","Wine of fresh grapes, including fortified wines; grape must other than that of heading no. 2009","4","false","C00","TOTAL CPC","0","0","TOTAL MOT","7","l","23396134.463","true","-1","N/A","0","false",,"false","0","false","77818538.721",,"77818538.721","2","false","true",
"C","A","20240101","2024","52","2024","308","GRD","Grenada","M","Import","0","W00","World","0","W00","World","H4","HS","true","2204","Wine of fresh grapes, including fortified wines; grape must other than that of heading no. 2009","4","false","C00","TOTAL CPC","0","0","TOTAL MOT","7","l","1495012.659","true","-1","N/A","0","false","1487425.611","true","0","false","2323821.75",,"2323821.75","6","false","true",
"C","A","20240101","2024","52","2024","320","GTM","Guatemala","M","Import","0","W00","World","0","W00","World","H6","HS","true","2204","Wine of fresh grapes, including fortified wines; grape must other than that of heading no. 2009","4","false","C00","TOTAL CPC","0","0","TOTAL MOT","7","l","7545746.118","true","-1","N/A","0","false","7545066","false","0","false","22686943",,"22686943","2","false","true",
"C","A","20240101","2024","52","2024","328","GUY","Guyana","M","Import","0","W00","World","0","W00","World","H5","HS","true","2204","Wine of fresh grapes, including fortified wines; grape must other than that of heading no. 2009","4","false","C00","TOTAL CPC","0","0","TOTAL MOT","7","l","279857.12","false","7","l","279857.12","false","441823.47","false","0","false","945042.92",,"945042.92","0","false","true",
"C","A","20240101","2024","52","2024","340","HND","Honduras","M","Import","0","W00","World","0","W00","World","H6","HS","true","2204","Wine of fresh grapes, including fortified wines; grape must other than that of heading no. 2009","4","false","C00","TOTAL CPC","0","0","TOTAL MOT","7","l","2648982.217","true","-1","N/A","0","false","2648606.1","false","0","false","6995891.35",,"6995891.35","2","false","true",
"C","A","20240101","2024","52","2024","344","HKG","China, Hong Kong SAR","M","Import","0","W00","World","0","W00","World","H6","HS","true","2204","Wine of fresh grapes, including fortified wines; grape must other than that of heading no. 2009","4","false","C00","TOTAL CPC","0","0","TOTAL MOT","7","l","29224673","false","7","l","29224673","false","29224673","false","0","false","828999930.094",,"828999930.094","0","false","true",
"C","A","20240101","2024","52","2024","348","HUN","Hungary","M","Import","0","W00","World","0","W00","World","H6","HS","true","2204","Wine of fresh grapes, including fortified wines; grape must other than that of heading no. 2009","4","false","C00","TOTAL CPC","0","0","TOTAL MOT","-1","N/A","0","false","-1","N/A","0","false","0","true","0","false","35009230",,"35009230","4","false","true",
"C","A","20240101","2024","52","2024","352","ISL","Iceland","M","Import","0","W00","World","0","W00","World","H6","HS","true","2204","Wine of fresh grapes, including fortified wines; grape must other than that of heading no. 2009","4","false","C00","TOTAL CPC","0","0","TOTAL MOT","7","l","4984064.97","true","-1","N/A","0","false","4722002","false","0","false","32143949.387","30366789.202","32143949.387","2","false","true",
"C","A","20240101","2024","52","2024","360","IDN","Indonesia","M","Import","0","W00","World","0","W00","World","H6","HS","true","2204","Wine of fresh grapes, including fortified wines; grape must other than that of heading no. 2009","4","false","C00","TOTAL CPC","0","0","TOTAL MOT","7","l","3977521.857","true","-1","N/A","0","false","3976951","false","0","false","13056840",,"13056840","2","false","true",
"C","A","20240101","2024","52","2024","372","IRL","Ireland","M","Import","0","W00","World","0","W00","World","H6","HS","true","2204","Wine of fresh grapes, including fortified wines; grape must other than that of heading no. 2009","4","false","C00","TOTAL CPC","0","0","TOTAL MOT","7","l","84011651.033","true","-1","N/A","0","false","106946546.73","true","0","false","357943040.612",,"357943040.612","6","false","true",
"C","A","20240101","2024","52","2024","376","ISR","Israel","M","Import","0","W00","World","0","W00","World","H6","HS","true","2204","Wine of fresh grapes, including fortified wines; grape must other than that of heading no. 2009","4","false","C00","TOTAL CPC","0","0","TOTAL MOT","-1","N/A","0","false","-1","N/A","0","false",,"false","0","false","77633000",,"77633000","0","false","true",
"C","A","20240101","2024","52","2024","380","ITA","Italy","M","Import","0","W00","World","0","W00","World","H6","HS","true","2204","Wine of fresh grapes, including fortified wines; grape must other than that of heading no. 2009","4","false","C00","TOTAL CPC","0","0","TOTAL MOT","7","l","255241498.135","true","-1","N/A","0","false","259154072.613","true","0","false","566883358.558",,"566883358.558","6","false","true",
"C","A","20240101","2024","52","2024","384","CIV","Côte d'Ivoire","M","Import","0","W00","World","0","W00","World","H6","HS","true","2204","Wine of fresh grapes, including fortified wines; grape must other than that of heading no. 2009","4","false","C00","TOTAL CPC","0","0","TOTAL MOT","7","l","64671613.651","true","-1","N/A","0","false","64631099","false","0","false","53419442.471",,"53419442.471","2","false","true",
"C","A","20240101","2024","52","2024","392","JPN","Japan","M","Import","0","W00","World","0","W00","World","H6","HS","true","2204","Wine of fresh grapes, including fortified wines; grape must other than that of heading no. 2009","4","false","C00","TOTAL CPC","0","0","TOTAL MOT","-1","N/A","0","false","-1","N/A","0","false",,"false","0","false","1644449477.057",,"1644449477.057","0","false","true",
"C","A","20240101","2024","52","2024","398","KAZ","Kazakhstan","M","Import","0","W00","World","0","W00","World","H6","HS","true","2204","Wine of fresh grapes, including fortified wines; grape must other than that of heading no. 2009","4","false","C00","TOTAL CPC","0","0","TOTAL MOT","7","l","13493753.3","false","7","l","13493753.3","false","21017527.08","false","0","false","52623614.75",,"52623614.75","0","false","true",
"C","A","20240101","2024","52","2024","404","KEN","Kenya","M","Import","0","W00","World","0","W00","World","H6","HS","true","2204","Wine of fresh grapes, including fortified wines; grape must other than that of heading no. 2009","4","false","C00","TOTAL CPC","0","0","TOTAL MOT","7","l","8055030.18","false","7","l","8055030.18","false","8399649.89","false","0","false","22686924.705",,"22686924.705","0","false","true",
"C","A","20240101","2024","52","2024","410","KOR","Rep. of Korea","M","Import","0","W00","World","0","W00","World","H6","HS","true","2204","Wine of fresh grapes, including fortified wines; grape must other than that of heading no. 2009","4","false","C00","TOTAL CPC","0","0","TOTAL MOT","7","l","51409618.561","true","-1","N/A","0","false","52052194.548","true","0","false","462111925",,"462111925","6","false","true",
"C","A","20240101","2024","52","2024","414","KWT","Kuwait","M","Import","0","W00","World","0","W00","World","H6","HS","true","2204","Wine of fresh grapes, including fortified wines; grape must other than that of heading no. 2009","4","false","C00","TOTAL CPC","0","0","TOTAL MOT","7","l","12984","false","7","l","12984","false","6604","false","0","false","46634",,"46634","0","false","true",
"C","A","20240101","2024","52","2024","417","KGZ","Kyrgyzstan","M","Import","0","W00","World","0","W00","World","H6","HS","true","2204","Wine of fresh grapes, including fortified wines; grape must other than that of heading no. 2009","4","false","C00","TOTAL CPC","0","0","TOTAL MOT","7","l","1263484.548","true","-1","N/A","0","false","1415812","false","0","false","3936051",,"3936051","2","false","true",
"C","A","20240101","2024","52","2024","422","LBN","Lebanon","M","Import","0","W00","World","0","W00","World","H5","HS","true","2204","Wine of fresh grapes, including fortified wines; grape must other than that of heading no. 2009","4","false","C00","TOTAL CPC","0","0","TOTAL MOT","-1","N/A","0","false","-1","N/A","0","false",,"false","0","false","8027252",,"8027252","0","false","true",
"C","A","20240101","2024","52","2024","426","LSO","Lesotho","M","Import","0","W00","World","0","W00","World","H6","HS","true","2204","Wine of fresh grapes, including fortified wines; grape must other than that of heading no. 2009","4","false","C00","TOTAL CPC","0","0","TOTAL MOT","7","l","3965496.25","false","7","l","3965496.25","false","3016908.376","true","0","false","5242744.13",,"5242744.13","4","false","true",
"C","A","20240101","2024","52","2024","428","LVA","Latvia","M","Import","0","W00","World","0","W00","World","H6","HS","true","2204","Wine of fresh grapes, including fortified wines; grape must other than that of heading no. 2009","4","false","C00","TOTAL CPC","0","0","TOTAL MOT","7","l","49606516","false","7","l","49606516","false","49609535.621","true","0","false","172057511.177",,"172057511.177","4","false","true",
"C","A","20240101","2024","52","2024","440","LTU","Lithuania","M","Import","0","W00","World","0","W00","World","H6","HS","true","2204","Wine of fresh grapes, including fortified wines; grape must other than that of heading no. 2009","4","false","C00","TOTAL CPC","0","0","TOTAL MOT","7","l","32110040.078","false","7","l","32110040.078","false","32175966.73","false","0","false","113282605",,"113282605","0","false","true",
"C","A","20240101","2024","52","2024","442","LUX","Luxembourg","M","Import","0","W00","World","0","W00","World","H6","HS","true","2204","Wine of fresh grapes, including fortified wines; grape must other than that of heading no. 2009","4","false","C00","TOTAL CPC","0","0","TOTAL MOT","7","l","20772260.606","true","-1","N/A","0","false","52946634.15","false","0","false","242968474.195","241956317.378","242968474.195","2","false","true",
"C","A","20240101","2024","52","2024","446","MAC","China, Macao SAR","M","Import","0","W00","World","0","W00","World","H6","HS","true","2204","Wine of fresh grapes, including fortified wines; grape must other than that of heading no. 2009","4","false","C00","TOTAL CPC","0","0","TOTAL MOT","7","l","6788470.415","true","-1","N/A","0","false","6986547.95","true","0","false","230207641.959",,"230207641.959","6","false","true",
"C","A","20240101","2024","52","2024","450","MDG","Madagascar","M","Import","0","W00","World","0","W00","World","H6","HS","true","2204","Wine of fresh grapes, including fortified wines; grape must other than that of heading no. 2009","4","false","C00","TOTAL CPC","0","0","TOTAL MOT","7","l","724816.636","true","-1","N/A","0","false","799918.49","false","0","false","1930276.422",,"1930276.422","2","false","true",
"C","A","20240101","2024","52","2024","454","MWI","Malawi","M","Import","0","W00","World","0","W00","World","H6","HS","true","2204","Wine of fresh grapes, including fortified wines; grape must other than that of heading no. 2009","4","false","C00","TOTAL CPC","0","0","TOTAL MOT","7","l","196661","false","7","l","196661","false","279256.5","false","0","false","510563.183",,"510563.183","0","false","true",
"C","A","20240101","2024","52","2024","458","MYS","Malaysia","M","Import","0","W00","World","0","W00","World","H6","HS","true","2204","Wine of fresh grapes, including fortified wines; grape must other than that of heading no. 2009","4","false","C00","TOTAL CPC","0","0","TOTAL MOT","7","l","19430033.167","true","-1","N/A","0","false","19430033.167","true","0","false","101087762.803",,"101087762.803","6","false","true",
"C","A","20240101","2024","52","2024","462","MDV","Maldives","M","Import","0","W00","World","0","W00","World","H6","HS","true","2204","Wine of fresh grapes, including fortified wines; grape must other than that of heading no. 2009","4","false","C00","TOTAL CPC","0","0","TOTAL MOT","7","l","2714643.331","false","7","l","2714643.331","false","2714643.331","false","0","false","15517608.121","15317286.397","15517608.121","0","false","true",
"C","A","20240101","2024","52","2024","470","MLT","Malta","M","Import","0","W00","World","0","W00","World","H6","HS","true","2204","Wine of fresh grapes, including fortified wines; grape must other than that of heading no. 2009","4","false","C00","TOTAL CPC","0","0","TOTAL MOT","7","l","7089230.448","true","-1","N/A","0","false","7253217","false","0","false","29073757.676",,"29073757.676","2","false","true",
"C","A","20240101","2024","52","2024","478","MRT","Mauritania","M","Import","0","W00","World","0","W00","World","H6","HS","true","2204","Wine of fresh grapes, including fortified wines; grape must other than that of heading no. 2009","4","false","C00","TOTAL CPC","0","0","TOTAL MOT","7","l","13890","true","-1","N/A","0","false","13890","false","0","false","53333.725",,"53333.725","2","false","true",
"C","A","20240101","2024","52","2024","480","MUS","Mauritius","M","Import","0","W00","World","0","W00","World","H6","HS","true","2204","Wine of fresh grapes, including fortified wines; grape must other than that of heading no. 2009","4","false","C00","TOTAL CPC","0","0","TOTAL MOT","7","l","3598341","false","7","l","3598341","false","4526658","false","0","false","22011673.171",,"22011673.171","0","false","true",
"C","A","20240101","2024","52","2024","484","MEX","Mexico","M","Import","0","W00","World","0","W00","World","H6","HS","true","2204","Wine of fresh grapes, including fortified wines; grape must other than that of heading no. 2009","4","false","C00","TOTAL CPC","0","0","TOTAL MOT","-1","N/A","0","false","-1","N/A","0","false","0","false","0","false",,"348551435","348551435","0","false","true",
"C","A","20240101","2024","52","2024","490","S19","Other Asia, nes","M","Import","0","W00","World","0","W00","World","H6","HS","true","2204","Wine of fresh grapes, including fortified wines; grape must other than that of heading no. 2009","4","false","C00","TOTAL CPC","0","0","TOTAL MOT","7","l","17885149","false","7","l","17885149","false","17888429","false","0","false","238974796.233",,"238974796.233","0","false","true",
"C","A","20240101","2024","52","2024","498","MDA","Rep. of Moldova","M","Import","0","W00","World","0","W00","World","H6","HS","true","2204","Wine of fresh grapes, including fortified wines; grape must other than that of heading no. 2009","4","false","C00","TOTAL CPC","0","0","TOTAL MOT","7","l","8048923","false","7","l","8048923","false","8542905","false","0","false","12392251",,"12392251","0","false","true",
"C","A","20240101","2024","52","2024","499","MNE","Montenegro","M","Import","0","W00","World","0","W00","World","H6","HS","true","2204","Wine of fresh grapes, including fortified wines; grape must other than that of heading no. 2009","4","false","C00","TOTAL CPC","0","0","TOTAL MOT","7","l","4802570.462","true","-1","N/A","0","false","4838567.551","true","0","false","14791985.737",,"14791985.737","6","false","true",
"C","A","20240101","2024","52","2024","500","MSR","Montserrat","M","Import","0","W00","World","0","W00","World","H5","HS","true","2204","Wine of fresh grapes, including fortified wines; grape must other than that of heading no. 2009","4","false","C00","TOTAL CPC","0","0","TOTAL MOT","7","l","7631.288","true","-1","N/A","0","false","6998.5","false","0","false","71193.263",,"71193.263","2","false","true",
"C","A","20240101","2024","52","2024","504","MAR","Morocco","M","Import","0","W00","World","0","W00","World","H6","HS","true","2204","Wine of fresh grapes, including fortified wines; grape must other than that of heading no. 2009","4","false","C00","TOTAL CPC","0","0","TOTAL MOT","7","l","25035444.14","false","7","l","25035444.14","false","24811621.5","false","0","false","39953351.895",,"39953351.895","0","false","true",
"C","A","20240101","2024","52","2024","508","MOZ","Mozambique","M","Import","0","W00","World","0","W00","World","H6","HS","true","2204","Wine of fresh grapes, including fortified wines; grape must other than that of heading no. 2009","4","false","C00","TOTAL CPC","0","0","TOTAL MOT","7","l","4179177","false","7","l","4179177","false","4179177","false","0","false","8426821.5",,"8426821.5","0","false","true",
"C","A","20240101","2024","52","2024","516","NAM","Namibia","M","Import","0","W00","World","0","W00","World","H6","HS","true","2204","Wine of fresh grapes, including fortified wines; grape must other than that of heading no. 2009","4","false","C00","TOTAL CPC","0","0","TOTAL MOT","7","l","16271642.5","false","7","l","16271642.5","false","19800513.85","false","0","false","52250330.317","49407336.002","52250330.317","0","false","true",
"C","A","20240101","2024","52","2024","528","NLD","Netherlands","M","Import","0","W00","World","0","W00","World","H6","HS","true","2204","Wine of fresh grapes, including fortified wines; grape must other than that of heading no. 2009","4","false","C00","TOTAL CPC","0","0","TOTAL MOT","7","l","388231519.537","true","-1","N/A","0","false","392226664.878","true","0","false","1533638273.644",,"1533638273.644","6","false","true",
"C","A","20240101","2024","52","2024","554","NZL","New Zealand","M","Import","0","W00","World","0","W00","World","H6","HS","true","2204","Wine of fresh grapes, including fortified wines; grape must other than that of heading no. 2009","4","false","C00","TOTAL CPC","0","0","TOTAL MOT","7","l","38746733.998","true","-1","N/A","0","false","38746733.998","true","53806607","false","145885130.511","139967941.403","145885130.511","6","false","true",
"C","A","20240101","2024","52","2024","558","NIC","Nicaragua","M","Import","0","W00","World","0","W00","World","H6","HS","true","2204","Wine of fresh grapes, including fortified wines; grape must other than that of heading no. 2009","4","false","C00","TOTAL CPC","0","0","TOTAL MOT","7","l","973645.846","true","-1","N/A","0","false","971821.3","false","0","false","2658320",,"2658320","2","false","true",
"C","A","20240101","2024","52","2024","562","NER","Niger","M","Import","0","W00","World","0","W00","World","H6","HS","true","2204","Wine of fresh grapes, including fortified wines; grape must other than that of heading no. 2009","4","false","C00","TOTAL CPC","0","0","TOTAL MOT","7","l","250510","true","-1","N/A","0","false","250510","false","0","false","70450.217",,"70450.217","2","false","true",
"C","A","20240101","2024","52","2024","566","NGA","Nigeria","M","Import","0","W00","World","0","W00","World","H6","HS","true","2204","Wine of fresh grapes, including fortified wines; grape must other than that of heading no. 2009","4","false","C00","TOTAL CPC","0","0","TOTAL MOT","7","l","7144140.346","true","-1","N/A","0","false","7147488.97","false","0","false","6207213.267",,"6207213.267","2","false","true",
"C","A","20240101","2024","52","2024","579","NOR","Norway","M","Import","0","W00","World","0","W00","World","H6","HS","true","2204","Wine of fresh grapes, including fortified wines; grape must other than that of heading no. 2009","4","false","C00","TOTAL CPC","0","0","TOTAL MOT","7","l","87111991.399","true","-1","N/A","0","false","87533154.875","true","0","false","498590011.172",,"498590011.172","6","false","true",
"C","A","20240101","2024","52","2024","586","PAK","Pakistan","M","Import","0","W00","World","0","W00","World","H6","HS","true","2204","Wine of fresh grapes, including fortified wines; grape must other than that of heading no. 2009","4","false","C00","TOTAL CPC","0","0","TOTAL MOT","7","l","5302","false","7","l","5302","false","5302","false","0","false","42286.531",,"42286.531","0","false","true",
"C","A","20240101","2024","52","2024","591","PAN","Panama","M","Import","0","W00","World","0","W00","World","H6","HS","true","2204","Wine of fresh grapes, including fortified wines; grape must other than that of heading no. 2009","4","false","C00","TOTAL CPC","0","0","TOTAL MOT","7","l","5012110.949","true","-1","N/A","0","false","5012189.006","true","10009084","false","27072223",,"27072223","6","false","true",
"C","A","20240101","2024","52","2024","600","PRY","Paraguay","M","Import","0","W00","World","0","W00","World","H6","HS","true","2204","Wine of fresh grapes, including fortified wines; grape must other than that of heading no. 2009","4","false","C00","TOTAL CPC","0","0","TOTAL MOT","7","l","14111075.652","true","-1","N/A","0","false","14099271.193","true","0","false",,"38925906.84","38925906.84","6","false","true",
"C","A","20240101","2024","52","2024","604","PER","Peru","M","Import","0","W00","World","0","W00","World","H6","HS","true","2204","Wine of fresh grapes, including fortified wines; grape must other than that of heading no. 2009","4","false","C00","TOTAL CPC","0","0","TOTAL MOT","7","l","11544405.965","true","-1","N/A","0","false","13136214.868","false","0","false","49949241.988","48213922.583","49949241.988","2","false","true",
"C","A","20240101","2024","52","2024","608","PHL","Philippines","M","Import","0","W00","World","0","W00","World","H6","HS","true","2204","Wine of fresh grapes, including fortified wines; grape must other than that of heading no. 2009","4","false","C00","TOTAL CPC","0","0","TOTAL MOT","7","l","11760760.46","false","7","l","11760760.46","false","11760760.46","false","18776336.1","false","39295919","36190464","39295919","0","false","true",
"C","A","20240101","2024","52","2024","616","POL","Poland","M","Import","0","W00","World","0","W00","World","H6","HS","true","2204","Wine of fresh grapes, including fortified wines; grape must other than that of heading no. 2009","4","false","C00","TOTAL CPC","0","0","TOTAL MOT","7","l","146298033","false","7","l","146298033","false","146283452.511","true","0","false","426252781",,"426252781","4","false","true",
"C","A","20240101","2024","52","2024","620","PRT","Portugal","M","Import","0","W00","World","0","W00","World","H6","HS","true","2204","Wine of fresh grapes, including fortified wines; grape must other than that of heading no. 2009","4","false","C00","TOTAL CPC","0","0","TOTAL MOT","7","l","211099304","false","7","l","211099304","false","211634501.343","true","0","false","166568505.107",,"166568505.107","4","false","true",
"C","A","20240101","2024","52","2024","634","QAT","Qatar","M","Import","0","W00","World","0","W00","World","H6","HS","true","2204","Wine of fresh grapes, including fortified wines; grape must other than that of heading no. 2009","4","false","C00","TOTAL CPC","0","0","TOTAL MOT","7","l","1780066.598","true","-1","N/A","0","false","1815633.93","false","0","false","8435654.143",,"8435654.143","2","false","true",
"C","A","20240101","2024","52","2024","642","ROU","Romania","M","Import","0","W00","World","0","W00","World","H6","HS","true","2204","Wine of fresh grapes, including fortified wines; grape must other than that of heading no. 2009","4","false","C00","TOTAL CPC","0","0","TOTAL MOT","7","l","58351607.19","false","7","l","58351607.19","false","57015051.696","true","0","false","143156829.07","137386592.59","143156829.07","4","false","true",
"C","A","20240101","2024","52","2024","686","SEN","Senegal","M","Import","0","W00","World","0","W00","World","H6","HS","true","2204","Wine of fresh grapes, including fortified wines; grape must other than that of heading no. 2009","4","false","C00","TOTAL CPC","0","0","TOTAL MOT","7","l","5641594.839","true","-1","N/A","0","false","5641167","false","0","false","4752691.667",,"4752691.667","2","false","true",
"C","A","20240101","2024","52","2024","688","SRB","Serbia","M","Import","0","W00","World","0","W00","World","H6","HS","true","2204","Wine of fresh grapes, including fortified wines; grape must other than that of heading no. 2009","4","false","C00","TOTAL CPC","0","0","TOTAL MOT","-1","N/A","0","false","-1","N/A","0","false",,"false","0","false","51982249","51380286","51982249","0","false","true",
"C","A","20240101","2024","52","2024","690","SYC","Seychelles","M","Import","0","W00","World","0","W00","World","H6","HS","true","2204","Wine of fresh grapes, including fortified wines; grape must other than that of heading no. 2009","4","false","C00","TOTAL CPC","0","0","TOTAL MOT","7","l","2484945.181","true","-1","N/A","0","false","2482947.69","false","0","false","19094052.084",,"19094052.084","2","false","true",
"C","A","20240101","2024","52","2024","699","IND","India","M","Import","0","W00","World","0","W00","World","H6","HS","true","2204","Wine of fresh grapes, including fortified wines; grape must other than that of heading no. 2009","4","false","C00","TOTAL CPC","0","0","TOTAL MOT","7","l","4779537","false","7","l","4779537","false","4779537","false","0","false","25653791.688",,"25653791.688","0","false","true",
"C","A","20240101","2024","52","2024","702","SGP","Singapore","M","Import","0","W00","World","0","W00","World","H6","HS","true","2204","Wine of fresh grapes, including fortified wines; grape must other than that of heading no. 2009","4","false","C00","TOTAL CPC","0","0","TOTAL MOT","7","l","26897253.207","true","-1","N/A","0","false","26897256.487","true","0","false","703641632.197",,"703641632.197","6","false","true",
"C","A","20240101","2024","52","2024","703","SVK","Slovakia","M","Import","0","W00","World","0","W00","World","H6","HS","true","2204","Wine of fresh grapes, including fortified wines; grape must other than that of heading no. 2009","4","false","C00","TOTAL CPC","0","0","TOTAL MOT","-1","N/A","0","false","-1","N/A","0","false",,"false","0","false","113747510.828","112306529.062","113747510.828","0","false","true",
"C","A","20240101","2024","52","2024","705","SVN","Slovenia","M","Import","0","W00","World","0","W00","World","H6","HS","true","2204","Wine of fresh grapes, including fortified wines; grape must other than that of heading no. 2009","4","false","C00","TOTAL CPC","0","0","TOTAL MOT","7","l","23667840.733","false","7","l","23667840.733","false","35699937.403","false","0","false","35986259.383",,"35986259.383","0","false","true",
"C","A","20240101","2024","52","2024","710","ZAF","South Africa","M","Import","0","W00","World","0","W00","World","H6","HS","true","2204","Wine of fresh grapes, including fortified wines; grape must other than that of heading no. 2009","4","false","C00","TOTAL CPC","0","0","TOTAL MOT","7","l","12919705.46","false","7","l","12919705.46","false","12919705.46","false","0","false",,"56119276.839","56119276.839","0","false","true",
"C","A","20240101","2024","52","2024","716","ZWE","Zimbabwe","M","Import","0","W00","World","0","W00","World","H6","HS","true","2204","Wine of fresh grapes, including fortified wines; grape must other than that of heading no. 2009","4","false","C00","TOTAL CPC","0","0","TOTAL MOT","7","l","4753357.3","true","-1","N/A","0","false","4258317.03","true","0","false","8501829.844",,"8501829.844","6","false","true",
"C","A","20240101","2024","52","2024","724","ESP","Spain","M","Import","0","W00","World","0","W00","World","H6","HS","true","2204","Wine of fresh grapes, including fortified wines; grape must other than that of heading no. 2009","4","false","C00","TOTAL CPC","0","0","TOTAL MOT","7","l","93633790.772","true","-1","N/A","0","false",,"false","0","false","311832830.17",,"311832830.17","2","false","true",
"C","A","20240101","2024","52","2024","740","SUR","Suriname","M","Import","0","W00","World","0","W00","World","H3","HS","true","2204","Wine of fresh grapes, including fortified wines; grape must other than that of heading no. 2009","4","false","C00","TOTAL CPC","0","0","TOTAL MOT","7","l","582790.7","false","7","l","582790.7","false","729678.92","false","919978.32","false","823602.759",,"823602.759","0","false","true",
"C","A","20240101","2024","52","2024","752","SWE","Sweden","M","Import","0","W00","World","0","W00","World","H6","HS","true","2204","Wine of fresh grapes, including fortified wines; grape must other than that of heading no. 2009","4","false","C00","TOTAL CPC","0","0","TOTAL MOT","7","l","189911825.564","true","-1","N/A","0","false","201347110.928","true","0","false","820396897.514",,"820396897.514","6","false","true",
"C","A","20240101","2024","52","2024","757","CHE","Switzerland","M","Import","0","W00","World","0","W00","World","H6","HS","true","2204","Wine of fresh grapes, including fortified wines; grape must other than that of heading no. 2009","4","false","C00","TOTAL CPC","0","0","TOTAL MOT","7","l","166893019.524","true","-1","N/A","0","false","163066347.521","true","0","false","1277753418.484",,"1277753418.484","6","false","true",
"C","A","20240101","2024","52","2024","764","THA","Thailand","M","Import","0","W00","World","0","W00","World","H6","HS","true","2204","Wine of fresh grapes, including fortified wines; grape must other than that of heading no. 2009","4","false","C00","TOTAL CPC","0","0","TOTAL MOT","7","l","18670461.389","true","-1","N/A","0","false","21975265.856","true","0","false","124582914.17",,"124582914.17","6","false","true",
"C","A","20240101","2024","52","2024","768","TGO","Togo","M","Import","0","W00","World","0","W00","World","H5","HS","true","2204","Wine of fresh grapes, including fortified wines; grape must other than that of heading no. 2009","4","false","C00","TOTAL CPC","0","0","TOTAL MOT","7","l","14599826.781","true","-1","N/A","0","false","14598180","false","0","false","11372354.754",,"11372354.754","2","false","true",
"C","A","20240101","2024","52","2024","780","TTO","Trinidad and Tobago","M","Import","0","W00","World","0","W00","World","H4","HS","true","2204","Wine of fresh grapes, including fortified wines; grape must other than that of heading no. 2009","4","false","C00","TOTAL CPC","0","0","TOTAL MOT","7","l","869845.761","true","-1","N/A","0","false","1327298","false","0","false","7145643.898",,"7145643.898","2","false","true",
"C","A","20240101","2024","52","2024","788","TUN","Tunisia","M","Import","0","W00","World","0","W00","World","H6","HS","true","2204","Wine of fresh grapes, including fortified wines; grape must other than that of heading no. 2009","4","false","C00","TOTAL CPC","0","0","TOTAL MOT","7","l","275414.936","true","-1","N/A","0","false","279478.508","true","0","false","1416601.351",,"1416601.351","6","false","true",
"C","A","20240101","2024","52","2024","792","TUR","Türkiye","M","Import","0","W00","World","0","W00","World","H6","HS","true","2204","Wine of fresh grapes, including fortified wines; grape must other than that of heading no. 2009","4","false","C00","TOTAL CPC","0","0","TOTAL MOT","7","l","9815103","false","7","l","9815103","false","9814508","false","0","false","52659231","47317827.42","52659231","0","false","true",
"C","A","20240101","2024","52","2024","800","UGA","Uganda","M","Import","0","W00","World","0","W00","World","H6","HS","true","2204","Wine of fresh grapes, including fortified wines; grape must other than that of heading no. 2009","4","false","C00","TOTAL CPC","0","0","TOTAL MOT","7","l","2624396.4","false","7","l","2624396.4","false","3243237.45","false","0","false","6147135.32",,"6147135.32","0","false","true",
"C","A","20240101","2024","52","2024","804","UKR","Ukraine","M","Import","0","W00","World","0","W00","World","H6","HS","true","2204","Wine of fresh grapes, including fortified wines; grape must other than that of heading no. 2009","4","false","C00","TOTAL CPC","0","0","TOTAL MOT","7","l","56802419.85","false","7","l","56802419.85","false","67920186.42","false","0","false","203805902.09",,"203805902.09","0","false","true",
"C","A","20240101","2024","52","2024","807","MKD","North Macedonia","M","Import","0","W00","World","0","W00","World","H6","HS","true","2204","Wine of fresh grapes, including fortified wines; grape must other than that of heading no. 2009","4","false","C00","TOTAL CPC","0","0","TOTAL MOT","7","l","1711754","false","7","l","1711754","false","1704839","false","0","false","3873645.06",,"3873645.06","0","false","true",
"C","A","20240101","2024","52","2024","818","EGY","Egypt","M","Import","0","W00","World","0","W00","World","H6","HS","true","2204","Wine of fresh grapes, including fortified wines; grape must other than that of heading no. 2009","4","false","C00","TOTAL CPC","0","0","TOTAL MOT","7","l","6047.637","true","-1","N/A","0","false","6181.433","true","0","false","28427.958",,"28427.958","6","false","true",
"C","A","20240101","2024","52","2024","826","GBR","United Kingdom","M","Import","0","W00","World","0","W00","World","H6","HS","true","2204","Wine of fresh grapes, including fortified wines; grape must other than that of heading no. 2009","4","false","C00","TOTAL CPC","0","0","TOTAL MOT","-1","N/A","0","false","-1","N/A","0","false",,"false","0","false","4961819389.326",,"4961819389.326","0","false","true",
"C","A","20240101","2024","52","2024","834","TZA","United Rep. of Tanzania","M","Import","0","W00","World","0","W00","World","H6","HS","true","2204","Wine of fresh grapes, including fortified wines; grape must other than that of heading no. 2009","4","false","C00","TOTAL CPC","0","0","TOTAL MOT","7","l","4584211.6","false","7","l","4584211.6","false","8291049.74","false","0","false","13280388.616",,"13280388.616","0","false","true",
"C","A","20240101","2024","52","2024","842","USA","USA","M","Import","0","W00","World","0","W00","World","H6","HS","true","2204","Wine of fresh grapes, including fortified wines; grape must other than that of heading no. 2009","4","false","C00","TOTAL CPC","0","0","TOTAL MOT","7","l","1226521245.311","true","-1","N/A","0","false","1226522899.949","true","0","false","7106048909","6789901786","7106048909","6","false","true",
"C","A","20240101","2024","52","2024","854","BFA","Burkina Faso","M","Import","0","W00","World","0","W00","World","H6","HS","true","2204","Wine of fresh grapes, including fortified wines; grape must other than that of heading no. 2009","4","false","C00","TOTAL CPC","0","0","TOTAL MOT","7","l","13040086.145","true","-1","N/A","0","false","13547887.535","true","0","false","2840780.868",,"2840780.868","6","false","true",
"C","A","20240101","2024","52","2024","858","URY","Uruguay","M","Import","0","W00","World","0","W00","World","H6","HS","true","2204","Wine of fresh grapes, including fortified wines; grape must other than that of heading no. 2009","4","false","C00","TOTAL CPC","0","0","TOTAL MOT","7","l","4181217.311","true","-1","N/A","0","false","4169107","false","0","false","16471339",,"16471339","2","false","true",
"C","A","20240101","2024","52","2024","860","UZB","Uzbekistan","M","Import","0","W00","World","0","W00","World","H6","HS","true","2204","Wine of fresh grapes, including fortified wines; grape must other than that of heading no. 2009","4","false","C00","TOTAL CPC","0","0","TOTAL MOT","7","l","551792.4","false","7","l","551792.4","false","551792.4","false","0","false","3516793.86",,"3516793.86","0","false","true",
"C","A","20240101","2024","52","2024","882","WSM","Samoa","M","Import","0","W00","World","0","W00","World","H5","HS","true","2204","Wine of fresh grapes, including fortified wines; grape must other than that of heading no. 2009","4","false","C00","TOTAL CPC","0","0","TOTAL MOT","7","l","27098.398","true","-1","N/A","0","false","27098.398","true","0","false","95788.268",,"95788.268","6","false","true",
"C","A","20240101","2024","52","2024","894","ZMB","Zambia","M","Import","0","W00","World","0","W00","World","H6","HS","true","2204","Wine of fresh grapes, including fortified wines; grape must other than that of heading no. 2009","4","false","C00","TOTAL CPC","0","0","TOTAL MOT","7","l","3518466.159","true","-1","N/A","0","false","3669458.81","false","0","false","6232313.912",,"6232313.912","2","false","true",
"C","A","20250101","2025","52","2025","64","BTN","Bhutan","M","Import","0","W00","World","0","W00","World","H6","HS","true","2204","Wine of fresh grapes, including fortified wines; grape must other than that of heading no. 2009","4","false","C00","TOTAL CPC","0","0","TOTAL MOT","7","l","206909.9","false","7","l","206909.9","false","206909.9","false","0","false","475807.583",,"475807.583","0","false","true",
"C","A","20250101","2025","52","2025","76","BRA","Brazil","M","Import","0","W00","World","0","W00","World","H6","HS","true","2204","Wine of fresh grapes, including fortified wines; grape must other than that of heading no. 2009","4","false","C00","TOTAL CPC","0","0","TOTAL MOT","7","l","165087710","false","7","l","165087710","false","165729599","false","0","false","579826336","558712540","579826336","0","false","true",
"C","A","20250101","2025","52","2025","392","JPN","Japan","M","Import","0","W00","World","0","W00","World","H6","HS","true","2204","Wine of fresh grapes, including fortified wines; grape must other than that of heading no. 2009","4","false","C00","TOTAL CPC","0","0","TOTAL MOT","7","l","234418078","false","7","l","234418078","false","234418078","false","0","false","1620310893.906",,"1620310893.906","0","false","true",
"C","A","20250101","2025","52","2025","600","PRY","Paraguay","M","Import","0","W00","World","0","W00","World","H6","HS","true","2204","Wine of fresh grapes, including fortified wines; grape must other than that of heading no. 2009","4","false","C00","TOTAL CPC","0","0","TOTAL MOT","7","l","16042057.365","true","-1","N/A","0","false","16022899.486","true","0","false","44622405.973","41741612.71","44622405.973","6","false","true",
